bed_id,facility_id,bed_type,bed_number,current_status
BED0001,FAC001,General,GEN-001,Available
BED0002,FAC001,General,GEN-002,Available
BED0003,FAC001,General,GEN-003,Maintenance
BED0004,FAC001,General,GEN-004,Available
BED0005,FAC001,General,GEN-005,Available
BED0006,FAC001,General,GEN-006,Available
BED0007,FAC001,General,GEN-007,Available
BED0008,FAC001,General,GEN-008,Available
BED0009,FAC001,General,GEN-009,Available
BED0010,FAC001,General,GEN-010,Available
BED0011,FAC001,General,GEN-011,Available
BED0012,FAC001,General,GEN-012,Available
BED0013,FAC001,General,GEN-013,Available
BED0014,FAC001,General,GEN-014,Available
BED0015,FAC001,General,GEN-015,Available
BED0016,FAC001,General,GEN-016,Available
BED0017,FAC001,General,GEN-017,Available
BED0018,FAC001,General,GEN-018,Available
BED0019,FAC001,General,GEN-019,Available
BED0020,FAC001,General,GEN-020,Available
BED0021,FAC001,General,GEN-021,Available
BED0022,FAC001,General,GEN-022,Available
BED0023,FAC001,General,GEN-023,Available
BED0024,FAC001,General,GEN-024,Available
BED0025,FAC001,General,GEN-025,Available
BED0026,FAC001,General,GEN-026,Available
BED0027,FAC001,General,GEN-027,Available
BED0028,FAC001,General,GEN-028,Available
BED0029,FAC001,General,GEN-029,Available
BED0030,FAC001,General,GEN-030,Available
BED0031,FAC001,General,GEN-031,Available
BED0032,FAC001,General,GEN-032,Available
BED0033,FAC001,General,GEN-033,Available
BED0034,FAC001,General,GEN-034,Available
BED0035,FAC001,General,GEN-035,Available
BED0036,FAC001,General,GEN-036,Available
BED0037,FAC001,General,GEN-037,Available
BED0038,FAC001,General,GEN-038,Available
BED0039,FAC001,General,GEN-039,Available
BED0040,FAC001,General,GEN-040,Available
BED0041,FAC001,General,GEN-041,Available
BED0042,FAC001,General,GEN-042,Available
BED0043,FAC001,General,GEN-043,Available
BED0044,FAC001,General,GEN-044,Available
BED0045,FAC001,General,GEN-045,Maintenance
BED0046,FAC001,General,GEN-046,Available
BED0047,FAC001,General,GEN-047,Available
BED0048,FAC001,General,GEN-048,Available
BED0049,FAC001,General,GEN-049,Available
BED0050,FAC001,General,GEN-050,Available
BED0051,FAC001,General,GEN-051,Available
BED0052,FAC001,General,GEN-052,Available
BED0053,FAC001,General,GEN-053,Available
BED0054,FAC001,General,GEN-054,Available
BED0055,FAC001,General,GEN-055,Available
BED0056,FAC001,General,GEN-056,Available
BED0057,FAC001,General,GEN-057,Available
BED0058,FAC001,General,GEN-058,Available
BED0059,FAC001,General,GEN-059,Available
BED0060,FAC001,General,GEN-060,Available
BED0061,FAC001,General,GEN-061,Available
BED0062,FAC001,General,GEN-062,Available
BED0063,FAC001,General,GEN-063,Available
BED0064,FAC001,General,GEN-064,Available
BED0065,FAC001,General,GEN-065,Available
BED0066,FAC001,General,GEN-066,Available
BED0067,FAC001,General,GEN-067,Available
BED0068,FAC001,General,GEN-068,Available
BED0069,FAC001,General,GEN-069,Available
BED0070,FAC001,General,GEN-070,Available
BED0071,FAC001,General,GEN-071,Available
BED0072,FAC001,General,GEN-072,Available
BED0073,FAC001,General,GEN-073,Available
BED0074,FAC001,General,GEN-074,Available
BED0075,FAC001,General,GEN-075,Available
BED0076,FAC001,General,GEN-076,Available
BED0077,FAC001,General,GEN-077,Available
BED0078,FAC001,General,GEN-078,Available
BED0079,FAC001,General,GEN-079,Available
BED0080,FAC001,General,GEN-080,Available
BED0081,FAC001,General,GEN-081,Available
BED0082,FAC001,General,GEN-082,Available
BED0083,FAC001,General,GEN-083,Available
BED0084,FAC001,General,GEN-084,Available
BED0085,FAC001,General,GEN-085,Available
BED0086,FAC001,General,GEN-086,Available
BED0087,FAC001,General,GEN-087,Available
BED0088,FAC001,General,GEN-088,Available
BED0089,FAC001,Semi-Private,SEM-001,Available
BED0090,FAC001,Semi-Private,SEM-002,Available
BED0091,FAC001,Semi-Private,SEM-003,Available
BED0092,FAC001,Semi-Private,SEM-004,Available
BED0093,FAC001,Semi-Private,SEM-005,Available
BED0094,FAC001,Semi-Private,SEM-006,Available
BED0095,FAC001,Semi-Private,SEM-007,Available
BED0096,FAC001,Semi-Private,SEM-008,Available
BED0097,FAC001,Semi-Private,SEM-009,Available
BED0098,FAC001,Semi-Private,SEM-010,Available
BED0099,FAC001,Semi-Private,SEM-011,Available
BED0100,FAC001,Semi-Private,SEM-012,Available
BED0101,FAC001,Semi-Private,SEM-013,Available
BED0102,FAC001,Semi-Private,SEM-014,Available
BED0103,FAC001,Semi-Private,SEM-015,Available
BED0104,FAC001,Semi-Private,SEM-016,Available
BED0105,FAC001,Semi-Private,SEM-017,Available
BED0106,FAC001,Semi-Private,SEM-018,Available
BED0107,FAC001,Semi-Private,SEM-019,Available
BED0108,FAC001,Semi-Private,SEM-020,Available
BED0109,FAC001,Semi-Private,SEM-021,Available
BED0110,FAC001,Semi-Private,SEM-022,Available
BED0111,FAC001,Semi-Private,SEM-023,Available
BED0112,FAC001,Semi-Private,SEM-024,Available
BED0113,FAC001,Semi-Private,SEM-025,Available
BED0114,FAC001,Semi-Private,SEM-026,Available
BED0115,FAC001,Semi-Private,SEM-027,Available
BED0116,FAC001,Semi-Private,SEM-028,Available
BED0117,FAC001,Semi-Private,SEM-029,Available
BED0118,FAC001,Semi-Private,SEM-030,Available
BED0119,FAC001,Semi-Private,SEM-031,Available
BED0120,FAC001,Semi-Private,SEM-032,Available
BED0121,FAC001,Semi-Private,SEM-033,Available
BED0122,FAC001,Semi-Private,SEM-034,Available
BED0123,FAC001,Semi-Private,SEM-035,Available
BED0124,FAC001,Semi-Private,SEM-036,Available
BED0125,FAC001,Semi-Private,SEM-037,Available
BED0126,FAC001,Semi-Private,SEM-038,Available
BED0127,FAC001,Semi-Private,SEM-039,Available
BED0128,FAC001,Semi-Private,SEM-040,Available
BED0129,FAC001,Semi-Private,SEM-041,Available
BED0130,FAC001,Semi-Private,SEM-042,Available
BED0131,FAC001,Semi-Private,SEM-043,Available
BED0132,FAC001,Semi-Private,SEM-044,Available
BED0133,FAC001,Private,PRI-001,Available
BED0134,FAC001,Private,PRI-002,Available
BED0135,FAC001,Private,PRI-003,Available
BED0136,FAC001,Private,PRI-004,Maintenance
BED0137,FAC001,Private,PRI-005,Available
BED0138,FAC001,Private,PRI-006,Available
BED0139,FAC001,Private,PRI-007,Available
BED0140,FAC001,Private,PRI-008,Available
BED0141,FAC001,Private,PRI-009,Available
BED0142,FAC001,Private,PRI-010,Available
BED0143,FAC001,Private,PRI-011,Available
BED0144,FAC001,Private,PRI-012,Available
BED0145,FAC001,Private,PRI-013,Available
BED0146,FAC001,Private,PRI-014,Available
BED0147,FAC001,Private,PRI-015,Available
BED0148,FAC001,Private,PRI-016,Available
BED0149,FAC001,Private,PRI-017,Available
BED0150,FAC001,Private,PRI-018,Available
BED0151,FAC001,Private,PRI-019,Available
BED0152,FAC001,Private,PRI-020,Available
BED0153,FAC001,Private,PRI-021,Available
BED0154,FAC001,Private,PRI-022,Available
BED0155,FAC001,Private,PRI-023,Available
BED0156,FAC001,Private,PRI-024,Available
BED0157,FAC001,Private,PRI-025,Available
BED0158,FAC001,Private,PRI-026,Available
BED0159,FAC001,Private,PRI-027,Available
BED0160,FAC001,Private,PRI-028,Available
BED0161,FAC001,Private,PRI-029,Available
BED0162,FAC001,Private,PRI-030,Available
BED0163,FAC001,Private,PRI-031,Available
BED0164,FAC001,ICU,ICU-001,Available
BED0165,FAC001,ICU,ICU-002,Available
BED0166,FAC001,ICU,ICU-003,Available
BED0167,FAC001,ICU,ICU-004,Available
BED0168,FAC001,ICU,ICU-005,Available
BED0169,FAC001,ICU,ICU-006,Available
BED0170,FAC001,ICU,ICU-007,Available
BED0171,FAC001,ICU,ICU-008,Available
BED0172,FAC001,ICU,ICU-009,Available
BED0173,FAC001,ICU,ICU-010,Available
BED0174,FAC001,ICU,ICU-011,Available
BED0175,FAC001,ICU,ICU-012,Available
BED0176,FAC001,Emergency,EME-001,Available
BED0177,FAC001,Emergency,EME-002,Available
BED0178,FAC001,Emergency,EME-003,Available
BED0179,FAC001,Emergency,EME-004,Available
BED0180,FAC001,Emergency,EME-005,Available
BED0181,FAC001,Emergency,EME-006,Available
BED0182,FAC001,Emergency,EME-007,Available
BED0183,FAC001,Emergency,EME-008,Available
BED0184,FAC001,Emergency,EME-009,Available
BED0185,FAC001,Emergency,EME-010,Available
BED0186,FAC001,Emergency,EME-011,Available
BED0187,FAC001,Emergency,EME-012,Available
BED0188,FAC001,Emergency,EME-013,Available
BED0189,FAC001,Emergency,EME-014,Available
BED0190,FAC001,Emergency,EME-015,Available
BED0191,FAC002,General,GEN-001,Maintenance
BED0192,FAC002,General,GEN-002,Available
BED0193,FAC002,General,GEN-003,Available
BED0194,FAC002,General,GEN-004,Available
BED0195,FAC002,General,GEN-005,Available
BED0196,FAC002,General,GEN-006,Available
BED0197,FAC002,General,GEN-007,Available
BED0198,FAC002,General,GEN-008,Available
BED0199,FAC002,General,GEN-009,Available
BED0200,FAC002,General,GEN-010,Available
BED0201,FAC002,General,GEN-011,Available
BED0202,FAC002,General,GEN-012,Available
BED0203,FAC002,General,GEN-013,Available
BED0204,FAC002,General,GEN-014,Available
BED0205,FAC002,General,GEN-015,Available
BED0206,FAC002,General,GEN-016,Available
BED0207,FAC002,General,GEN-017,Available
BED0208,FAC002,General,GEN-018,Available
BED0209,FAC002,General,GEN-019,Available
BED0210,FAC002,General,GEN-020,Available
BED0211,FAC002,General,GEN-021,Available
BED0212,FAC002,General,GEN-022,Available
BED0213,FAC002,General,GEN-023,Available
BED0214,FAC002,General,GEN-024,Available
BED0215,FAC002,General,GEN-025,Available
BED0216,FAC002,General,GEN-026,Available
BED0217,FAC002,General,GEN-027,Available
BED0218,FAC002,General,GEN-028,Available
BED0219,FAC002,General,GEN-029,Available
BED0220,FAC002,General,GEN-030,Available
BED0221,FAC002,General,GEN-031,Available
BED0222,FAC002,General,GEN-032,Available
BED0223,FAC002,General,GEN-033,Available
BED0224,FAC002,General,GEN-034,Available
BED0225,FAC002,General,GEN-035,Available
BED0226,FAC002,General,GEN-036,Available
BED0227,FAC002,General,GEN-037,Available
BED0228,FAC002,General,GEN-038,Available
BED0229,FAC002,General,GEN-039,Available
BED0230,FAC002,General,GEN-040,Available
BED0231,FAC002,General,GEN-041,Available
BED0232,FAC002,General,GEN-042,Available
BED0233,FAC002,General,GEN-043,Available
BED0234,FAC002,General,GEN-044,Available
BED0235,FAC002,General,GEN-045,Available
BED0236,FAC002,General,GEN-046,Available
BED0237,FAC002,General,GEN-047,Maintenance
BED0238,FAC002,General,GEN-048,Available
BED0239,FAC002,General,GEN-049,Available
BED0240,FAC002,General,GEN-050,Available
BED0241,FAC002,General,GEN-051,Available
BED0242,FAC002,General,GEN-052,Available
BED0243,FAC002,Semi-Private,SEM-001,Available
BED0244,FAC002,Semi-Private,SEM-002,Available
BED0245,FAC002,Semi-Private,SEM-003,Available
BED0246,FAC002,Semi-Private,SEM-004,Available
BED0247,FAC002,Semi-Private,SEM-005,Available
BED0248,FAC002,Semi-Private,SEM-006,Available
BED0249,FAC002,Semi-Private,SEM-007,Available
BED0250,FAC002,Semi-Private,SEM-008,Available
BED0251,FAC002,Semi-Private,SEM-009,Available
BED0252,FAC002,Semi-Private,SEM-010,Available
BED0253,FAC002,Semi-Private,SEM-011,Available
BED0254,FAC002,Semi-Private,SEM-012,Available
BED0255,FAC002,Semi-Private,SEM-013,Available
BED0256,FAC002,Semi-Private,SEM-014,Available
BED0257,FAC002,Semi-Private,SEM-015,Available
BED0258,FAC002,Semi-Private,SEM-016,Maintenance
BED0259,FAC002,Semi-Private,SEM-017,Available
BED0260,FAC002,Semi-Private,SEM-018,Available
BED0261,FAC002,Semi-Private,SEM-019,Available
BED0262,FAC002,Semi-Private,SEM-020,Available
BED0263,FAC002,Semi-Private,SEM-021,Available
BED0264,FAC002,Semi-Private,SEM-022,Available
BED0265,FAC002,Semi-Private,SEM-023,Available
BED0266,FAC002,Semi-Private,SEM-024,Available
BED0267,FAC002,Semi-Private,SEM-025,Available
BED0268,FAC002,Semi-Private,SEM-026,Available
BED0269,FAC002,Private,PRI-001,Available
BED0270,FAC002,Private,PRI-002,Available
BED0271,FAC002,Private,PRI-003,Available
BED0272,FAC002,Private,PRI-004,Available
BED0273,FAC002,Private,PRI-005,Available
BED0274,FAC002,Private,PRI-006,Available
BED0275,FAC002,Private,PRI-007,Available
BED0276,FAC002,Private,PRI-008,Available
BED0277,FAC002,Private,PRI-009,Available
BED0278,FAC002,Private,PRI-010,Available
BED0279,FAC002,Private,PRI-011,Available
BED0280,FAC002,Private,PRI-012,Available
BED0281,FAC002,Private,PRI-013,Available
BED0282,FAC002,Private,PRI-014,Available
BED0283,FAC002,Private,PRI-015,Available
BED0284,FAC002,Private,PRI-016,Available
BED0285,FAC002,Private,PRI-017,Available
BED0286,FAC002,Private,PRI-018,Available
BED0287,FAC002,Private,PRI-019,Available
BED0288,FAC002,ICU,ICU-001,Available
BED0289,FAC002,ICU,ICU-002,Available
BED0290,FAC002,ICU,ICU-003,Available
BED0291,FAC002,ICU,ICU-004,Available
BED0292,FAC002,ICU,ICU-005,Available
BED0293,FAC002,ICU,ICU-006,Available
BED0294,FAC002,ICU,ICU-007,Available
BED0295,FAC002,ICU,ICU-008,Available
BED0296,FAC002,Emergency,EME-001,Available
BED0297,FAC002,Emergency,EME-002,Available
BED0298,FAC002,Emergency,EME-003,Available
BED0299,FAC002,Emergency,EME-004,Available
BED0300,FAC002,Emergency,EME-005,Available
BED0301,FAC002,Emergency,EME-006,Available
BED0302,FAC002,Emergency,EME-007,Available
BED0303,FAC002,Emergency,EME-008,Available
BED0304,FAC002,Emergency,EME-009,Available
BED0305,FAC003,General,GEN-001,Available
BED0306,FAC003,General,GEN-002,Available
BED0307,FAC003,General,GEN-003,Available
BED0308,FAC003,General,GEN-004,Available
BED0309,FAC003,General,GEN-005,Available
BED0310,FAC003,General,GEN-006,Available
BED0311,FAC003,General,GEN-007,Available
BED0312,FAC003,General,GEN-008,Available
BED0313,FAC003,General,GEN-009,Available
BED0314,FAC003,General,GEN-010,Available
BED0315,FAC003,General,GEN-011,Available
BED0316,FAC003,General,GEN-012,Available
BED0317,FAC003,General,GEN-013,Available
BED0318,FAC003,General,GEN-014,Available
BED0319,FAC003,General,GEN-015,Available
BED0320,FAC003,General,GEN-016,Available
BED0321,FAC003,General,GEN-017,Available
BED0322,FAC003,General,GEN-018,Available
BED0323,FAC003,General,GEN-019,Available
BED0324,FAC003,General,GEN-020,Available
BED0325,FAC003,General,GEN-021,Available
BED0326,FAC003,General,GEN-022,Available
BED0327,FAC003,General,GEN-023,Available
BED0328,FAC003,General,GEN-024,Available
BED0329,FAC003,General,GEN-025,Maintenance
BED0330,FAC003,General,GEN-026,Available
BED0331,FAC003,General,GEN-027,Available
BED0332,FAC003,General,GEN-028,Available
BED0333,FAC003,General,GEN-029,Available
BED0334,FAC003,General,GEN-030,Available
BED0335,FAC003,General,GEN-031,Available
BED0336,FAC003,General,GEN-032,Available
BED0337,FAC003,General,GEN-033,Available
BED0338,FAC003,General,GEN-034,Available
BED0339,FAC003,General,GEN-035,Available
BED0340,FAC003,General,GEN-036,Available
BED0341,FAC003,General,GEN-037,Available
BED0342,FAC003,General,GEN-038,Available
BED0343,FAC003,General,GEN-039,Available
BED0344,FAC003,General,GEN-040,Available
BED0345,FAC003,General,GEN-041,Available
BED0346,FAC003,General,GEN-042,Available
BED0347,FAC003,General,GEN-043,Available
BED0348,FAC003,General,GEN-044,Available
BED0349,FAC003,General,GEN-045,Available
BED0350,FAC003,General,GEN-046,Available
BED0351,FAC003,General,GEN-047,Available
BED0352,FAC003,General,GEN-048,Available
BED0353,FAC003,General,GEN-049,Available
BED0354,FAC003,General,GEN-050,Available
BED0355,FAC003,General,GEN-051,Available
BED0356,FAC003,General,GEN-052,Available
BED0357,FAC003,General,GEN-053,Available
BED0358,FAC003,General,GEN-054,Available
BED0359,FAC003,General,GEN-055,Available
BED0360,FAC003,General,GEN-056,Available
BED0361,FAC003,General,GEN-057,Available
BED0362,FAC003,General,GEN-058,Available
BED0363,FAC003,General,GEN-059,Available
BED0364,FAC003,General,GEN-060,Available
BED0365,FAC003,Semi-Private,SEM-001,Available
BED0366,FAC003,Semi-Private,SEM-002,Available
BED0367,FAC003,Semi-Private,SEM-003,Available
BED0368,FAC003,Semi-Private,SEM-004,Available
BED0369,FAC003,Semi-Private,SEM-005,Available
BED0370,FAC003,Semi-Private,SEM-006,Available
BED0371,FAC003,Semi-Private,SEM-007,Maintenance
BED0372,FAC003,Semi-Private,SEM-008,Available
BED0373,FAC003,Semi-Private,SEM-009,Available
BED0374,FAC003,Semi-Private,SEM-010,Available
BED0375,FAC003,Semi-Private,SEM-011,Maintenance
BED0376,FAC003,Semi-Private,SEM-012,Maintenance
BED0377,FAC003,Semi-Private,SEM-013,Available
BED0378,FAC003,Semi-Private,SEM-014,Available
BED0379,FAC003,Semi-Private,SEM-015,Available
BED0380,FAC003,Semi-Private,SEM-016,Available
BED0381,FAC003,Semi-Private,SEM-017,Available
BED0382,FAC003,Semi-Private,SEM-018,Available
BED0383,FAC003,Semi-Private,SEM-019,Available
BED0384,FAC003,Semi-Private,SEM-020,Available
BED0385,FAC003,Semi-Private,SEM-021,Available
BED0386,FAC003,Semi-Private,SEM-022,Available
BED0387,FAC003,Semi-Private,SEM-023,Available
BED0388,FAC003,Semi-Private,SEM-024,Available
BED0389,FAC003,Semi-Private,SEM-025,Available
BED0390,FAC003,Semi-Private,SEM-026,Available
BED0391,FAC003,Semi-Private,SEM-027,Available
BED0392,FAC003,Semi-Private,SEM-028,Available
BED0393,FAC003,Semi-Private,SEM-029,Available
BED0394,FAC003,Semi-Private,SEM-030,Available
BED0395,FAC003,Private,PRI-001,Available
BED0396,FAC003,Private,PRI-002,Available
BED0397,FAC003,Private,PRI-003,Available
BED0398,FAC003,Private,PRI-004,Available
BED0399,FAC003,Private,PRI-005,Available
BED0400,FAC003,Private,PRI-006,Available
BED0401,FAC003,Private,PRI-007,Available
BED0402,FAC003,Private,PRI-008,Available
BED0403,FAC003,Private,PRI-009,Available
BED0404,FAC003,Private,PRI-010,Available
BED0405,FAC003,Private,PRI-011,Available
BED0406,FAC003,Private,PRI-012,Available
BED0407,FAC003,Private,PRI-013,Available
BED0408,FAC003,Private,PRI-014,Available
BED0409,FAC003,Private,PRI-015,Available
BED0410,FAC003,Private,PRI-016,Available
BED0411,FAC003,Private,PRI-017,Available
BED0412,FAC003,Private,PRI-018,Maintenance
BED0413,FAC003,Private,PRI-019,Available
BED0414,FAC003,Private,PRI-020,Available
BED0415,FAC003,Private,PRI-021,Available
BED0416,FAC003,ICU,ICU-001,Available
BED0417,FAC003,ICU,ICU-002,Available
BED0418,FAC003,ICU,ICU-003,Available
BED0419,FAC003,ICU,ICU-004,Available
BED0420,FAC003,ICU,ICU-005,Available
BED0421,FAC003,ICU,ICU-006,Available
BED0422,FAC003,ICU,ICU-007,Available
BED0423,FAC003,ICU,ICU-008,Available
BED0424,FAC003,Emergency,EME-001,Available
BED0425,FAC003,Emergency,EME-002,Available
BED0426,FAC003,Emergency,EME-003,Available
BED0427,FAC003,Emergency,EME-004,Available
BED0428,FAC003,Emergency,EME-005,Available
BED0429,FAC003,Emergency,EME-006,Available
BED0430,FAC003,Emergency,EME-007,Available
BED0431,FAC003,Emergency,EME-008,Available
BED0432,FAC003,Emergency,EME-009,Available
BED0433,FAC003,Emergency,EME-010,Available
BED0434,FAC004,General,GEN-001,Available
BED0435,FAC004,General,GEN-002,Available
BED0436,FAC004,General,GEN-003,Available
BED0437,FAC004,General,GEN-004,Available
BED0438,FAC004,General,GEN-005,Available
BED0439,FAC004,General,GEN-006,Available
BED0440,FAC004,General,GEN-007,Available
BED0441,FAC004,General,GEN-008,Available
BED0442,FAC004,General,GEN-009,Available
BED0443,FAC004,General,GEN-010,Available
BED0444,FAC004,General,GEN-011,Available
BED0445,FAC004,General,GEN-012,Available
BED0446,FAC004,General,GEN-013,Available
BED0447,FAC004,General,GEN-014,Available
BED0448,FAC004,General,GEN-015,Available
BED0449,FAC004,General,GEN-016,Available
BED0450,FAC004,General,GEN-017,Available
BED0451,FAC004,General,GEN-018,Maintenance
BED0452,FAC004,General,GEN-019,Available
BED0453,FAC004,General,GEN-020,Available
BED0454,FAC004,General,GEN-021,Available
BED0455,FAC004,General,GEN-022,Available
BED0456,FAC004,General,GEN-023,Available
BED0457,FAC004,General,GEN-024,Available
BED0458,FAC004,General,GEN-025,Available
BED0459,FAC004,General,GEN-026,Available
BED0460,FAC004,General,GEN-027,Available
BED0461,FAC004,General,GEN-028,Available
BED0462,FAC004,General,GEN-029,Available
BED0463,FAC004,General,GEN-030,Available
BED0464,FAC004,General,GEN-031,Available
BED0465,FAC004,General,GEN-032,Available
BED0466,FAC004,General,GEN-033,Available
BED0467,FAC004,General,GEN-034,Available
BED0468,FAC004,General,GEN-035,Available
BED0469,FAC004,General,GEN-036,Available
BED0470,FAC004,General,GEN-037,Available
BED0471,FAC004,General,GEN-038,Available
BED0472,FAC004,General,GEN-039,Available
BED0473,FAC004,General,GEN-040,Available
BED0474,FAC004,General,GEN-041,Available
BED0475,FAC004,General,GEN-042,Available
BED0476,FAC004,General,GEN-043,Available
BED0477,FAC004,General,GEN-044,Available
BED0478,FAC004,General,GEN-045,Available
BED0479,FAC004,General,GEN-046,Available
BED0480,FAC004,General,GEN-047,Available
BED0481,FAC004,General,GEN-048,Available
BED0482,FAC004,General,GEN-049,Available
BED0483,FAC004,General,GEN-050,Available
BED0484,FAC004,General,GEN-051,Available
BED0485,FAC004,General,GEN-052,Available
BED0486,FAC004,General,GEN-053,Available
BED0487,FAC004,General,GEN-054,Available
BED0488,FAC004,General,GEN-055,Maintenance
BED0489,FAC004,General,GEN-056,Available
BED0490,FAC004,General,GEN-057,Available
BED0491,FAC004,General,GEN-058,Available
BED0492,FAC004,General,GEN-059,Available
BED0493,FAC004,General,GEN-060,Available
BED0494,FAC004,General,GEN-061,Available
BED0495,FAC004,General,GEN-062,Available
BED0496,FAC004,General,GEN-063,Available
BED0497,FAC004,General,GEN-064,Available
BED0498,FAC004,General,GEN-065,Available
BED0499,FAC004,General,GEN-066,Available
BED0500,FAC004,General,GEN-067,Available
BED0501,FAC004,General,GEN-068,Available
BED0502,FAC004,General,GEN-069,Available
BED0503,FAC004,General,GEN-070,Available
BED0504,FAC004,General,GEN-071,Available
BED0505,FAC004,General,GEN-072,Available
BED0506,FAC004,General,GEN-073,Available
BED0507,FAC004,General,GEN-074,Maintenance
BED0508,FAC004,General,GEN-075,Available
BED0509,FAC004,General,GEN-076,Available
BED0510,FAC004,General,GEN-077,Available
BED0511,FAC004,Semi-Private,SEM-001,Available
BED0512,FAC004,Semi-Private,SEM-002,Available
BED0513,FAC004,Semi-Private,SEM-003,Available
BED0514,FAC004,Semi-Private,SEM-004,Available
BED0515,FAC004,Semi-Private,SEM-005,Available
BED0516,FAC004,Semi-Private,SEM-006,Available
BED0517,FAC004,Semi-Private,SEM-007,Available
BED0518,FAC004,Semi-Private,SEM-008,Available
BED0519,FAC004,Semi-Private,SEM-009,Available
BED0520,FAC004,Semi-Private,SEM-010,Available
BED0521,FAC004,Semi-Private,SEM-011,Available
BED0522,FAC004,Semi-Private,SEM-012,Available
BED0523,FAC004,Semi-Private,SEM-013,Available
BED0524,FAC004,Semi-Private,SEM-014,Available
BED0525,FAC004,Semi-Private,SEM-015,Available
BED0526,FAC004,Semi-Private,SEM-016,Available
BED0527,FAC004,Semi-Private,SEM-017,Available
BED0528,FAC004,Semi-Private,SEM-018,Available
BED0529,FAC004,Semi-Private,SEM-019,Available
BED0530,FAC004,Semi-Private,SEM-020,Available
BED0531,FAC004,Semi-Private,SEM-021,Available
BED0532,FAC004,Semi-Private,SEM-022,Maintenance
BED0533,FAC004,Semi-Private,SEM-023,Available
BED0534,FAC004,Semi-Private,SEM-024,Available
BED0535,FAC004,Semi-Private,SEM-025,Available
BED0536,FAC004,Semi-Private,SEM-026,Available
BED0537,FAC004,Semi-Private,SEM-027,Available
BED0538,FAC004,Semi-Private,SEM-028,Available
BED0539,FAC004,Semi-Private,SEM-029,Available
BED0540,FAC004,Semi-Private,SEM-030,Available
BED0541,FAC004,Semi-Private,SEM-031,Available
BED0542,FAC004,Semi-Private,SEM-032,Available
BED0543,FAC004,Semi-Private,SEM-033,Available
BED0544,FAC004,Semi-Private,SEM-034,Available
BED0545,FAC004,Semi-Private,SEM-035,Available
BED0546,FAC004,Semi-Private,SEM-036,Available
BED0547,FAC004,Semi-Private,SEM-037,Available
BED0548,FAC004,Semi-Private,SEM-038,Available
BED0549,FAC004,Private,PRI-001,Available
BED0550,FAC004,Private,PRI-002,Available
BED0551,FAC004,Private,PRI-003,Maintenance
BED0552,FAC004,Private,PRI-004,Available
BED0553,FAC004,Private,PRI-005,Available
BED0554,FAC004,Private,PRI-006,Maintenance
BED0555,FAC004,Private,PRI-007,Available
BED0556,FAC004,Private,PRI-008,Available
BED0557,FAC004,Private,PRI-009,Available
BED0558,FAC004,Private,PRI-010,Available
BED0559,FAC004,Private,PRI-011,Available
BED0560,FAC004,Private,PRI-012,Available
BED0561,FAC004,Private,PRI-013,Available
BED0562,FAC004,Private,PRI-014,Available
BED0563,FAC004,Private,PRI-015,Available
BED0564,FAC004,Private,PRI-016,Available
BED0565,FAC004,Private,PRI-017,Available
BED0566,FAC004,Private,PRI-018,Available
BED0567,FAC004,Private,PRI-019,Available
BED0568,FAC004,Private,PRI-020,Available
BED0569,FAC004,Private,PRI-021,Available
BED0570,FAC004,Private,PRI-022,Available
BED0571,FAC004,Private,PRI-023,Available
BED0572,FAC004,Private,PRI-024,Available
BED0573,FAC004,Private,PRI-025,Available
BED0574,FAC004,Private,PRI-026,Available
BED0575,FAC004,Private,PRI-027,Available
BED0576,FAC004,Private,PRI-028,Available
BED0577,FAC004,ICU,ICU-001,Available
BED0578,FAC004,ICU,ICU-002,Available
BED0579,FAC004,ICU,ICU-003,Available
BED0580,FAC004,ICU,ICU-004,Available
BED0581,FAC004,ICU,ICU-005,Available
BED0582,FAC004,ICU,ICU-006,Available
BED0583,FAC004,ICU,ICU-007,Available
BED0584,FAC004,ICU,ICU-008,Available
BED0585,FAC004,ICU,ICU-009,Available
BED0586,FAC004,ICU,ICU-010,Available
BED0587,FAC004,ICU,ICU-011,Available
BED0588,FAC004,Emergency,EME-001,Available
BED0589,FAC004,Emergency,EME-002,Available
BED0590,FAC004,Emergency,EME-003,Available
BED0591,FAC004,Emergency,EME-004,Available
BED0592,FAC004,Emergency,EME-005,Available
BED0593,FAC004,Emergency,EME-006,Available
BED0594,FAC004,Emergency,EME-007,Available
BED0595,FAC004,Emergency,EME-008,Available
BED0596,FAC004,Emergency,EME-009,Available
BED0597,FAC004,Emergency,EME-010,Available
BED0598,FAC004,Emergency,EME-011,Available
BED0599,FAC004,Emergency,EME-012,Available
BED0600,FAC004,Emergency,EME-013,Available
BED0601,FAC005,General,GEN-001,Available
BED0602,FAC005,General,GEN-002,Available
BED0603,FAC005,General,GEN-003,Available
BED0604,FAC005,General,GEN-004,Available
BED0605,FAC005,General,GEN-005,Available
BED0606,FAC005,General,GEN-006,Available
BED0607,FAC005,General,GEN-007,Available
BED0608,FAC005,General,GEN-008,Available
BED0609,FAC005,General,GEN-009,Available
BED0610,FAC005,General,GEN-010,Available
BED0611,FAC005,General,GEN-011,Available
BED0612,FAC005,General,GEN-012,Available
BED0613,FAC005,General,GEN-013,Available
BED0614,FAC005,General,GEN-014,Available
BED0615,FAC005,General,GEN-015,Available
BED0616,FAC005,General,GEN-016,Available
BED0617,FAC005,General,GEN-017,Available
BED0618,FAC005,General,GEN-018,Available
BED0619,FAC005,General,GEN-019,Available
BED0620,FAC005,General,GEN-020,Available
BED0621,FAC005,General,GEN-021,Available
BED0622,FAC005,General,GEN-022,Available
BED0623,FAC005,General,GEN-023,Available
BED0624,FAC005,General,GEN-024,Available
BED0625,FAC005,General,GEN-025,Available
BED0626,FAC005,General,GEN-026,Available
BED0627,FAC005,General,GEN-027,Available
BED0628,FAC005,General,GEN-028,Available
BED0629,FAC005,General,GEN-029,Available
BED0630,FAC005,General,GEN-030,Available
BED0631,FAC005,General,GEN-031,Available
BED0632,FAC005,General,GEN-032,Available
BED0633,FAC005,General,GEN-033,Available
BED0634,FAC005,General,GEN-034,Available
BED0635,FAC005,General,GEN-035,Available
BED0636,FAC005,General,GEN-036,Available
BED0637,FAC005,General,GEN-037,Available
BED0638,FAC005,General,GEN-038,Available
BED0639,FAC005,General,GEN-039,Available
BED0640,FAC005,General,GEN-040,Available
BED0641,FAC005,General,GEN-041,Available
BED0642,FAC005,General,GEN-042,Available
BED0643,FAC005,General,GEN-043,Available
BED0644,FAC005,General,GEN-044,Available
BED0645,FAC005,General,GEN-045,Available
BED0646,FAC005,General,GEN-046,Available
BED0647,FAC005,General,GEN-047,Available
BED0648,FAC005,General,GEN-048,Available
BED0649,FAC005,General,GEN-049,Available
BED0650,FAC005,General,GEN-050,Available
BED0651,FAC005,General,GEN-051,Available
BED0652,FAC005,General,GEN-052,Available
BED0653,FAC005,General,GEN-053,Available
BED0654,FAC005,General,GEN-054,Available
BED0655,FAC005,General,GEN-055,Available
BED0656,FAC005,General,GEN-056,Available
BED0657,FAC005,General,GEN-057,Available
BED0658,FAC005,General,GEN-058,Available
BED0659,FAC005,General,GEN-059,Available
BED0660,FAC005,General,GEN-060,Available
BED0661,FAC005,General,GEN-061,Available
BED0662,FAC005,General,GEN-062,Available
BED0663,FAC005,General,GEN-063,Available
BED0664,FAC005,General,GEN-064,Available
BED0665,FAC005,General,GEN-065,Available
BED0666,FAC005,General,GEN-066,Available
BED0667,FAC005,General,GEN-067,Available
BED0668,FAC005,General,GEN-068,Available
BED0669,FAC005,General,GEN-069,Available
BED0670,FAC005,General,GEN-070,Available
BED0671,FAC005,Semi-Private,SEM-001,Available
BED0672,FAC005,Semi-Private,SEM-002,Available
BED0673,FAC005,Semi-Private,SEM-003,Available
BED0674,FAC005,Semi-Private,SEM-004,Available
BED0675,FAC005,Semi-Private,SEM-005,Available
BED0676,FAC005,Semi-Private,SEM-006,Available
BED0677,FAC005,Semi-Private,SEM-007,Available
BED0678,FAC005,Semi-Private,SEM-008,Available
BED0679,FAC005,Semi-Private,SEM-009,Available
BED0680,FAC005,Semi-Private,SEM-010,Available
BED0681,FAC005,Semi-Private,SEM-011,Available
BED0682,FAC005,Semi-Private,SEM-012,Available
BED0683,FAC005,Semi-Private,SEM-013,Available
BED0684,FAC005,Semi-Private,SEM-014,Available
BED0685,FAC005,Semi-Private,SEM-015,Available
BED0686,FAC005,Semi-Private,SEM-016,Available
BED0687,FAC005,Semi-Private,SEM-017,Available
BED0688,FAC005,Semi-Private,SEM-018,Available
BED0689,FAC005,Semi-Private,SEM-019,Available
BED0690,FAC005,Semi-Private,SEM-020,Available
BED0691,FAC005,Semi-Private,SEM-021,Available
BED0692,FAC005,Semi-Private,SEM-022,Available
BED0693,FAC005,Semi-Private,SEM-023,Available
BED0694,FAC005,Semi-Private,SEM-024,Available
BED0695,FAC005,Semi-Private,SEM-025,Available
BED0696,FAC005,Semi-Private,SEM-026,Available
BED0697,FAC005,Semi-Private,SEM-027,Available
BED0698,FAC005,Semi-Private,SEM-028,Available
BED0699,FAC005,Semi-Private,SEM-029,Available
BED0700,FAC005,Semi-Private,SEM-030,Available
BED0701,FAC005,Semi-Private,SEM-031,Available
BED0702,FAC005,Semi-Private,SEM-032,Available
BED0703,FAC005,Semi-Private,SEM-033,Available
BED0704,FAC005,Semi-Private,SEM-034,Available
BED0705,FAC005,Semi-Private,SEM-035,Available
BED0706,FAC005,Private,PRI-001,Available
BED0707,FAC005,Private,PRI-002,Available
BED0708,FAC005,Private,PRI-003,Available
BED0709,FAC005,Private,PRI-004,Available
BED0710,FAC005,Private,PRI-005,Available
BED0711,FAC005,Private,PRI-006,Available
BED0712,FAC005,Private,PRI-007,Available
BED0713,FAC005,Private,PRI-008,Available
BED0714,FAC005,Private,PRI-009,Available
BED0715,FAC005,Private,PRI-010,Maintenance
BED0716,FAC005,Private,PRI-011,Available
BED0717,FAC005,Private,PRI-012,Available
BED0718,FAC005,Private,PRI-013,Available
BED0719,FAC005,Private,PRI-014,Available
BED0720,FAC005,Private,PRI-015,Available
BED0721,FAC005,Private,PRI-016,Available
BED0722,FAC005,Private,PRI-017,Available
BED0723,FAC005,Private,PRI-018,Available
BED0724,FAC005,Private,PRI-019,Available
BED0725,FAC005,Private,PRI-020,Available
BED0726,FAC005,Private,PRI-021,Available
BED0727,FAC005,Private,PRI-022,Available
BED0728,FAC005,Private,PRI-023,Available
BED0729,FAC005,Private,PRI-024,Available
BED0730,FAC005,Private,PRI-025,Available
BED0731,FAC005,ICU,ICU-001,Available
BED0732,FAC005,ICU,ICU-002,Available
BED0733,FAC005,ICU,ICU-003,Available
BED0734,FAC005,ICU,ICU-004,Available
BED0735,FAC005,ICU,ICU-005,Available
BED0736,FAC005,ICU,ICU-006,Available
BED0737,FAC005,ICU,ICU-007,Available
BED0738,FAC005,ICU,ICU-008,Available
BED0739,FAC005,ICU,ICU-009,Available
BED0740,FAC005,ICU,ICU-010,Available
BED0741,FAC005,Emergency,EME-001,Available
BED0742,FAC005,Emergency,EME-002,Available
BED0743,FAC005,Emergency,EME-003,Available
BED0744,FAC005,Emergency,EME-004,Available
BED0745,FAC005,Emergency,EME-005,Available
BED0746,FAC005,Emergency,EME-006,Available
BED0747,FAC005,Emergency,EME-007,Available
BED0748,FAC005,Emergency,EME-008,Available
BED0749,FAC005,Emergency,EME-009,Available
BED0750,FAC005,Emergency,EME-010,Available
BED0751,FAC005,Emergency,EME-011,Available
BED0752,FAC005,Emergency,EME-012,Available
BED0753,FAC001,General,GEN-089,Available
BED0754,FAC001,Semi-Private,SEMI-045,Available
BED0755,FAC004,General,GEN-078,Available
BED0756,FAC003,Emergency,EMR-011,Available
BED0757,FAC001,General,GEN-090,Available
BED0758,FAC002,Private,PRIV-020,Available
BED0759,FAC003,Semi-Private,SEMI-031,Available
BED0760,FAC002,Private,PRIV-021,Available
BED0761,FAC003,General,GEN-061,Available
BED0762,FAC002,General,GEN-053,Available
BED0763,FAC002,General,GEN-054,Available
BED0764,FAC002,Emergency,EMR-010,Available
BED0765,FAC002,General,GEN-055,Available
BED0766,FAC003,General,GEN-062,Available
BED0767,FAC003,Emergency,EMR-012,Available
BED0768,FAC004,General,GEN-079,Available
BED0769,FAC002,ICU,ICU-009,Available
BED0770,FAC004,General,GEN-080,Available
BED0771,FAC004,Semi-Private,SEMI-039,Available
BED0772,FAC005,Private,PRIV-026,Available
BED0773,FAC003,Private,PRIV-022,Available
BED0774,FAC004,General,GEN-081,Available
BED0775,FAC002,General,GEN-056,Available
BED0776,FAC001,Private,PRIV-032,Available
BED0777,FAC002,General,GEN-057,Available
BED0778,FAC001,Semi-Private,SEMI-046,Available
BED0779,FAC005,Semi-Private,SEMI-036,Available
BED0780,FAC004,Private,PRIV-029,Available
BED0781,FAC002,Private,PRIV-022,Available
BED0782,FAC005,General,GEN-071,Available
BED0783,FAC002,Semi-Private,SEMI-027,Available
BED0784,FAC002,General,GEN-058,Available
BED0785,FAC002,Semi-Private,SEMI-028,Available
BED0786,FAC001,General,GEN-091,Available
BED0787,FAC002,Emergency,EMR-011,Available
BED0788,FAC004,General,GEN-082,Available
BED0789,FAC004,Private,PRIV-030,Available
BED0790,FAC002,General,GEN-059,Available
BED0791,FAC005,Private,PRIV-027,Available
BED0792,FAC005,General,GEN-072,Available
BED0793,FAC001,General,GEN-092,Maintenance
BED0794,FAC005,Private,PRIV-028,Available
BED0795,FAC002,General,GEN-060,Available
BED0796,FAC005,Emergency,EMR-013,Available
BED0797,FAC005,General,GEN-073,Available
BED0798,FAC003,Private,PRIV-023,Available
BED0799,FAC005,Semi-Private,SEMI-037,Available
BED0800,FAC003,Semi-Private,SEMI-032,Available
BED0801,FAC005,Private,PRIV-029,Available
BED0802,FAC003,Semi-Private,SEMI-033,Available
BED0803,FAC005,General,GEN-074,Available
BED0804,FAC003,General,GEN-063,Available
BED0805,FAC004,General,GEN-083,Available
BED0806,FAC004,General,GEN-084,Available
BED0807,FAC001,General,GEN-093,Available
BED0808,FAC001,Private,PRIV-033,Available
BED0809,FAC003,General,GEN-064,Available
BED0810,FAC004,Semi-Private,SEMI-040,Available
BED0811,FAC003,General,GEN-065,Available
BED0812,FAC002,Private,PRIV-023,Available
BED0813,FAC004,General,GEN-085,Available
BED0814,FAC005,Emergency,EMR-014,Available
BED0815,FAC004,General,GEN-086,Available
BED0816,FAC005,Emergency,EMR-015,Available
BED0817,FAC003,General,GEN-066,Available
BED0818,FAC002,General,GEN-061,Available
BED0819,FAC001,Semi-Private,SEMI-047,Available
BED0820,FAC005,ICU,ICU-011,Available
BED0821,FAC003,Private,PRIV-024,Available
BED0822,FAC002,General,GEN-062,Available
BED0823,FAC001,Semi-Private,SEMI-048,Available
BED0824,FAC003,Semi-Private,SEMI-034,Available
BED0825,FAC001,General,GEN-094,Available
BED0826,FAC001,Emergency,EMR-016,Available
BED0827,FAC005,General,GEN-075,Available
BED0828,FAC002,Semi-Private,SEMI-029,Available
BED0829,FAC003,General,GEN-067,Available
BED0830,FAC005,Semi-Private,SEMI-038,Available
BED0831,FAC005,Private,PRIV-030,Available
BED0832,FAC002,Emergency,EMR-012,Available
BED0833,FAC005,General,GEN-076,Available
BED0834,FAC003,Private,PRIV-025,Available
BED0835,FAC003,Semi-Private,SEMI-035,Available
BED0836,FAC004,Private,PRIV-031,Maintenance
BED0837,FAC001,General,GEN-095,Available
BED0838,FAC001,General,GEN-096,Available
BED0839,FAC004,Private,PRIV-032,Available
BED0840,FAC002,Private,PRIV-024,Available
BED0841,FAC005,General,GEN-077,Available
BED0842,FAC001,Private,PRIV-034,Available
BED0843,FAC005,General,GEN-078,Available
BED0844,FAC002,Emergency,EMR-013,Available
BED0845,FAC001,Semi-Private,SEMI-049,Available
BED0846,FAC004,Emergency,EMR-014,Available
BED0847,FAC001,Semi-Private,SEMI-050,Available
BED0848,FAC004,Private,PRIV-033,Available
BED0849,FAC002,Semi-Private,SEMI-030,Available
BED0850,FAC005,General,GEN-079,Available
BED0851,FAC004,General,GEN-087,Available
BED0852,FAC005,General,GEN-080,Available
BED0853,FAC001,General,GEN-097,Available
BED0854,FAC004,Semi-Private,SEMI-041,Available
BED0855,FAC002,Private,PRIV-025,Available
BED0856,FAC001,General,GEN-098,Available
BED0857,FAC004,ICU,ICU-012,Available
BED0858,FAC001,General,GEN-099,Available
BED0859,FAC002,Private,PRIV-026,Available
BED0860,FAC002,Semi-Private,SEMI-031,Available
BED0861,FAC002,Private,PRIV-027,Available
BED0862,FAC001,General,GEN-100,Available
BED0863,FAC001,Semi-Private,SEMI-051,Available
BED0864,FAC002,Semi-Private,SEMI-032,Available
BED0865,FAC002,Semi-Private,SEMI-033,Available
BED0866,FAC001,General,GEN-101,Available
BED0867,FAC001,General,GEN-102,Available
BED0868,FAC003,Semi-Private,SEMI-036,Available
BED0869,FAC001,Emergency,EMR-017,Available
BED0870,FAC004,Semi-Private,SEMI-042,Available
BED0871,FAC001,Emergency,EMR-018,Available
BED0872,FAC005,General,GEN-081,Available
BED0873,FAC004,General,GEN-088,Available
BED0874,FAC004,Private,PRIV-034,Available
BED0875,FAC004,General,GEN-089,Available
BED0876,FAC003,Semi-Private,SEMI-037,Available
BED0877,FAC004,General,GEN-090,Available
BED0878,FAC005,General,GEN-082,Available
BED0879,FAC002,General,GEN-063,Available
BED0880,FAC005,General,GEN-083,Available
BED0881,FAC005,ICU,ICU-012,Available
BED0882,FAC003,General,GEN-068,Available
BED0883,FAC004,General,GEN-091,Available
BED0884,FAC002,Semi-Private,SEMI-034,Available
BED0885,FAC002,Semi-Private,SEMI-035,Available
BED0886,FAC004,Emergency,EMR-015,Available
BED0887,FAC001,General,GEN-103,Available
BED0888,FAC005,Semi-Private,SEMI-039,Available
BED0889,FAC003,General,GEN-069,Available
BED0890,FAC004,ICU,ICU-013,Available
BED0891,FAC003,Semi-Private,SEMI-038,Available
BED0892,FAC001,Emergency,EMR-019,Available
BED0893,FAC002,General,GEN-064,Available
BED0894,FAC002,Semi-Private,SEMI-036,Available
BED0895,FAC001,General,GEN-104,Available
BED0896,FAC004,Emergency,EMR-016,Available
BED0897,FAC003,General,GEN-070,Available
BED0898,FAC001,General,GEN-105,Available
BED0899,FAC003,General,GEN-071,Available
BED0900,FAC003,General,GEN-072,Available
