action_id,incident_id,facility_id,action_type,due_date,action_status
CA10001,INC10279,FAC003,Training,2026-01-01,Completed
CA10009,INC11049,FAC001,Process Change,2026-01-04,Completed
CA10011,INC11034,FAC002,Training,2026-01-05,Open
CA10015,INC10693,FAC004,Equipment Repair,2026-01-07,Completed
CA10017,INC10318,FAC005,Training,2026-01-07,Completed
CA10026,INC10218,FAC001,SOP Update,2026-01-11,In Progress
CA10030,INC11212,FAC003,Process Change,2026-01-13,In Progress
CA10036,INC10219,FAC003,Training,2026-01-15,Completed
CA10038,INC10765,FAC001,Process Change,2026-01-16,Completed
CA10039,INC11192,FAC005,Access Control,2026-01-16,Open
CA10044,INC11744,FAC004,Access Control,2026-01-18,Completed
CA10046,INC11536,FAC005,SOP Update,2026-01-19,Completed
CA10048,INC11391,FAC005,Access Control,2026-01-20,Completed
CA10052,INC10157,FAC002,Training,2026-01-22,Open
CA10056,INC10279,FAC005,Equipment Repair,2026-01-23,Open
CA10060,INC10134,FAC005,SOP Update,2026-01-25,Open
CA10061,INC10177,FAC003,Access Control,2026-01-25,In Progress
CA10070,INC10393,FAC002,Equipment Repair,2026-01-29,Overdue
CA10076,INC10065,FAC001,Access Control,2026-01-31,In Progress
CA10078,INC10203,FAC001,SOP Update,2026-02-01,Completed
CA10092,INC10644,FAC004,Training,2026-02-07,Completed
CA10100,INC11723,FAC005,SOP Update,2026-02-10,Open
CA10108,INC10977,FAC004,SOP Update,2026-02-13,Open
CA10116,INC10274,FAC005,Process Change,2026-02-16,Completed
CA10120,INC10584,FAC002,Equipment Repair,2026-02-18,In Progress
CA10124,INC10426,FAC001,Process Change,2026-02-20,Completed
CA10129,INC11629,FAC005,Training,2026-02-22,In Progress
CA10131,INC11204,FAC003,Equipment Repair,2026-02-23,Completed
CA10134,INC11756,FAC005,Equipment Repair,2026-02-24,Completed
CA10136,INC10733,FAC004,Process Change,2026-02-25,Completed
CA10140,INC10626,FAC003,Equipment Repair,2026-02-26,Open
CA10141,INC11321,FAC003,Access Control,2026-02-27,Completed
CA10144,INC11588,FAC005,Training,2026-02-28,Completed
CA10145,INC10977,FAC001,Access Control,2026-02-28,Completed
CA10147,INC10776,FAC002,Access Control,2026-03-01,Completed
CA10150,INC10594,FAC002,Equipment Repair,2026-03-02,Open
CA10151,INC10657,FAC003,Access Control,2026-03-03,Completed
CA10152,INC10287,FAC004,Equipment Repair,2026-03-03,In Progress
CA10154,INC11483,FAC002,SOP Update,2026-03-04,In Progress
CA10160,INC11694,FAC001,Training,2026-03-06,Overdue
CA10171,INC11419,FAC004,Access Control,2026-03-11,Overdue
CA10173,INC10051,FAC004,Equipment Repair,2026-03-12,Completed
CA10175,INC11675,FAC001,Access Control,2026-03-12,Completed
CA10178,INC10812,FAC005,Equipment Repair,2026-03-14,In Progress
CA10186,INC10810,FAC001,SOP Update,2026-03-17,Completed
CA10194,INC11634,FAC003,Training,2026-03-20,Completed
CA10196,INC11615,FAC003,Training,2026-03-21,Completed
CA10197,INC11074,FAC003,Access Control,2026-03-21,In Progress
CA10213,INC11258,FAC004,Access Control,2026-03-28,Completed
CA10216,INC10711,FAC001,Access Control,2026-03-29,Completed
CA10217,INC11432,FAC002,Equipment Repair,2026-03-29,In Progress
CA10220,INC10106,FAC005,Process Change,2026-03-31,Completed
CA10227,INC10252,FAC002,Access Control,2026-04-02,Completed
CA10229,INC10322,FAC002,SOP Update,2026-04-03,Completed
CA10248,INC11044,FAC003,Equipment Repair,2026-04-11,Overdue
CA10249,INC11293,FAC002,SOP Update,2026-04-11,Completed
CA10253,INC11419,FAC002,Training,2026-04-13,Completed
CA10255,INC10964,FAC001,Process Change,2026-04-14,Completed
CA10266,INC11074,FAC005,Process Change,2026-04-18,In Progress
CA10268,INC10879,FAC001,Training,2026-04-19,Completed
CA10273,INC11670,FAC003,SOP Update,2026-04-21,Completed
CA10274,INC11231,FAC001,Process Change,2026-04-21,In Progress
CA10275,INC10120,FAC005,Training,2026-04-22,Completed
CA10289,INC10150,FAC005,Training,2026-04-28,Overdue
CA10290,INC10911,FAC004,Equipment Repair,2026-04-28,Completed
CA10301,INC10043,FAC004,Process Change,2026-05-02,Completed
CA10302,INC10318,FAC005,Equipment Repair,2026-05-03,In Progress
CA10303,INC10333,FAC002,Access Control,2026-05-03,Completed
CA10313,INC11235,FAC001,SOP Update,2026-05-07,Completed
CA10320,INC10764,FAC002,Equipment Repair,2026-05-10,Overdue
CA10330,INC10468,FAC005,Training,2026-05-14,In Progress
CA10332,INC10711,FAC004,Training,2026-05-15,Completed
CA10333,INC10019,FAC004,Access Control,2026-05-15,Overdue
CA10336,INC10468,FAC001,Access Control,2026-05-17,Completed
CA10338,INC10756,FAC002,Access Control,2026-05-17,In Progress
CA10340,INC10927,FAC001,Access Control,2026-05-18,Open
CA10342,INC10068,FAC005,Equipment Repair,2026-05-19,Completed
CA10357,INC11096,FAC004,Equipment Repair,2026-05-25,In Progress
CA10371,INC10803,FAC001,Training,2026-05-31,Overdue
CA10372,INC10485,FAC005,Equipment Repair,2026-05-31,In Progress
CA10374,INC11052,FAC001,Process Change,2026-06-01,Completed
CA10375,INC10802,FAC003,Training,2026-06-01,Completed
CA10376,INC10596,FAC005,SOP Update,2026-06-02,Completed
CA10379,INC11612,FAC004,Training,2026-06-03,In Progress
CA10381,INC11212,FAC003,Equipment Repair,2026-06-04,Overdue
CA10392,INC10798,FAC003,Access Control,2026-06-08,Completed
CA10394,INC11370,FAC002,Training,2026-06-09,Completed
CA10400,INC10915,FAC005,Process Change,2026-06-11,In Progress
CA10403,INC10676,FAC004,SOP Update,2026-06-13,Completed
CA10404,INC10566,FAC002,SOP Update,2026-06-13,Open
CA10405,INC11662,FAC005,SOP Update,2026-06-13,Completed
CA10406,INC10248,FAC002,Equipment Repair,2026-06-14,In Progress
CA10409,INC10734,FAC004,Training,2026-06-15,Completed
CA10418,INC10683,FAC003,Training,2026-06-19,In Progress
CA10424,INC10798,FAC004,Training,2026-06-21,Completed
CA10426,INC10079,FAC005,Access Control,2026-06-22,Completed
CA10444,INC11675,FAC005,SOP Update,2026-06-29,Open
CA10450,INC10333,FAC001,Equipment Repair,2026-07-02,In Progress
CA10452,INC10764,FAC004,Equipment Repair,2026-07-03,Completed
CA10455,INC11047,FAC004,Training,2026-07-04,In Progress
CA10458,INC10322,FAC005,Equipment Repair,2026-07-05,In Progress
CA10460,INC10926,FAC002,SOP Update,2026-07-06,Overdue
CA10461,INC10274,FAC001,Access Control,2026-07-06,Completed
CA10463,INC10100,FAC001,SOP Update,2026-07-07,Overdue
CA10465,INC10538,FAC002,Training,2026-07-08,Completed
CA10466,INC10283,FAC001,Process Change,2026-07-08,Completed
CA10467,INC11539,FAC004,Training,2026-07-09,Overdue
CA10472,INC10095,FAC005,Training,2026-07-11,Completed
CA10496,INC11135,FAC005,Equipment Repair,2026-07-20,Completed
CA10499,INC10296,FAC003,SOP Update,2026-07-22,Completed
CA10503,INC10179,FAC005,Access Control,2026-07-23,In Progress
CA10512,INC10887,FAC004,Equipment Repair,2026-07-27,Completed
CA10513,INC11049,FAC001,Training,2026-07-27,Open
CA10523,INC10534,FAC003,Access Control,2026-07-31,Completed
CA10526,INC10568,FAC004,Access Control,2026-08-01,Completed
CA10528,INC10655,FAC003,Process Change,2026-08-02,Completed
CA10530,INC10109,FAC002,SOP Update,2026-08-03,In Progress
CA10533,INC11718,FAC001,Process Change,2026-08-04,Completed
CA10536,INC10227,FAC002,Process Change,2026-08-06,Completed
CA10537,INC10829,FAC001,Access Control,2026-08-06,In Progress
CA10539,INC10122,FAC001,Equipment Repair,2026-08-07,Completed
CA10547,INC11183,FAC004,Training,2026-08-10,Completed
CA10550,INC10387,FAC002,Training,2026-08-11,Open
CA10551,INC10733,FAC004,Access Control,2026-08-12,In Progress
CA10563,INC11041,FAC005,Access Control,2026-08-16,In Progress
CA10572,INC11543,FAC002,SOP Update,2026-08-20,In Progress
CA10576,INC11670,FAC003,Process Change,2026-08-22,Open
CA10577,INC10621,FAC003,Training,2026-08-22,In Progress
CA10583,INC11128,FAC001,Training,2026-08-25,Completed
CA10586,INC10373,FAC003,Training,2026-08-26,Overdue
CA10588,INC10026,FAC003,Process Change,2026-08-27,In Progress
CA10602,INC11038,FAC005,Access Control,2026-09-01,In Progress
CA10606,INC11491,FAC005,Access Control,2026-09-03,Open
CA10608,INC10468,FAC003,Training,2026-09-04,Completed
CA10611,INC10756,FAC005,Equipment Repair,2026-09-05,Open
CA10612,INC10586,FAC003,Equipment Repair,2026-09-05,Completed
CA10616,INC11618,FAC003,Training,2026-09-07,Open
CA10620,INC10043,FAC003,Access Control,2026-09-09,Open
CA10626,INC10135,FAC005,SOP Update,2026-09-11,Open
CA10628,INC10655,FAC005,SOP Update,2026-09-12,Overdue
CA10645,INC10653,FAC002,Access Control,2026-09-19,Completed
CA10649,INC11675,FAC002,Equipment Repair,2026-09-20,Overdue
CA10651,INC10856,FAC001,Training,2026-09-21,Completed
CA10652,INC11397,FAC005,SOP Update,2026-09-21,Completed
CA10655,INC11503,FAC005,SOP Update,2026-09-23,Completed
CA10663,INC10759,FAC003,Process Change,2026-09-26,Completed
CA10664,INC10012,FAC002,Access Control,2026-09-26,Completed
CA10665,INC11345,FAC004,Training,2026-09-27,Completed
CA10684,INC10568,FAC001,SOP Update,2026-10-04,Completed
CA10685,INC11434,FAC003,Training,2026-10-05,Completed
CA10691,INC11281,FAC002,Equipment Repair,2026-10-07,Completed
CA10695,INC10291,FAC003,SOP Update,2026-10-09,Completed
CA10699,INC10833,FAC002,Training,2026-10-11,Completed
CA10704,INC11047,FAC004,Training,2026-10-13,In Progress
CA10709,INC10566,FAC005,Process Change,2026-10-15,In Progress
CA10716,INC10724,FAC002,Process Change,2026-10-17,Overdue
CA10723,INC11135,FAC001,Training,2026-10-20,In Progress
CA10727,INC11047,FAC002,Process Change,2026-10-22,Completed
CA10728,INC10621,FAC004,Process Change,2026-10-22,Overdue
CA10731,INC11255,FAC004,Equipment Repair,2026-10-23,Completed
CA10732,INC11057,FAC004,Equipment Repair,2026-10-24,Completed
CA10733,INC10787,FAC001,Training,2026-10-24,Completed
CA10738,INC10485,FAC003,Access Control,2026-10-26,Open
CA10739,INC11694,FAC004,Process Change,2026-10-27,Overdue
CA10743,INC10218,FAC004,SOP Update,2026-10-28,In Progress
CA10745,INC10693,FAC005,SOP Update,2026-10-29,Open
CA10750,INC10746,FAC003,SOP Update,2026-10-31,Completed
CA10752,INC10586,FAC002,Training,2026-11-01,Completed
CA10762,INC11550,FAC002,Access Control,2026-11-05,In Progress
CA10763,INC11108,FAC001,Equipment Repair,2026-11-05,Open
CA10765,INC10670,FAC005,SOP Update,2026-11-06,Completed
CA10767,INC11197,FAC001,Process Change,2026-11-07,Completed
CA10770,INC10829,FAC003,Process Change,2026-11-08,In Progress
CA10771,INC10621,FAC001,Equipment Repair,2026-11-09,Completed
CA10774,INC10705,FAC001,Training,2026-11-10,Open
CA10789,INC10926,FAC003,Access Control,2026-11-16,Completed
CA10791,INC11588,FAC005,Training,2026-11-17,Completed
CA10792,INC11629,FAC002,Equipment Repair,2026-11-17,In Progress
CA10794,INC10969,FAC005,Process Change,2026-11-18,Open
CA10795,INC10602,FAC001,Access Control,2026-11-18,Completed
CA10799,INC10157,FAC001,Equipment Repair,2026-11-20,In Progress
CA10800,INC10017,FAC005,Equipment Repair,2026-11-20,Overdue
CA10805,INC10625,FAC005,Access Control,2026-11-22,In Progress
CA10810,INC10219,FAC004,Equipment Repair,2026-11-24,Open
CA10812,INC10290,FAC001,SOP Update,2026-11-25,Completed
CA10814,INC10135,FAC002,Process Change,2026-11-26,Completed
CA10823,INC11101,FAC004,Equipment Repair,2026-11-30,Open
CA10830,INC11499,FAC001,Access Control,2026-12-03,Open
CA10831,INC11539,FAC003,Equipment Repair,2026-12-03,Open
CA10840,INC11723,FAC005,Equipment Repair,2026-12-07,Open
CA10850,INC11739,FAC003,Training,2026-12-11,Completed
CA10853,INC10227,FAC002,SOP Update,2026-12-12,In Progress
CA10858,INC11135,FAC003,Access Control,2026-12-14,Completed
CA10860,INC11038,FAC003,Training,2026-12-15,Open
CA10864,INC11330,FAC002,SOP Update,2026-12-16,Completed
CA10875,INC11392,FAC004,SOP Update,2026-12-21,Completed
CA10877,INC10952,FAC003,Equipment Repair,2026-12-22,Completed
CA10879,INC11187,FAC002,Access Control,2026-12-22,Completed
CA10882,INC10720,FAC002,Equipment Repair,2026-12-24,Completed
CA10886,INC11187,FAC002,Training,2026-12-25,Completed
CA10887,INC10079,FAC002,Equipment Repair,2026-12-26,Completed
CA10889,INC10297,FAC001,Equipment Repair,2026-12-26,Completed
CA10890,INC11670,FAC002,SOP Update,2026-12-27,Open
CA10891,INC10657,FAC001,Training,2026-12-27,In Progress
CA10895,INC11433,FAC004,Process Change,2026-12-29,In Progress
CA10899,INC10378,FAC002,SOP Update,2026-12-31,In Progress
CA10903,INC13779,FAC002,SOP Update,2022-03-28,In Progress
CA10919,INC12648,FAC002,Access Control,2025-08-22,Overdue
CA10924,INC13670,FAC001,Training,2024-01-22,Open
CA10931,INC14644,FAC001,Training,2026-05-09,Completed
CA10938,INC14172,FAC002,Training,2022-11-26,Overdue
CA10939,INC14519,FAC003,Equipment Repair,2023-05-02,Overdue
CA10940,INC14802,FAC005,SOP Update,2024-05-29,Completed
CA10949,INC13331,FAC005,Equipment Repair,2024-09-02,In Progress
CA10950,INC12450,FAC002,Equipment Repair,2024-09-28,Open
CA10951,INC12173,FAC004,Equipment Repair,2024-03-15,Completed
CA10968,INC13165,FAC004,Equipment Repair,2022-07-29,Open
CA10970,INC13026,FAC003,Access Control,2025-02-22,Open
CA10973,INC13418,FAC001,SOP Update,2023-04-27,Completed
CA10976,INC12077,FAC001,Process Change,2025-07-17,Completed
CA10980,INC14334,FAC002,Access Control,2026-04-11,Completed
CA10992,INC14918,FAC001,SOP Update,2026-03-09,Completed
CA10993,INC13911,FAC004,Training,2021-10-12,Completed
CA11002,INC13745,FAC005,Training,2023-11-29,Overdue
CA11007,INC13626,FAC001,Training,2026-03-11,In Progress
CA11014,INC13973,FAC004,Equipment Repair,2027-01-10,Open
CA11025,INC13145,FAC005,Equipment Repair,2025-05-04,In Progress
CA11026,INC12305,FAC003,SOP Update,2025-12-01,Overdue
CA11041,INC12323,FAC001,Equipment Repair,2022-03-10,In Progress
CA11042,INC13185,FAC002,SOP Update,2025-08-24,Open
CA11051,INC11934,FAC003,Process Change,2025-12-06,Completed
CA11053,INC12846,FAC001,Equipment Repair,2028-02-07,Completed
CA11054,INC12974,FAC005,Access Control,2023-08-22,Completed
CA11058,INC14845,FAC003,Process Change,2022-11-27,Overdue
CA11060,INC12801,FAC002,SOP Update,2026-10-11,Open
CA11061,INC14439,FAC004,SOP Update,2022-11-28,Completed
CA11072,INC13906,FAC002,SOP Update,2025-04-08,In Progress
CA11080,INC12907,FAC004,Equipment Repair,2024-08-26,In Progress
CA11084,INC12654,FAC005,Access Control,2023-02-07,In Progress
CA11088,INC12228,FAC005,Access Control,2026-03-20,Open
CA11090,INC14440,FAC002,SOP Update,2023-02-06,Overdue
CA11099,INC12940,FAC003,Process Change,2027-03-16,Open
CA11102,INC14666,FAC005,Equipment Repair,2024-10-13,Open
CA11113,INC14663,FAC004,SOP Update,2023-08-09,Completed
CA11134,INC13970,FAC001,Training,2026-12-31,Completed
CA11135,INC13641,FAC004,Process Change,2027-11-25,In Progress
CA11153,INC12104,FAC005,SOP Update,2023-06-24,In Progress
CA11156,INC12669,FAC001,Access Control,2026-11-13,Open
CA11167,INC11983,FAC001,Access Control,2022-07-28,In Progress
CA11171,INC14838,FAC002,Training,2024-08-21,Completed
CA11173,INC13049,FAC005,Training,2025-06-03,In Progress
CA11176,INC13862,FAC003,Training,2026-12-24,Overdue
CA11182,INC13814,FAC005,SOP Update,2025-01-21,Overdue
CA11187,INC12932,FAC005,Access Control,2023-10-02,Completed
CA11203,INC13103,FAC002,Process Change,2022-11-15,Completed
CA11206,INC13107,FAC005,Process Change,2026-01-04,Overdue
CA11211,INC11831,FAC004,Training,2024-10-16,Completed
CA11222,INC13927,FAC005,Access Control,2023-02-11,Completed
CA11225,INC13253,FAC004,Equipment Repair,2024-12-30,Completed
CA11226,INC14942,FAC005,Equipment Repair,2022-12-11,Completed
CA11227,INC14880,FAC005,SOP Update,2028-05-22,Overdue
CA11229,INC13676,FAC002,Equipment Repair,2022-11-19,Completed
CA11230,INC11988,FAC004,Process Change,2024-03-16,In Progress
CA11237,INC11876,FAC005,Equipment Repair,2025-11-18,Overdue
CA11241,INC12767,FAC004,Training,2027-04-17,Completed
CA11244,INC14892,FAC003,Equipment Repair,2023-03-04,In Progress
CA11251,INC12372,FAC003,Equipment Repair,2025-10-11,Open
CA11263,INC14878,FAC002,Training,2022-12-19,In Progress
CA11268,INC12876,FAC001,Process Change,2027-11-22,In Progress
CA11279,INC14445,FAC005,Equipment Repair,2024-02-16,Overdue
CA11282,INC14885,FAC002,Training,2026-01-16,Completed
CA11285,INC14152,FAC003,Equipment Repair,2026-07-08,Completed
CA11297,INC11954,FAC005,Process Change,2025-05-20,Completed
CA11298,INC14932,FAC002,Process Change,2025-08-12,Open
CA11300,INC14545,FAC005,Access Control,2026-03-01,Completed
CA11304,INC12749,FAC002,SOP Update,2026-01-28,Overdue
CA11306,INC12131,FAC001,SOP Update,2025-06-02,Completed
CA11307,INC14256,FAC002,Process Change,2025-02-25,Completed
CA11311,INC12893,FAC002,SOP Update,2025-10-24,Completed
CA11322,INC12276,FAC005,Access Control,2028-04-01,Open
CA11324,INC12377,FAC005,Process Change,2022-01-02,Open
CA11325,INC14773,FAC003,Access Control,2026-10-06,Completed
CA11329,INC14769,FAC002,Training,2026-01-08,Completed
CA11331,INC14917,FAC004,Equipment Repair,2027-03-15,In Progress
CA11334,INC12215,FAC005,SOP Update,2025-08-29,Overdue
CA11338,INC12225,FAC005,Access Control,2022-05-24,In Progress
CA11339,INC11972,FAC001,Equipment Repair,2026-10-15,Completed
CA11340,INC14121,FAC003,Equipment Repair,2025-01-20,Open
CA11341,INC13575,FAC003,SOP Update,2025-04-16,In Progress
CA11342,INC13794,FAC001,Training,2023-03-29,Completed
CA11343,INC14607,FAC005,SOP Update,2027-11-19,In Progress
CA11346,INC13800,FAC002,Training,2022-08-20,Completed
CA11354,INC14324,FAC001,Equipment Repair,2026-09-05,In Progress
CA11356,INC13321,FAC003,Access Control,2027-05-26,In Progress
CA11360,INC12519,FAC002,Access Control,2025-03-31,Completed
CA11361,INC14463,FAC001,Training,2024-08-04,In Progress
CA11366,INC13607,FAC003,Equipment Repair,2025-06-21,Open
CA11367,INC12078,FAC002,Process Change,2026-12-16,In Progress
CA11375,INC13684,FAC002,Access Control,2025-05-30,Completed
CA11376,INC14148,FAC002,SOP Update,2027-07-02,Completed
CA11379,INC14625,FAC004,SOP Update,2022-01-05,In Progress
CA11386,INC14105,FAC002,Access Control,2023-09-13,Completed
CA11405,INC14212,FAC005,Access Control,2026-12-18,Completed
CA11417,INC14797,FAC004,Access Control,2026-11-25,Completed
CA11419,INC14005,FAC001,SOP Update,2023-02-23,Overdue
CA11425,INC12809,FAC004,Training,2024-08-30,In Progress
CA11427,INC13098,FAC001,SOP Update,2021-11-07,Completed
CA11428,INC14741,FAC005,Process Change,2025-02-22,Completed
CA11432,INC12686,FAC005,SOP Update,2026-05-21,Open
CA11444,INC11962,FAC001,SOP Update,2027-07-11,Overdue
CA11447,INC11921,FAC004,Training,2024-09-09,Open
CA11451,INC11871,FAC002,Training,2022-10-08,In Progress
CA11452,INC12659,FAC005,Training,2024-01-30,In Progress
CA11453,INC14246,FAC004,Training,2026-04-02,Open
CA11454,INC12052,FAC005,Training,2028-01-26,In Progress
CA11456,INC12121,FAC005,Training,2027-02-25,Open
CA11458,INC13085,FAC004,Training,2022-03-10,Completed
CA11459,INC14359,FAC001,Equipment Repair,2023-07-26,In Progress
CA11461,INC14888,FAC005,Training,2025-09-01,Completed
CA11468,INC13599,FAC004,Training,2023-04-24,Completed
CA11469,INC12312,FAC002,SOP Update,2023-12-04,Completed
CA11477,INC13333,FAC002,Process Change,2028-03-01,In Progress
CA11486,INC12110,FAC005,SOP Update,2022-02-18,Completed
CA11487,INC13811,FAC004,Process Change,2026-06-09,Overdue
CA11491,INC13752,FAC003,Equipment Repair,2024-08-05,Completed
CA11514,INC14310,FAC002,Equipment Repair,2023-08-28,Open
CA11517,INC14392,FAC001,Access Control,2024-12-05,Open
CA11518,INC14024,FAC002,SOP Update,2027-02-28,Completed
CA11524,INC14254,FAC002,Training,2025-08-17,In Progress
CA11529,INC14990,FAC001,SOP Update,2024-01-09,Open
CA11530,INC14785,FAC004,Training,2023-08-27,In Progress
CA11532,INC11909,FAC005,SOP Update,2022-04-01,Overdue
CA11534,INC13665,FAC004,Training,2026-08-13,Open
CA11537,INC13379,FAC001,Access Control,2025-10-15,In Progress
CA11538,INC13247,FAC002,Access Control,2025-07-08,Completed
CA11546,INC14831,FAC003,Process Change,2024-08-05,Completed
CA11552,INC13894,FAC003,Training,2026-10-13,Completed
CA11554,INC14559,FAC002,Process Change,2024-12-12,Completed
CA11557,INC13286,FAC001,SOP Update,2026-03-19,Completed
CA11561,INC12123,FAC001,Process Change,2026-04-27,Completed
CA11565,INC14458,FAC001,Equipment Repair,2024-09-16,Completed
CA11567,INC14058,FAC005,SOP Update,2026-02-14,Completed
CA11580,INC13001,FAC004,SOP Update,2024-06-11,Open
CA11582,INC13496,FAC002,Equipment Repair,2026-12-19,Completed
CA11584,INC12181,FAC005,Equipment Repair,2028-03-24,Open
CA11586,INC13698,FAC005,Training,2021-12-14,In Progress
CA11594,INC13523,FAC002,SOP Update,2027-11-15,Open
CA11602,INC13682,FAC001,SOP Update,2022-06-24,Completed
CA11603,INC14862,FAC004,Access Control,2024-06-22,Open
CA11609,INC14684,FAC005,Process Change,2024-04-07,Completed
CA11611,INC12758,FAC001,Training,2027-09-07,In Progress
CA11613,INC14826,FAC005,SOP Update,2024-06-22,Completed
CA11619,INC14816,FAC005,Process Change,2024-10-04,Completed
CA11633,INC14715,FAC004,Process Change,2023-01-18,Open
CA11640,INC12240,FAC002,Training,2022-09-16,Open
CA11647,INC13464,FAC001,SOP Update,2026-05-31,Overdue
CA11654,INC12451,FAC005,Process Change,2027-07-16,Open
CA11664,INC12623,FAC002,Training,2023-10-15,Completed
CA11667,INC13150,FAC005,Process Change,2023-01-28,Overdue
CA11678,INC12750,FAC001,Process Change,2027-03-09,Completed
CA11685,INC14264,FAC003,SOP Update,2025-05-06,Completed
CA11688,INC12561,FAC005,Process Change,2024-10-26,Completed
CA11698,INC13429,FAC001,Equipment Repair,2027-11-09,In Progress
CA11700,INC14893,FAC004,Access Control,2026-02-24,Completed
CA11708,INC13245,FAC005,Access Control,2027-05-14,In Progress
CA11714,INC14209,FAC002,Access Control,2024-06-24,In Progress
CA11737,INC13986,FAC005,Training,2026-06-26,Completed
CA11740,INC12413,FAC004,SOP Update,2025-12-18,Overdue
CA11742,INC11815,FAC002,Equipment Repair,2026-07-22,Completed
CA11745,INC12882,FAC004,Process Change,2022-02-14,Overdue
CA11761,INC12124,FAC003,Access Control,2026-07-14,Completed
CA11765,INC13653,FAC001,Access Control,2024-10-24,Open
CA11768,INC11860,FAC002,Process Change,2027-12-12,In Progress
CA11769,INC13846,FAC005,Access Control,2022-07-28,In Progress
CA11774,INC12804,FAC003,Equipment Repair,2027-02-13,Completed
CA11776,INC12309,FAC005,Process Change,2022-11-24,Completed
CA11779,INC12633,FAC001,Equipment Repair,2021-07-15,Open
CA11784,INC14315,FAC003,Process Change,2023-05-16,Completed
CA11790,INC14760,FAC001,Process Change,2022-12-20,In Progress
CA11799,INC12146,FAC004,Training,2024-07-31,Completed
CA11801,INC13651,FAC002,SOP Update,2027-08-24,Completed
CA11807,INC13936,FAC004,Training,2023-02-12,Overdue
CA11811,INC14701,FAC005,Access Control,2027-05-14,Overdue
CA11818,INC13778,FAC005,SOP Update,2025-06-25,Open
CA11822,INC13040,FAC002,SOP Update,2025-12-12,In Progress
CA11824,INC12929,FAC001,Training,2025-12-28,Completed
CA11826,INC13891,FAC004,SOP Update,2021-03-25,Completed
CA11830,INC13601,FAC002,SOP Update,2023-12-16,Open
CA11835,INC13545,FAC003,Access Control,2027-01-27,Completed
CA11837,INC12295,FAC005,Training,2027-06-19,In Progress
CA11838,INC12887,FAC002,Training,2027-12-24,In Progress
CA11846,INC13250,FAC005,Training,2023-03-18,Open
CA11852,INC13901,FAC002,Training,2022-09-01,Completed
CA11859,INC12164,FAC005,Access Control,2025-06-06,Overdue
CA11863,INC14255,FAC003,SOP Update,2022-10-10,Completed
CA11864,INC13006,FAC004,Training,2022-07-28,Completed
CA11871,INC13858,FAC004,Equipment Repair,2028-07-16,In Progress
CA11875,INC14112,FAC003,Equipment Repair,2022-09-25,Open
CA11882,INC12894,FAC003,Process Change,2025-12-21,Open
CA11884,INC14478,FAC001,Equipment Repair,2024-08-24,Completed
CA11886,INC12498,FAC003,Access Control,2024-05-31,In Progress
CA11895,INC12254,FAC004,Access Control,2023-02-07,Open
CA11905,INC14691,FAC003,Training,2022-02-17,Completed
CA11912,INC13617,FAC005,Equipment Repair,2027-09-26,Completed
CA11918,INC14975,FAC002,Process Change,2025-05-14,In Progress
CA11923,INC14524,FAC002,Equipment Repair,2024-10-15,Overdue
CA11937,INC14587,FAC003,Equipment Repair,2023-09-24,Open
CA11942,INC12031,FAC004,SOP Update,2023-03-09,Completed
CA11946,INC13918,FAC005,Access Control,2024-02-28,Completed
CA11952,INC13535,FAC001,Training,2023-11-29,Completed
CA11962,INC13382,FAC001,Access Control,2025-03-08,In Progress
CA11976,INC12792,FAC001,Equipment Repair,2026-01-18,In Progress
CA11990,INC14692,FAC002,SOP Update,2023-11-26,Open
CA11994,INC14346,FAC003,Process Change,2026-07-13,In Progress
CA11997,INC13106,FAC004,Process Change,2027-01-12,Completed
