facility_department_id,department_id,department_name,facility_id
FAC001_DEP001,DEP001,Cardiology,FAC001
FAC001_DEP002,DEP002,Orthopedics,FAC001
FAC001_DEP003,DEP003,Pediatrics,FAC001
FAC001_DEP004,DEP004,Neurology,FAC001
FAC001_DEP005,DEP005,General Medicine,FAC001
FAC001_DEP008,DEP008,Emergency,FAC001
FAC002_DEP001,DEP001,Cardiology,FAC002
FAC002_DEP002,DEP002,Orthopedics,FAC002
FAC002_DEP005,DEP005,General Medicine,FAC002
FAC002_DEP006,DEP006,Dermatology,FAC002
FAC002_DEP007,DEP007,ENT,FAC002
FAC003_DEP001,DEP001,Cardiology,FAC003
FAC003_DEP003,DEP003,Pediatrics,FAC003
FAC003_DEP005,DEP005,General Medicine,FAC003
FAC003_DEP007,DEP007,ENT,FAC003
FAC003_DEP008,DEP008,Emergency,FAC003
FAC004_DEP001,DEP001,Cardiology,FAC004
FAC004_DEP002,DEP002,Orthopedics,FAC004
FAC004_DEP004,DEP004,Neurology,FAC004
FAC004_DEP005,DEP005,General Medicine,FAC004
FAC004_DEP006,DEP006,Dermatology,FAC004
FAC004_DEP007,DEP007,ENT,FAC004
FAC005_DEP001,DEP001,Cardiology,FAC005
FAC005_DEP003,DEP003,Pediatrics,FAC005
FAC005_DEP005,DEP005,General Medicine,FAC005
FAC005_DEP006,DEP006,Dermatology,FAC005
FAC005_DEP007,DEP007,ENT,FAC005
FAC005_DEP008,DEP008,Emergency,FAC005
