expense_id,facility_id,expense_date,expense_category,amount,payment_status
EXP101782,FAC003,2025-07-14,Maintenance,64638.57,Paid
EXP103917,FAC004,2026-03-04,Lab,59872.3,Paid
EXP100221,FAC005,2025-01-25,Payroll,66804.62,Pending
EXP102135,FAC001,2025-08-21,Maintenance,38457.99,Paid
EXP105224,FAC001,2024-07-02,Payroll,46858.89,Paid
EXP101168,FAC005,2025-05-08,Utilities,21982.81,Paid
EXP100879,FAC001,2025-04-06,Supplies,22954.61,Paid
EXP100156,FAC001,2025-01-18,Supplies,19226.65,Paid
EXP101657,FAC003,2025-06-30,Utilities,71267.92,Paid
EXP100323,FAC003,2025-02-05,Pharmacy,68942.13,Pending
EXP105302,FAC001,2022-12-29,Payroll,59849.85,Paid
EXP102611,FAC005,2025-10-12,Maintenance,44652.01,Paid
EXP100811,FAC001,2025-03-30,IT,58924.1,Paid
EXP100393,FAC005,2025-02-12,Administration,11227.75,Paid
EXP103593,FAC005,2026-01-27,Maintenance,67667.58,Paid
EXP102638,FAC002,2025-10-15,IT,48685.66,Paid
EXP102187,FAC005,2025-08-27,IT,13259.23,Paid
EXP105351,FAC003,2024-08-19,Lab,13313.42,Paid
EXP100319,FAC002,2025-02-04,Maintenance,40423.75,Pending
EXP100167,FAC003,2025-01-19,Maintenance,29759.79,Paid
EXP100746,FAC003,2025-03-23,IT,5041.03,Paid
EXP105470,FAC004,2023-04-21,Administration,38976.85,Paid
EXP103707,FAC001,2026-02-09,IT,21089.44,Paid
EXP102764,FAC001,2025-10-29,Maintenance,13564.6,Paid
EXP105112,FAC002,2022-01-10,IT,53169.11,Paid
EXP104006,FAC002,2026-03-13,Utilities,34680.47,Paid
EXP101871,FAC005,2025-07-23,Maintenance,7624.36,Paid
EXP105756,FAC004,2023-09-20,Lab,36630.91,Paid
EXP103193,FAC001,2025-12-15,Utilities,67190.83,Paid
EXP103754,FAC002,2026-02-14,IT,29031.02,Paid
EXP105625,FAC002,2025-08-11,IT,24972.98,Paid
EXP104894,FAC003,2026-06-18,IT,23822.76,Paid
EXP104102,FAC003,2026-03-24,Lab,59184.93,Pending
EXP101261,FAC001,2025-05-18,Lab,54352.5,Paid
EXP102338,FAC001,2025-09-12,Maintenance,11311.58,Pending
EXP100084,FAC001,2025-01-10,Lab,14453.54,Paid
EXP103821,FAC005,2026-02-21,Pharmacy,68930.11,Paid
EXP102653,FAC003,2025-10-17,Administration,17683.64,Paid
EXP105545,FAC003,2022-12-26,Supplies,16986.76,Paid
EXP102746,FAC004,2025-10-27,Maintenance,21995.38,Paid
EXP102858,FAC002,2025-11-08,IT,54486.45,Pending
EXP100996,FAC004,2025-04-19,Administration,9014.84,Paid
EXP100228,FAC002,2025-01-25,Utilities,63855.25,Paid
EXP103264,FAC004,2025-12-22,Payroll,29233.99,Paid
EXP104828,FAC002,2026-06-11,IT,67528.8,Paid
EXP103942,FAC005,2026-03-06,Administration,54834.68,Pending
EXP105459,FAC002,2026-08-31,Pharmacy,14362.19,Paid
EXP103832,FAC002,2026-02-22,Administration,36676.64,Paid
EXP101652,FAC003,2025-06-30,Payroll,40759.62,Paid
EXP100079,FAC005,2025-01-09,Utilities,27476.9,Pending
EXP100964,FAC003,2025-04-16,IT,65149.79,Paid
EXP100926,FAC004,2025-04-11,Supplies,10940.95,Paid
EXP100794,FAC001,2025-03-28,Pharmacy,45442.86,Paid
EXP103379,FAC003,2026-01-04,Administration,69238.13,Pending
EXP103164,FAC002,2025-12-11,Utilities,51302.81,Paid
EXP104657,FAC004,2026-05-23,Administration,9648.53,Pending
EXP103311,FAC003,2025-12-27,IT,51124.47,Paid
EXP103934,FAC003,2026-03-05,Pharmacy,37736.33,Pending
EXP101074,FAC002,2025-04-28,Pharmacy,71444.51,Paid
EXP104840,FAC004,2026-06-12,Utilities,28943.68,Paid
EXP104183,FAC001,2026-04-02,Payroll,19570.34,Pending
EXP102024,FAC005,2025-08-09,Supplies,20771.91,Paid
EXP105677,FAC003,2026-02-17,Pharmacy,55836.13,Paid
EXP104634,FAC002,2026-05-21,Utilities,1390.24,Paid
EXP101745,FAC003,2025-07-10,Utilities,2481.16,Paid
EXP103143,FAC003,2025-12-09,Payroll,21928.74,Paid
EXP103263,FAC001,2025-12-22,Pharmacy,30411.82,Paid
EXP103121,FAC001,2025-12-07,Payroll,46178.63,Pending
EXP101451,FAC003,2025-06-08,IT,16224.1,Paid
EXP100439,FAC002,2025-02-17,Pharmacy,13681.58,Pending
EXP103316,FAC004,2025-12-28,IT,21518.45,Pending
EXP104543,FAC001,2026-05-11,Payroll,55101.07,Pending
EXP102981,FAC002,2025-11-21,Lab,7399.7,Paid
EXP102080,FAC002,2025-08-15,Administration,16822.76,Paid
EXP104020,FAC004,2026-03-15,Utilities,59691.71,Paid
EXP101454,FAC002,2025-06-08,Payroll,6012.51,Paid
EXP100254,FAC005,2025-01-28,Maintenance,30626.22,Paid
EXP100465,FAC002,2025-02-20,Supplies,26198.7,Paid
EXP102117,FAC002,2025-08-19,Lab,36562.86,Paid
EXP100506,FAC002,2025-02-25,Lab,1375.66,Pending
EXP104271,FAC001,2026-04-11,Pharmacy,9994.98,Paid
EXP104288,FAC001,2026-04-13,Administration,28442.08,Pending
EXP104213,FAC002,2026-04-05,Maintenance,41535.52,Paid
EXP100233,FAC004,2025-01-26,Lab,52035.38,Paid
EXP100553,FAC003,2025-03-02,Utilities,24625.75,Paid
EXP105314,FAC004,2024-09-18,Maintenance,9213.57,Paid
EXP100544,FAC003,2025-03-01,Lab,36007.68,Paid
EXP103700,FAC002,2026-02-08,Supplies,17835.46,Pending
EXP103540,FAC004,2026-01-21,IT,40113.23,Paid
EXP102788,FAC004,2025-10-31,Maintenance,69196.92,Pending
EXP102864,FAC003,2025-11-09,Payroll,74505.96,Paid
EXP102083,FAC005,2025-08-16,Maintenance,8635.42,Paid
EXP105542,FAC004,2023-12-13,Maintenance,27765.03,Paid
EXP100308,FAC001,2025-02-03,Payroll,7583.27,Paid
EXP100710,FAC005,2025-03-19,Maintenance,40231.39,Pending
EXP104103,FAC003,2026-03-24,Administration,27196.18,Paid
EXP101580,FAC003,2025-06-22,Supplies,63659.52,Paid
EXP101310,FAC005,2025-05-23,Supplies,65456.19,Pending
EXP100625,FAC001,2025-03-10,Utilities,27617.77,Pending
EXP100023,FAC001,2025-01-03,Administration,49181.29,Paid
EXP102531,FAC003,2025-10-03,Supplies,16642.77,Paid
EXP101870,FAC002,2025-07-23,Supplies,49083.26,Paid
EXP105110,FAC005,2026-10-20,Lab,38194.08,Paid
EXP103488,FAC001,2026-01-16,Payroll,10704.86,Paid
EXP101170,FAC004,2025-05-08,Lab,7847.25,Pending
EXP104745,FAC002,2026-06-02,Administration,36260.69,Paid
EXP102118,FAC005,2025-08-19,Utilities,58185.92,Paid
EXP103018,FAC002,2025-11-26,Payroll,70510.04,Paid
EXP101194,FAC001,2025-05-11,Lab,22551.23,Paid
EXP102245,FAC002,2025-09-02,Lab,57380.55,Paid
EXP102873,FAC004,2025-11-10,Payroll,49471.71,Paid
EXP105639,FAC005,2025-03-24,Pharmacy,38127.12,Paid
EXP102549,FAC003,2025-10-05,Payroll,38988.2,Paid
EXP103154,FAC002,2025-12-10,IT,3674.68,Paid
EXP100093,FAC005,2025-01-11,Lab,39300.3,Paid
EXP102077,FAC003,2025-08-15,IT,12426.18,Paid
EXP100469,FAC005,2025-02-21,Lab,24188.92,Paid
EXP100787,FAC005,2025-03-27,Administration,74971.07,Paid
EXP101699,FAC002,2025-07-05,Payroll,5127.79,Paid
EXP101837,FAC003,2025-07-20,Lab,49723.25,Paid
EXP103063,FAC005,2025-11-30,Maintenance,7983.61,Paid
EXP101706,FAC003,2025-07-05,Supplies,736.93,Paid
EXP103967,FAC001,2026-03-09,Pharmacy,46494.41,Paid
EXP103862,FAC002,2026-02-26,Pharmacy,57678.38,Pending
EXP103664,FAC001,2026-02-04,Payroll,35655.61,Paid
EXP105891,FAC002,2026-02-17,Utilities,64521.81,Pending
EXP103204,FAC002,2025-12-16,Pharmacy,67666.55,Paid
EXP100604,FAC002,2025-03-07,Administration,14767.1,Pending
EXP104942,FAC004,2026-06-23,Utilities,6901.56,Paid
EXP101550,FAC001,2025-06-18,Supplies,51714.69,Paid
EXP104708,FAC004,2026-05-29,Supplies,66198.38,Paid
EXP104834,FAC001,2026-06-12,Lab,56721.89,Paid
EXP103185,FAC005,2025-12-14,Administration,34030.98,Paid
EXP104386,FAC001,2026-04-24,Utilities,9341.37,Paid
EXP101586,FAC003,2025-06-22,Administration,20972.38,Pending
EXP103119,FAC003,2025-12-07,IT,45261.74,Paid
EXP103399,FAC002,2026-01-06,Lab,14873.07,Paid
EXP100401,FAC003,2025-02-13,Lab,32577.84,Paid
EXP100031,FAC004,2025-01-04,Utilities,3087.46,Pending
EXP101483,FAC005,2025-06-11,Pharmacy,24630.92,Paid
EXP102680,FAC001,2025-10-20,Utilities,59727.04,Paid
EXP100599,FAC003,2025-03-07,Supplies,66738.94,Paid
EXP103149,FAC002,2025-12-10,Lab,2957.64,Paid
EXP105544,FAC001,2026-10-08,Maintenance,75614.38,Pending
EXP101860,FAC005,2025-07-22,Maintenance,14834.35,Paid
EXP100565,FAC002,2025-03-03,Payroll,20349.83,Paid
EXP102213,FAC002,2025-08-30,Maintenance,48615.12,Paid
EXP101966,FAC005,2025-08-03,Supplies,20995.43,Paid
EXP100865,FAC004,2025-04-05,Pharmacy,36134.07,Paid
EXP104607,FAC003,2026-05-18,Utilities,52231.81,Paid
EXP102450,FAC002,2025-09-25,Lab,26229.15,Pending
EXP105692,FAC004,2025-09-11,Maintenance,60222.63,Paid
EXP100812,FAC004,2025-03-30,IT,10602.5,Pending
EXP101477,FAC003,2025-06-11,Maintenance,12301.48,Paid
EXP104734,FAC003,2026-06-01,Administration,64231.39,Paid
EXP102271,FAC004,2025-09-05,IT,29862.17,Paid
EXP101038,FAC004,2025-04-24,Supplies,72610.28,Paid
EXP104526,FAC005,2026-05-09,Maintenance,10384.91,Pending
EXP100080,FAC005,2025-01-09,Supplies,69045.08,Paid
EXP101204,FAC003,2025-05-12,Utilities,67948.74,Paid
EXP103285,FAC001,2025-12-25,IT,6788.48,Paid
EXP101545,FAC003,2025-06-18,Administration,33408.72,Paid
EXP100177,FAC001,2025-01-20,Maintenance,51131.49,Paid
EXP102585,FAC003,2025-10-09,Supplies,34696.51,Paid
EXP105992,FAC001,2026-05-13,Pharmacy,18176.37,Pending
EXP104863,FAC003,2026-06-15,Pharmacy,19304.13,Paid
EXP101438,FAC004,2025-06-06,Utilities,57378.27,Paid
EXP100296,FAC001,2025-02-02,Pharmacy,58415.24,Paid
EXP103615,FAC001,2026-01-30,Utilities,40354.87,Paid
EXP103647,FAC001,2026-02-02,Payroll,66157.47,Paid
EXP100157,FAC004,2025-01-18,Pharmacy,11307.08,Pending
EXP101027,FAC001,2025-04-22,Supplies,51291.38,Paid
EXP100410,FAC004,2025-02-14,Lab,11901.56,Pending
EXP103958,FAC003,2026-03-08,Administration,44375.35,Paid
EXP105937,FAC004,2023-08-31,Pharmacy,53964.86,Paid
EXP104956,FAC003,2026-06-25,Maintenance,1443.24,Paid
EXP104756,FAC001,2026-06-03,Pharmacy,59500.23,Paid
EXP105447,FAC004,2025-02-13,Supplies,40765.49,Paid
EXP102181,FAC004,2025-08-26,Payroll,66853.62,Paid
EXP105808,FAC002,2026-07-18,IT,45960.42,Paid
EXP100810,FAC005,2025-03-30,Lab,1437.7,Paid
EXP104915,FAC004,2026-06-20,Administration,52056.05,Paid
EXP104953,FAC005,2026-06-24,IT,13241.02,Paid
EXP103733,FAC004,2026-02-11,Administration,13953.47,Paid
EXP105163,FAC001,2022-03-11,Supplies,40497.66,Paid
EXP102977,FAC005,2025-11-21,Utilities,57488.57,Paid
EXP103795,FAC003,2026-02-18,Supplies,3847.46,Pending
EXP102168,FAC001,2025-08-25,Utilities,49913.05,Paid
EXP103077,FAC002,2025-12-02,Supplies,20616.94,Paid
EXP101694,FAC002,2025-07-04,Utilities,21876.12,Paid
EXP101024,FAC004,2025-04-22,Supplies,57946.49,Paid
EXP103946,FAC002,2026-03-07,Pharmacy,44041.66,Paid
EXP102124,FAC004,2025-08-20,Payroll,58318.36,Paid
EXP105294,FAC002,2024-10-14,Lab,60443.94,Paid
EXP102704,FAC003,2025-10-22,Maintenance,52818.28,Paid
EXP101033,FAC001,2025-04-23,Pharmacy,43043.42,Pending
EXP105871,FAC004,2025-11-06,Utilities,76997.93,Paid
EXP105364,FAC004,2024-02-28,Maintenance,41352.7,Paid
EXP104159,FAC002,2026-03-30,Pharmacy,68337.12,Paid
EXP101700,FAC003,2025-07-05,Pharmacy,48663.44,Paid
EXP102913,FAC003,2025-11-14,Pharmacy,11379.16,Paid
EXP104878,FAC001,2026-06-16,Supplies,54311.98,Paid
EXP103320,FAC004,2025-12-28,IT,60579.52,Paid
EXP105026,FAC004,2023-05-04,Maintenance,21797.25,Pending
EXP102582,FAC005,2025-10-09,Pharmacy,14142.83,Paid
EXP105283,FAC003,2021-11-23,IT,80000.0,Paid
EXP104250,FAC002,2026-04-09,Maintenance,9547.56,Paid
EXP101186,FAC005,2025-05-10,Maintenance,55037.02,Paid
EXP103737,FAC005,2026-02-12,Supplies,17465.68,Paid
EXP100783,FAC004,2025-03-27,Maintenance,41836.67,Paid
EXP104402,FAC004,2026-04-25,Payroll,67431.25,Paid
EXP100050,FAC005,2025-01-06,Payroll,26736.21,Paid
EXP100712,FAC002,2025-03-19,Payroll,9804.92,Paid
EXP102306,FAC002,2025-09-09,Lab,50891.98,Paid
EXP103867,FAC001,2026-02-26,Maintenance,32577.76,Pending
EXP102446,FAC005,2025-09-24,Payroll,13804.01,Paid
EXP102240,FAC005,2025-09-02,Pharmacy,67919.99,Paid
EXP104603,FAC001,2026-05-17,Lab,73454.22,Paid
EXP104790,FAC004,2026-06-07,IT,38737.69,Paid
EXP103103,FAC003,2025-12-05,Maintenance,23633.49,Paid
EXP105566,FAC001,2026-01-15,Lab,54743.6,Paid
EXP100676,FAC001,2025-03-15,Utilities,7818.25,Pending
EXP105556,FAC002,2023-07-13,Utilities,32322.0,Pending
EXP103639,FAC003,2026-02-01,Payroll,3888.31,Paid
EXP102694,FAC001,2025-10-21,Supplies,70719.07,Paid
EXP102995,FAC004,2025-11-23,Lab,10395.02,Paid
EXP101562,FAC001,2025-06-20,Pharmacy,46690.66,Paid
EXP103649,FAC001,2026-02-02,Lab,50514.01,Paid
EXP102465,FAC001,2025-09-26,Payroll,31844.73,Paid
EXP100346,FAC005,2025-02-07,Pharmacy,66252.71,Pending
EXP101496,FAC005,2025-06-13,Payroll,31085.95,Pending
EXP102344,FAC001,2025-09-13,Maintenance,33485.21,Paid
EXP103905,FAC003,2026-03-02,Maintenance,74100.29,Pending
EXP103658,FAC005,2026-02-03,Administration,28835.05,Paid
EXP100622,FAC004,2025-03-09,Supplies,70880.86,Paid
EXP104096,FAC005,2026-03-23,Payroll,60587.82,Paid
EXP101400,FAC003,2025-06-02,Pharmacy,17163.0,Paid
EXP103297,FAC002,2025-12-26,Lab,2018.49,Paid
EXP103985,FAC002,2026-03-11,IT,23022.61,Pending
EXP105181,FAC001,2026-06-26,Utilities,31833.07,Paid
EXP104617,FAC004,2026-05-19,Payroll,22422.24,Pending
EXP100324,FAC004,2025-02-05,Supplies,28000.94,Pending
EXP102997,FAC002,2025-11-23,Utilities,14753.51,Paid
EXP100037,FAC001,2025-01-05,Utilities,7660.18,Paid
EXP105374,FAC002,2024-07-24,Lab,49662.05,Paid
EXP104184,FAC002,2026-04-02,Payroll,74495.36,Paid
EXP100530,FAC001,2025-02-27,Pharmacy,32992.21,Paid
EXP102642,FAC003,2025-10-16,Maintenance,68989.91,Paid
EXP103680,FAC002,2026-02-06,IT,39420.22,Paid
EXP102348,FAC004,2025-09-13,Supplies,10611.06,Pending
EXP102784,FAC003,2025-10-31,Utilities,35558.02,Pending
EXP105492,FAC001,2022-01-29,Administration,49664.75,Paid
EXP102225,FAC003,2025-08-31,Maintenance,40348.02,Paid
EXP101073,FAC003,2025-04-27,Pharmacy,61562.81,Pending
EXP101197,FAC003,2025-05-11,Maintenance,10456.29,Paid
EXP105138,FAC004,2023-01-04,Supplies,57965.96,Paid
EXP100263,FAC005,2025-01-29,Lab,67983.32,Paid
EXP101729,FAC004,2025-07-08,Lab,64912.96,Paid
EXP105328,FAC003,2024-01-26,Payroll,51965.13,Paid
EXP100907,FAC005,2025-04-09,Payroll,20691.22,Paid
EXP101335,FAC002,2025-05-26,Administration,2447.06,Paid
EXP101393,FAC004,2025-06-01,Administration,72932.16,Paid
EXP100960,FAC004,2025-04-15,Maintenance,58997.59,Paid
EXP100239,FAC002,2025-01-27,Lab,49195.93,Paid
EXP100199,FAC003,2025-01-22,Administration,47487.52,Paid
EXP102417,FAC003,2025-09-21,Maintenance,21254.64,Paid
EXP105469,FAC004,2025-02-05,Pharmacy,50911.92,Paid
EXP104310,FAC005,2026-04-15,Utilities,48220.31,Paid
EXP104714,FAC004,2026-05-29,Maintenance,56400.88,Paid
EXP105790,FAC001,2025-05-14,Pharmacy,55638.57,Paid
EXP100325,FAC002,2025-02-05,Utilities,73619.36,Paid
EXP102677,FAC003,2025-10-19,Pharmacy,69020.12,Paid
EXP105823,FAC003,2026-02-22,Supplies,25646.07,Paid
EXP104418,FAC004,2026-04-27,Administration,42831.03,Paid
EXP100101,FAC001,2025-01-12,Maintenance,811.7,Pending
EXP101737,FAC005,2025-07-09,Maintenance,16300.51,Paid
EXP105261,FAC004,2024-10-07,IT,37532.83,Paid
EXP100877,FAC005,2025-04-06,Lab,31217.63,Paid
EXP105892,FAC001,2025-11-05,Maintenance,58718.96,Paid
EXP100408,FAC004,2025-02-14,Utilities,27764.83,Paid
EXP103745,FAC002,2026-02-13,Supplies,71755.35,Paid
EXP101244,FAC001,2025-05-16,Utilities,26215.56,Paid
EXP102287,FAC002,2025-09-07,Supplies,68292.48,Pending
EXP101354,FAC004,2025-05-28,Utilities,60729.03,Paid
EXP102857,FAC003,2025-11-08,Supplies,30052.76,Paid
EXP100893,FAC001,2025-04-08,Pharmacy,10966.98,Paid
EXP101181,FAC003,2025-05-09,IT,18131.38,Paid
EXP104655,FAC004,2026-05-23,Utilities,44170.22,Paid
EXP105322,FAC003,2026-03-19,Pharmacy,61477.37,Paid
EXP103698,FAC003,2026-02-08,Lab,60894.17,Pending
EXP104466,FAC004,2026-05-02,IT,20690.38,Paid
EXP104325,FAC002,2026-04-17,IT,53243.91,Pending
EXP100730,FAC001,2025-03-21,IT,64732.12,Pending
EXP101032,FAC004,2025-04-23,IT,47849.75,Paid
EXP103066,FAC003,2025-12-01,Lab,10712.11,Paid
EXP105658,FAC005,2022-01-12,Administration,64355.81,Paid
EXP104896,FAC004,2026-06-18,Payroll,70179.04,Paid
EXP100977,FAC005,2025-04-17,Pharmacy,72024.29,Paid
EXP104969,FAC002,2026-06-26,Administration,43552.73,Paid
EXP102622,FAC002,2025-10-13,Administration,12454.48,Paid
EXP101225,FAC005,2025-05-14,Lab,51429.74,Paid
EXP101209,FAC003,2025-05-12,Supplies,42526.61,Paid
EXP105480,FAC001,2026-07-31,Payroll,47219.17,Pending
EXP100586,FAC005,2025-03-05,Administration,16590.63,Pending
EXP105454,FAC003,2024-01-12,Supplies,7656.29,Paid
EXP102820,FAC005,2025-11-04,Payroll,28668.44,Paid
EXP105755,FAC002,2024-07-18,Payroll,20742.52,Pending
EXP102718,FAC004,2025-10-24,Administration,33482.2,Paid
EXP105624,FAC005,2024-04-01,Maintenance,14188.5,Paid
EXP101760,FAC004,2025-07-11,Pharmacy,59687.76,Pending
EXP103049,FAC004,2025-11-29,Lab,12991.79,Paid
EXP101869,FAC003,2025-07-23,Lab,73748.39,Paid
EXP101544,FAC003,2025-06-18,Administration,41822.76,Paid
EXP100472,FAC002,2025-02-21,Administration,34303.79,Pending
EXP105239,FAC002,2026-02-05,Payroll,26896.53,Paid
EXP101158,FAC001,2025-05-07,Lab,73570.52,Paid
EXP100132,FAC001,2025-01-15,Lab,9665.81,Paid
EXP101536,FAC005,2025-06-17,Supplies,33518.0,Paid
EXP102488,FAC005,2025-09-29,Supplies,51482.58,Paid
EXP101632,FAC002,2025-06-27,Utilities,71800.48,Pending
EXP101321,FAC002,2025-05-25,Lab,9519.6,Paid
EXP105427,FAC005,2021-12-17,Pharmacy,2941.71,Paid
EXP101188,FAC003,2025-05-10,Lab,9627.71,Paid
EXP104378,FAC004,2026-04-23,Pharmacy,36287.22,Paid
EXP103971,FAC001,2026-03-09,Maintenance,23813.1,Pending
EXP104816,FAC003,2026-06-10,Payroll,67544.71,Paid
EXP100681,FAC003,2025-03-16,Lab,37270.74,Paid
EXP101777,FAC001,2025-07-13,Maintenance,18578.72,Paid
EXP104405,FAC004,2026-04-26,Pharmacy,37070.28,Paid
EXP104600,FAC005,2026-05-17,Payroll,72544.24,Paid
EXP104562,FAC002,2026-05-13,Pharmacy,19279.41,Paid
EXP102902,FAC001,2025-11-13,Pharmacy,39023.69,Paid
EXP105686,FAC003,2021-09-15,IT,45460.49,Paid
EXP103551,FAC004,2026-01-23,Pharmacy,64492.1,Pending
EXP105642,FAC001,2024-10-15,Administration,32841.01,Paid
EXP101374,FAC003,2025-05-30,Utilities,61804.74,Paid
EXP101945,FAC001,2025-08-01,Utilities,8146.68,Paid
EXP100168,FAC001,2025-01-19,Pharmacy,59529.17,Paid
EXP104071,FAC004,2026-03-20,Lab,22709.84,Pending
EXP104747,FAC001,2026-06-02,Payroll,9991.07,Paid
EXP100501,FAC002,2025-02-24,Utilities,28326.76,Paid
EXP101803,FAC005,2025-07-16,Administration,69758.83,Pending
EXP100881,FAC005,2025-04-07,Payroll,7938.87,Paid
EXP100706,FAC005,2025-03-18,Maintenance,69524.36,Paid
EXP103366,FAC003,2026-01-02,Payroll,9047.61,Pending
EXP102323,FAC005,2025-09-11,Payroll,72590.71,Paid
EXP102893,FAC002,2025-11-12,Utilities,60539.68,Pending
EXP103816,FAC003,2026-02-21,Utilities,55900.28,Paid
EXP102559,FAC002,2025-10-06,Maintenance,39359.88,Paid
EXP100230,FAC002,2025-01-26,Maintenance,73461.81,Paid
EXP105091,FAC003,2022-10-20,Lab,53373.0,Paid
EXP101554,FAC005,2025-06-19,IT,42318.52,Paid
EXP104239,FAC004,2026-04-08,Administration,69565.47,Paid
EXP105094,FAC005,2023-11-06,Maintenance,30970.84,Paid
EXP104786,FAC003,2026-06-06,Lab,69183.97,Pending
EXP103601,FAC002,2026-01-28,Maintenance,4515.8,Paid
EXP105217,FAC004,2026-12-23,Lab,28364.46,Paid
EXP105075,FAC002,2025-11-11,Lab,34772.55,Paid
EXP100017,FAC005,2025-01-02,Administration,4303.64,Paid
EXP105175,FAC002,2021-07-22,Utilities,39258.6,Paid
EXP102868,FAC003,2025-11-09,Administration,29942.28,Paid
EXP101654,FAC001,2025-06-30,Supplies,13891.25,Paid
EXP101129,FAC003,2025-05-04,Supplies,58324.68,Paid
EXP102329,FAC004,2025-09-11,Supplies,51077.4,Paid
EXP101090,FAC001,2025-04-29,Administration,55661.11,Paid
EXP105603,FAC002,2022-06-15,Maintenance,8044.5,Paid
EXP104458,FAC003,2026-05-02,Lab,17834.98,Paid
EXP101498,FAC003,2025-06-13,Utilities,10993.1,Pending
EXP103033,FAC001,2025-11-27,Maintenance,45691.06,Paid
EXP101881,FAC003,2025-07-25,Lab,70028.05,Pending
EXP102662,FAC002,2025-10-18,Supplies,44757.0,Paid
EXP105113,FAC002,2024-08-20,Supplies,27521.11,Paid
EXP103413,FAC005,2026-01-08,Utilities,27212.64,Paid
EXP100696,FAC002,2025-03-17,Supplies,30968.62,Pending
EXP104423,FAC004,2026-04-28,Lab,38265.16,Paid
EXP103484,FAC005,2026-01-15,Maintenance,626.95,Paid
EXP100535,FAC003,2025-02-28,Maintenance,71436.21,Paid
EXP102627,FAC005,2025-10-14,Utilities,39305.63,Pending
EXP103163,FAC004,2025-12-11,Supplies,62542.41,Paid
EXP103492,FAC001,2026-01-16,Pharmacy,70164.37,Paid
EXP103653,FAC003,2026-02-03,Payroll,65454.97,Pending
EXP102594,FAC003,2025-10-10,Administration,64739.87,Paid
EXP105717,FAC005,2024-08-18,Lab,9815.74,Paid
EXP105510,FAC003,2022-02-08,Payroll,11118.97,Paid
EXP101047,FAC004,2025-04-25,Payroll,59675.46,Paid
EXP105684,FAC003,2024-02-06,IT,53689.08,Paid
EXP105018,FAC001,2024-05-28,Utilities,41081.87,Paid
EXP100014,FAC001,2025-01-02,Pharmacy,70043.36,Paid
EXP103742,FAC005,2026-02-12,Administration,61362.68,Paid
EXP104307,FAC002,2026-04-15,Administration,27462.48,Paid
EXP105873,FAC004,2021-11-01,Lab,10824.3,Paid
EXP102347,FAC005,2025-09-13,Supplies,26049.36,Paid
EXP105690,FAC003,2026-01-09,Utilities,77184.28,Paid
EXP101564,FAC005,2025-06-20,Maintenance,2988.98,Paid
EXP105619,FAC004,2024-04-26,Administration,80000.0,Paid
EXP101864,FAC004,2025-07-23,Pharmacy,48644.39,Paid
EXP103094,FAC005,2025-12-04,Supplies,67200.2,Paid
EXP100065,FAC001,2025-01-08,Supplies,16046.37,Pending
EXP103403,FAC004,2026-01-07,Utilities,4260.66,Paid
EXP105409,FAC005,2024-06-16,Payroll,17867.95,Pending
EXP105854,FAC005,2024-10-18,Utilities,55683.94,Paid
EXP102410,FAC001,2025-09-20,Utilities,33910.69,Pending
EXP105769,FAC002,2024-09-17,Supplies,59490.84,Paid
EXP102841,FAC005,2025-11-06,IT,1841.9,Paid
EXP102008,FAC002,2025-08-07,Pharmacy,64028.44,Paid
EXP101272,FAC001,2025-05-19,Maintenance,5117.74,Paid
EXP104945,FAC004,2026-06-24,Supplies,27181.16,Paid
EXP101894,FAC002,2025-07-26,Utilities,18707.49,Paid
EXP104317,FAC003,2026-04-16,Payroll,30920.69,Paid
EXP101971,FAC005,2025-08-03,IT,10152.53,Paid
EXP104095,FAC004,2026-03-23,Utilities,70809.63,Paid
EXP100088,FAC001,2025-01-10,Utilities,29847.36,Paid
EXP103090,FAC004,2025-12-03,Administration,34156.58,Paid
EXP104883,FAC001,2026-06-17,Payroll,16878.39,Paid
EXP101499,FAC001,2025-06-13,Lab,12042.01,Paid
EXP102899,FAC002,2025-11-13,Payroll,17069.46,Pending
EXP101407,FAC003,2025-06-03,Maintenance,17350.2,Paid
EXP103459,FAC003,2026-01-13,Supplies,8645.0,Paid
EXP103670,FAC002,2026-02-05,Pharmacy,58834.9,Paid
EXP104698,FAC005,2026-05-28,Administration,60881.51,Paid
EXP105777,FAC005,2026-04-24,Payroll,27807.79,Paid
EXP104503,FAC001,2026-05-06,Maintenance,23092.19,Pending
EXP100763,FAC002,2025-03-25,Payroll,37968.06,Paid
EXP101662,FAC004,2025-07-01,IT,32808.35,Pending
EXP100420,FAC004,2025-02-15,IT,1289.42,Paid
EXP103014,FAC002,2025-11-25,IT,19244.58,Paid
EXP102584,FAC001,2025-10-09,Pharmacy,52065.72,Pending
EXP100373,FAC002,2025-02-10,Supplies,63066.58,Paid
EXP105031,FAC003,2024-06-20,Supplies,59263.77,Paid
EXP104534,FAC001,2026-05-10,Maintenance,30470.27,Paid
EXP102373,FAC003,2025-09-16,Utilities,49076.4,Pending
EXP102767,FAC002,2025-10-29,Supplies,42877.82,Paid
EXP103361,FAC002,2026-01-02,Maintenance,2969.22,Paid
EXP101832,FAC003,2025-07-19,Supplies,31756.3,Paid
EXP101620,FAC005,2025-06-26,Lab,1435.0,Paid
EXP103275,FAC004,2025-12-24,Pharmacy,36392.2,Paid
EXP100538,FAC001,2025-02-28,Payroll,73488.9,Paid
EXP103550,FAC003,2026-01-23,Payroll,5368.45,Paid
EXP100755,FAC005,2025-03-24,IT,46193.09,Paid
EXP103606,FAC003,2026-01-29,Utilities,37864.13,Pending
EXP100534,FAC002,2025-02-28,IT,49864.15,Paid
EXP101448,FAC003,2025-06-07,Administration,32235.05,Paid
EXP100915,FAC005,2025-04-10,Administration,53590.16,Paid
EXP103127,FAC002,2025-12-07,Administration,25307.56,Paid
EXP104939,FAC004,2026-06-23,Administration,19141.25,Paid
EXP105417,FAC001,2024-07-27,Supplies,39309.51,Paid
EXP100181,FAC002,2025-01-20,Lab,10325.59,Paid
EXP101769,FAC001,2025-07-12,Utilities,65973.52,Paid
EXP104609,FAC002,2026-05-18,Pharmacy,27383.84,Pending
EXP102829,FAC004,2025-11-05,Maintenance,4953.56,Paid
EXP103313,FAC005,2025-12-28,Utilities,72425.76,Paid
EXP105457,FAC005,2021-04-07,IT,13109.09,Paid
EXP101192,FAC001,2025-05-10,Pharmacy,25096.67,Paid
EXP104081,FAC005,2026-03-21,IT,49488.68,Paid
EXP102127,FAC005,2025-08-20,Supplies,16801.23,Paid
EXP105395,FAC001,2022-07-08,IT,52440.01,Paid
EXP100476,FAC002,2025-02-21,Lab,41670.51,Paid
EXP104920,FAC002,2026-06-21,Utilities,48800.52,Pending
EXP101323,FAC003,2025-05-25,IT,20174.92,Paid
EXP100259,FAC001,2025-01-29,Maintenance,7472.63,Paid
EXP100279,FAC005,2025-01-31,IT,34940.78,Paid
EXP100561,FAC005,2025-03-03,Maintenance,7379.68,Paid
EXP104284,FAC003,2026-04-13,Maintenance,58180.91,Paid
EXP100198,FAC004,2025-01-22,Pharmacy,74720.93,Paid
EXP103929,FAC004,2026-03-05,Payroll,67700.36,Paid
EXP104377,FAC002,2026-04-23,Administration,5961.03,Pending
EXP102275,FAC004,2025-09-06,Payroll,2953.65,Paid
EXP101740,FAC002,2025-07-09,Supplies,45606.05,Paid
EXP101891,FAC004,2025-07-26,Payroll,48667.98,Pending
EXP101859,FAC003,2025-07-22,Payroll,12310.73,Paid
EXP104614,FAC001,2026-05-19,Utilities,55003.57,Paid
EXP105903,FAC005,2021-11-26,Pharmacy,33008.66,Paid
EXP103026,FAC001,2025-11-26,Utilities,21896.56,Paid
EXP101383,FAC002,2025-05-31,Payroll,13040.2,Paid
EXP102091,FAC003,2025-08-16,Lab,70597.07,Paid
EXP103076,FAC002,2025-12-02,Utilities,14016.55,Paid
EXP104333,FAC004,2026-04-18,Utilities,19918.51,Pending
EXP103198,FAC001,2025-12-15,Lab,10788.42,Pending
EXP101599,FAC005,2025-06-24,Lab,74847.34,Pending
EXP102574,FAC003,2025-10-08,Maintenance,41836.96,Paid
EXP101726,FAC003,2025-07-08,Maintenance,13560.17,Pending
EXP103237,FAC002,2025-12-19,Pharmacy,35955.05,Paid
EXP105246,FAC001,2026-01-30,Pharmacy,58604.35,Paid
EXP105693,FAC004,2022-07-21,Lab,58113.49,Paid
EXP104666,FAC005,2026-05-24,IT,55514.85,Pending
EXP104792,FAC004,2026-06-07,Utilities,17102.57,Pending
EXP101223,FAC005,2025-05-14,Supplies,59296.51,Pending
EXP101297,FAC005,2025-05-22,IT,44937.08,Paid
EXP102775,FAC005,2025-10-30,Administration,65569.36,Paid
EXP100015,FAC002,2025-01-02,IT,67199.59,Pending
EXP105425,FAC004,2024-08-30,Utilities,5060.97,Paid
EXP100351,FAC001,2025-02-08,Payroll,64663.09,Paid
EXP105404,FAC001,2022-08-03,Maintenance,44803.87,Paid
EXP101362,FAC005,2025-05-29,Supplies,17599.52,Paid
EXP102170,FAC003,2025-08-25,Payroll,8522.15,Paid
EXP102031,FAC001,2025-08-10,Pharmacy,55798.52,Paid
EXP103813,FAC005,2026-02-20,Lab,52080.58,Paid
EXP101022,FAC001,2025-04-22,IT,39072.19,Paid
EXP100371,FAC005,2025-02-10,Supplies,2719.85,Paid
EXP102244,FAC001,2025-09-02,Supplies,32887.48,Paid
EXP102313,FAC003,2025-09-10,Payroll,67603.2,Paid
EXP105860,FAC001,2024-02-23,Lab,48464.93,Paid
EXP103796,FAC001,2026-02-18,IT,29899.7,Paid
EXP103799,FAC002,2026-02-19,Supplies,9547.22,Pending
EXP105804,FAC004,2025-05-12,Payroll,21804.57,Pending
EXP100742,FAC003,2025-03-22,Administration,18011.92,Paid
EXP101268,FAC004,2025-05-19,Payroll,10234.3,Paid
EXP102600,FAC002,2025-10-11,Maintenance,73501.13,Paid
EXP101617,FAC003,2025-06-26,Supplies,40286.45,Paid
EXP100805,FAC004,2025-03-29,IT,57413.42,Paid
EXP104796,FAC005,2026-06-07,Lab,26398.57,Paid
EXP100683,FAC002,2025-03-16,Supplies,67181.59,Paid
EXP104983,FAC001,2026-06-28,Maintenance,26100.15,Paid
EXP103559,FAC003,2026-01-24,Maintenance,6482.06,Paid
EXP103852,FAC005,2026-02-24,Utilities,35506.47,Paid
EXP103805,FAC001,2026-02-19,Pharmacy,65341.5,Paid
EXP105563,FAC002,2022-11-17,Supplies,29169.62,Paid
EXP104706,FAC001,2026-05-29,Lab,15330.08,Paid
EXP104369,FAC001,2026-04-22,Pharmacy,15654.15,Paid
EXP105012,FAC001,2024-05-05,Payroll,30685.55,Paid
EXP103856,FAC002,2026-02-25,IT,57931.87,Paid
EXP103859,FAC002,2026-02-25,Pharmacy,25501.2,Paid
EXP100008,FAC003,2025-01-01,Administration,29122.93,Pending
EXP101862,FAC005,2025-07-22,IT,59963.75,Paid
EXP102819,FAC004,2025-11-04,Administration,42059.1,Paid
EXP101351,FAC004,2025-05-28,Payroll,60640.45,Paid
EXP100576,FAC003,2025-03-04,Payroll,66577.66,Pending
EXP100626,FAC004,2025-03-10,IT,4413.27,Pending
EXP103618,FAC003,2026-01-30,IT,71761.3,Paid
EXP105531,FAC002,2023-01-04,Lab,37354.09,Paid
EXP100426,FAC001,2025-02-16,Supplies,56236.98,Paid
EXP100033,FAC004,2025-01-04,Administration,46646.65,Paid
EXP101046,FAC001,2025-04-25,IT,9507.65,Paid
EXP100044,FAC003,2025-01-05,IT,41365.48,Paid
EXP103339,FAC005,2025-12-31,Supplies,23889.08,Paid
EXP101044,FAC005,2025-04-24,Pharmacy,8523.41,Paid
EXP101101,FAC005,2025-05-01,Payroll,9843.92,Paid
EXP101049,FAC005,2025-04-25,Maintenance,29506.4,Pending
EXP101883,FAC005,2025-07-25,Utilities,67695.8,Paid
EXP104471,FAC002,2026-05-03,Payroll,70017.1,Paid
EXP104633,FAC003,2026-05-21,Administration,71493.41,Paid
EXP101743,FAC004,2025-07-10,Pharmacy,38846.2,Paid
EXP102577,FAC002,2025-10-08,Pharmacy,45849.57,Paid
EXP100063,FAC005,2025-01-07,Administration,64731.26,Paid
EXP104353,FAC001,2026-04-20,Pharmacy,39210.28,Paid
EXP103070,FAC001,2025-12-01,Maintenance,50843.46,Paid
EXP105329,FAC005,2023-03-09,IT,25370.47,Pending
EXP102617,FAC001,2025-10-13,IT,58886.74,Paid
EXP101119,FAC002,2025-05-02,IT,54085.75,Paid
EXP102499,FAC004,2025-09-30,Supplies,58813.6,Paid
EXP103392,FAC003,2026-01-05,Maintenance,32493.18,Paid
EXP100705,FAC005,2025-03-18,Utilities,66927.67,Pending
EXP104986,FAC004,2026-06-28,Maintenance,24145.51,Paid
EXP104962,FAC001,2026-06-25,Maintenance,34160.31,Paid
EXP103268,FAC005,2025-12-23,IT,63280.07,Paid
EXP104010,FAC003,2026-03-14,Lab,46696.58,Paid
EXP101612,FAC003,2025-06-25,Payroll,10218.06,Pending
EXP104222,FAC001,2026-04-06,Administration,47686.19,Paid
EXP101973,FAC002,2025-08-04,Administration,11848.87,Paid
EXP104815,FAC001,2026-06-09,Supplies,51571.44,Pending
EXP105559,FAC001,2023-07-21,Maintenance,26759.96,Paid
EXP103932,FAC004,2026-03-05,IT,40988.33,Paid
EXP101315,FAC005,2025-05-24,Lab,11219.2,Paid
EXP105687,FAC005,2022-05-26,Pharmacy,12715.66,Paid
EXP105694,FAC003,2026-02-17,Utilities,39887.99,Paid
EXP102798,FAC004,2025-11-02,IT,821.64,Paid
EXP105782,FAC005,2022-08-02,Lab,24360.04,Paid
EXP103836,FAC005,2026-02-23,Maintenance,55130.6,Paid
EXP104762,FAC004,2026-06-04,IT,62761.37,Paid
EXP100747,FAC005,2025-03-23,Utilities,40298.21,Paid
EXP104241,FAC001,2026-04-08,Supplies,32593.93,Paid
EXP100473,FAC002,2025-02-21,Maintenance,69450.43,Paid
EXP103443,FAC003,2026-01-11,IT,48336.87,Pending
EXP105673,FAC003,2021-02-03,Supplies,22669.6,Pending
EXP100297,FAC004,2025-02-02,Utilities,38866.49,Paid
EXP100303,FAC005,2025-02-03,Pharmacy,27977.62,Paid
EXP102476,FAC001,2025-09-27,Administration,53810.61,Pending
EXP102377,FAC001,2025-09-17,Pharmacy,74827.68,Pending
EXP103534,FAC002,2026-01-21,Utilities,6299.31,Paid
EXP103309,FAC004,2025-12-27,IT,6474.68,Paid
EXP103869,FAC004,2026-02-26,Administration,26428.87,Paid
EXP104128,FAC002,2026-03-27,Supplies,15425.12,Paid
EXP103616,FAC005,2026-01-30,Utilities,52539.41,Paid
EXP102685,FAC005,2025-10-20,Utilities,53865.79,Paid
EXP100240,FAC003,2025-01-27,Administration,10397.57,Pending
EXP105737,FAC003,2025-08-04,Payroll,20671.07,Pending
EXP102292,FAC004,2025-09-07,Lab,46421.05,Paid
EXP101671,FAC003,2025-07-02,Maintenance,50829.82,Paid
EXP102099,FAC001,2025-08-17,Supplies,27033.01,Paid
EXP105060,FAC003,2021-01-27,Maintenance,72436.34,Pending
EXP101175,FAC001,2025-05-09,Payroll,12369.55,Paid
EXP103933,FAC005,2026-03-05,Maintenance,32969.26,Paid
EXP104383,FAC001,2026-04-23,Supplies,63610.43,Paid
EXP103082,FAC004,2025-12-03,Supplies,57021.01,Paid
EXP102862,FAC001,2025-11-09,Administration,35615.82,Pending
EXP105591,FAC002,2021-04-19,Payroll,52659.65,Paid
EXP105710,FAC002,2024-07-04,Lab,18262.28,Paid
EXP105176,FAC005,2024-09-11,Pharmacy,59146.69,Paid
EXP101647,FAC001,2025-06-29,Utilities,1204.23,Paid
EXP103414,FAC004,2026-01-08,IT,4775.42,Paid
EXP100333,FAC005,2025-02-06,IT,60916.37,Paid
EXP102602,FAC004,2025-10-11,Maintenance,10750.7,Paid
EXP105867,FAC002,2024-09-18,Maintenance,40723.83,Pending
EXP102157,FAC004,2025-08-24,Supplies,34518.83,Paid
EXP101161,FAC005,2025-05-07,Lab,42388.46,Paid
EXP103574,FAC001,2026-01-25,Lab,43950.71,Paid
EXP104476,FAC003,2026-05-03,IT,20099.89,Pending
EXP104581,FAC001,2026-05-15,Lab,12897.35,Paid
EXP104950,FAC003,2026-06-24,Maintenance,52068.97,Pending
EXP103002,FAC001,2025-11-24,Maintenance,20873.3,Paid
EXP100247,FAC002,2025-01-27,Utilities,24785.21,Paid
EXP104876,FAC001,2026-06-16,Lab,5985.6,Paid
EXP103529,FAC005,2026-01-20,Administration,41534.52,Paid
EXP100800,FAC002,2025-03-29,Utilities,32467.61,Paid
EXP101684,FAC004,2025-07-03,Maintenance,68167.96,Pending
EXP104681,FAC004,2026-05-26,Utilities,36398.18,Paid
EXP104196,FAC001,2026-04-03,Administration,1371.62,Paid
EXP101921,FAC005,2025-07-29,Maintenance,15394.49,Paid
EXP102209,FAC002,2025-08-29,IT,68457.53,Paid
EXP101221,FAC004,2025-05-14,Lab,62486.3,Paid
EXP104003,FAC004,2026-03-13,Payroll,4028.43,Pending
EXP101513,FAC003,2025-06-14,IT,25199.24,Paid
EXP104351,FAC002,2026-04-20,Lab,25349.19,Pending
EXP101253,FAC003,2025-05-17,Supplies,74090.18,Paid
EXP105330,FAC002,2024-04-17,Maintenance,36308.18,Paid
EXP105169,FAC004,2022-07-23,IT,30729.98,Pending
EXP100598,FAC001,2025-03-07,Maintenance,55730.13,Pending
EXP101609,FAC004,2025-06-25,Utilities,30598.99,Paid
EXP100315,FAC002,2025-02-04,Maintenance,47984.44,Paid
EXP105242,FAC004,2024-09-27,Payroll,80000.0,Paid
EXP102276,FAC005,2025-09-06,Utilities,5734.41,Paid
EXP100149,FAC002,2025-01-17,Supplies,11980.92,Pending
EXP104733,FAC002,2026-06-01,Payroll,7351.64,Paid
EXP101844,FAC002,2025-07-21,Supplies,962.57,Paid
EXP100290,FAC005,2025-02-01,Lab,38735.2,Paid
EXP100453,FAC001,2025-02-19,Utilities,15086.3,Paid
EXP105961,FAC001,2024-03-13,Maintenance,27414.16,Paid
EXP104808,FAC001,2026-06-09,Maintenance,7553.23,Paid
EXP103396,FAC003,2026-01-06,Payroll,18235.72,Paid
EXP100691,FAC001,2025-03-17,Lab,71023.34,Pending
EXP101144,FAC004,2025-05-05,Supplies,33884.52,Paid
EXP101634,FAC003,2025-06-28,Lab,58186.38,Pending
EXP104192,FAC003,2026-04-03,Pharmacy,28012.52,Pending
EXP101780,FAC001,2025-07-14,Utilities,27023.55,Paid
EXP104970,FAC001,2026-06-26,Supplies,65664.26,Paid
EXP103651,FAC004,2026-02-03,IT,42574.65,Paid
EXP100655,FAC003,2025-03-13,Administration,41121.27,Paid
EXP103135,FAC004,2025-12-08,Pharmacy,2475.44,Paid
EXP101902,FAC004,2025-07-27,Maintenance,48262.22,Paid
EXP104427,FAC002,2026-04-28,Payroll,68314.7,Paid
EXP101039,FAC003,2025-04-24,Utilities,35154.86,Paid
EXP104629,FAC004,2026-05-20,IT,39213.98,Paid
EXP101411,FAC002,2025-06-03,Pharmacy,65082.46,Pending
EXP105747,FAC001,2023-12-21,Supplies,12998.22,Paid
EXP101672,FAC003,2025-07-02,Administration,19693.4,Paid
EXP105095,FAC005,2021-09-13,IT,500.0,Paid
EXP101370,FAC001,2025-05-30,Supplies,55614.94,Paid
EXP105082,FAC001,2023-08-14,Administration,31463.1,Paid
EXP103133,FAC003,2025-12-08,Pharmacy,35611.8,Paid
EXP102380,FAC003,2025-09-17,Supplies,72468.04,Paid
EXP103720,FAC004,2026-02-10,Utilities,27530.62,Paid
EXP104091,FAC003,2026-03-23,Utilities,58949.34,Paid
EXP105006,FAC001,2023-02-04,Supplies,79090.81,Pending
EXP101623,FAC005,2025-06-26,Payroll,29742.65,Paid
EXP103669,FAC001,2026-02-05,Administration,15472.43,Paid
EXP100381,FAC001,2025-02-11,Utilities,534.88,Paid
EXP103114,FAC003,2025-12-06,Utilities,7575.77,Paid
EXP101820,FAC003,2025-07-18,Payroll,18947.85,Paid
EXP103630,FAC002,2026-01-31,Pharmacy,50114.36,Paid
EXP100422,FAC002,2025-02-16,Utilities,48850.84,Paid
EXP100808,FAC002,2025-03-30,Payroll,42355.85,Paid
EXP101379,FAC004,2025-05-31,Maintenance,65737.45,Paid
EXP101669,FAC004,2025-07-01,Payroll,30319.1,Paid
EXP102098,FAC005,2025-08-17,Lab,63519.13,Paid
EXP105525,FAC002,2023-11-04,Utilities,23378.5,Paid
EXP100124,FAC003,2025-01-14,Lab,46227.63,Paid
EXP100102,FAC002,2025-01-12,Lab,52874.71,Paid
EXP104058,FAC004,2026-03-19,Utilities,44658.27,Paid
EXP101732,FAC004,2025-07-08,Administration,38481.32,Paid
EXP103035,FAC005,2025-11-27,Lab,5830.54,Paid
EXP102915,FAC002,2025-11-14,Maintenance,5345.95,Paid
EXP100486,FAC001,2025-02-22,Maintenance,24702.65,Paid
EXP101128,FAC004,2025-05-03,Pharmacy,45142.97,Paid
EXP103617,FAC005,2026-01-30,Utilities,30747.76,Paid
EXP101514,FAC004,2025-06-15,Utilities,37672.81,Paid
EXP100135,FAC002,2025-01-15,Utilities,48888.3,Pending
EXP102598,FAC004,2025-10-11,Maintenance,40383.2,Paid
EXP102002,FAC002,2025-08-07,Pharmacy,1951.87,Paid
EXP102833,FAC004,2025-11-05,Payroll,72801.58,Paid
EXP101817,FAC002,2025-07-18,Administration,22328.58,Paid
EXP100752,FAC005,2025-03-23,IT,56243.93,Pending
EXP104001,FAC002,2026-03-13,Supplies,23649.6,Pending
EXP105027,FAC001,2024-03-27,Maintenance,23214.42,Pending
EXP101103,FAC004,2025-05-01,Payroll,8314.16,Paid
EXP105370,FAC002,2022-12-17,Administration,500.0,Paid
EXP102316,FAC002,2025-09-10,IT,23536.53,Paid
EXP101918,FAC004,2025-07-29,Pharmacy,37403.95,Paid
EXP101543,FAC005,2025-06-18,Maintenance,54468.87,Paid
EXP103667,FAC002,2026-02-04,Pharmacy,63179.96,Paid
EXP104441,FAC003,2026-04-30,Payroll,39577.44,Paid
EXP103706,FAC003,2026-02-09,IT,68071.8,Paid
EXP101176,FAC002,2025-05-09,Pharmacy,65931.26,Paid
EXP101559,FAC003,2025-06-19,Pharmacy,40698.74,Paid
EXP105663,FAC001,2026-06-16,Utilities,51184.47,Paid
EXP100144,FAC002,2025-01-16,Payroll,24751.38,Pending
EXP100380,FAC003,2025-02-11,Utilities,52950.38,Paid
EXP101433,FAC003,2025-06-06,Pharmacy,63568.63,Paid
EXP101095,FAC004,2025-04-30,Payroll,26369.43,Paid
EXP105413,FAC002,2026-02-25,Supplies,57091.36,Paid
EXP100121,FAC002,2025-01-14,Pharmacy,5439.15,Pending
EXP105565,FAC005,2024-10-13,Utilities,22129.32,Paid
EXP100611,FAC003,2025-03-08,Payroll,29064.15,Pending
EXP104824,FAC001,2026-06-10,Pharmacy,5480.91,Paid
EXP101941,FAC001,2025-07-31,IT,73743.01,Pending
EXP100418,FAC005,2025-02-15,Utilities,38894.04,Paid
EXP102252,FAC004,2025-09-03,Supplies,20025.55,Pending
EXP101350,FAC003,2025-05-28,Administration,35121.4,Paid
EXP102303,FAC005,2025-09-09,Payroll,7672.86,Paid
EXP105433,FAC003,2025-08-14,Pharmacy,4538.17,Paid
EXP104258,FAC002,2026-04-10,Pharmacy,55572.25,Paid
EXP101978,FAC004,2025-08-04,Pharmacy,29825.53,Paid
EXP104479,FAC002,2026-05-04,Lab,30927.3,Paid
EXP101302,FAC004,2025-05-22,Payroll,41877.46,Paid
EXP103055,FAC004,2025-11-30,Utilities,74615.83,Paid
EXP100248,FAC002,2025-01-28,Maintenance,59235.01,Paid
EXP101397,FAC003,2025-06-02,Utilities,15820.41,Pending
EXP104028,FAC001,2026-03-16,Payroll,10090.59,Paid
EXP100447,FAC005,2025-02-18,Payroll,29041.23,Paid
EXP101425,FAC004,2025-06-05,Pharmacy,19575.66,Paid
EXP104686,FAC004,2026-05-26,Supplies,17730.39,Paid
EXP101199,FAC003,2025-05-11,Lab,20980.09,Paid
EXP101421,FAC005,2025-06-04,Payroll,61988.78,Paid
EXP104557,FAC001,2026-05-12,Payroll,38417.33,Paid
EXP103764,FAC005,2026-02-15,Supplies,4199.21,Paid
EXP103916,FAC005,2026-03-03,Supplies,52158.46,Paid
EXP104473,FAC002,2026-05-03,IT,25240.85,Paid
EXP104664,FAC001,2026-05-24,Utilities,18479.56,Pending
EXP104727,FAC003,2026-05-31,Lab,59680.37,Pending
EXP104113,FAC002,2026-03-25,Lab,67495.58,Paid
EXP103509,FAC001,2026-01-18,Maintenance,57081.45,Pending
EXP102885,FAC004,2025-11-11,Supplies,70789.33,Paid
EXP101535,FAC003,2025-06-17,Maintenance,34464.51,Paid
EXP100414,FAC004,2025-02-15,Maintenance,47881.2,Pending
EXP104585,FAC001,2026-05-15,Maintenance,21422.94,Pending
EXP101720,FAC005,2025-07-07,Maintenance,21382.41,Paid
EXP100654,FAC002,2025-03-13,Pharmacy,22540.91,Paid
EXP103560,FAC001,2026-01-24,Lab,16025.6,Paid
EXP101002,FAC002,2025-04-20,Payroll,21824.21,Paid
EXP104454,FAC003,2026-05-01,Supplies,66692.89,Paid
EXP103372,FAC001,2026-01-03,Pharmacy,50288.86,Pending
EXP103973,FAC003,2026-03-10,Maintenance,35775.22,Paid
EXP105912,FAC001,2025-10-11,Supplies,31213.69,Paid
EXP101487,FAC005,2025-06-12,Maintenance,62204.03,Paid
EXP100589,FAC003,2025-03-06,Pharmacy,67158.74,Paid
EXP102086,FAC001,2025-08-16,Pharmacy,9015.14,Paid
EXP103608,FAC003,2026-01-29,Supplies,21366.4,Pending
EXP104516,FAC003,2026-05-08,Payroll,4686.52,Paid
EXP101600,FAC002,2025-06-24,Lab,44246.43,Paid
EXP105289,FAC005,2024-07-30,Administration,80000.0,Paid
EXP102836,FAC001,2025-11-06,Administration,49275.29,Paid
EXP102357,FAC003,2025-09-14,Payroll,73704.48,Paid
EXP100994,FAC003,2025-04-19,IT,24618.41,Paid
EXP102197,FAC004,2025-08-28,Pharmacy,36350.53,Paid
EXP101879,FAC002,2025-07-24,Maintenance,24241.41,Paid
EXP104564,FAC001,2026-05-13,IT,58705.46,Paid
EXP101371,FAC005,2025-05-30,Maintenance,25475.48,Pending
EXP101873,FAC004,2025-07-24,Pharmacy,34397.59,Pending
EXP100208,FAC005,2025-01-23,Payroll,47099.38,Pending
EXP104812,FAC002,2026-06-09,Payroll,65796.8,Paid
EXP104240,FAC003,2026-04-08,Supplies,52096.4,Paid
EXP100425,FAC004,2025-02-16,Maintenance,68679.09,Pending
EXP105786,FAC001,2023-04-28,Lab,37277.3,Pending
EXP101406,FAC004,2025-06-03,Lab,45139.19,Paid
EXP105648,FAC004,2026-03-19,Payroll,50932.6,Paid
EXP101108,FAC004,2025-05-01,Maintenance,24643.26,Pending
EXP105272,FAC005,2021-11-25,IT,34838.0,Paid
EXP100110,FAC001,2025-01-12,Maintenance,15532.52,Pending
EXP103074,FAC005,2025-12-02,Administration,58782.53,Paid
EXP105825,FAC004,2026-07-31,IT,30252.63,Paid
EXP102263,FAC002,2025-09-04,Lab,67294.93,Pending
EXP102548,FAC005,2025-10-05,Lab,60641.04,Paid
EXP102034,FAC002,2025-08-10,Maintenance,21002.54,Paid
EXP101172,FAC003,2025-05-08,Lab,9213.38,Paid
EXP103768,FAC004,2026-02-15,Payroll,13053.51,Paid
EXP102445,FAC001,2025-09-24,Pharmacy,33146.19,Pending
EXP103182,FAC004,2025-12-13,Lab,29633.97,Paid
EXP102945,FAC003,2025-11-18,IT,20602.85,Paid
EXP104591,FAC003,2026-05-16,Utilities,9288.32,Paid
EXP104589,FAC004,2026-05-16,Pharmacy,1617.24,Paid
EXP103611,FAC003,2026-01-29,Administration,28862.9,Paid
EXP103937,FAC001,2026-03-06,IT,25124.24,Paid
EXP102146,FAC001,2025-08-22,Utilities,20410.07,Paid
EXP105751,FAC001,2022-06-28,Maintenance,72665.98,Paid
EXP101468,FAC002,2025-06-10,Maintenance,53506.34,Pending
EXP100437,FAC003,2025-02-17,IT,44062.57,Paid
EXP105787,FAC002,2026-01-12,Lab,500.0,Paid
EXP101057,FAC002,2025-04-26,Supplies,1748.07,Paid
EXP102795,FAC005,2025-11-01,Lab,23955.12,Paid
EXP100107,FAC001,2025-01-12,Utilities,57828.97,Paid
EXP103552,FAC002,2026-01-23,Utilities,36896.94,Paid
EXP100029,FAC005,2025-01-04,Lab,23344.67,Pending
EXP102232,FAC003,2025-09-01,Lab,38791.95,Paid
EXP100889,FAC002,2025-04-07,Supplies,29068.56,Paid
EXP103065,FAC005,2025-12-01,Supplies,57498.25,Paid
EXP101630,FAC002,2025-06-27,Supplies,32733.09,Paid
EXP100751,FAC004,2025-03-23,IT,2461.75,Paid
EXP102358,FAC003,2025-09-15,Payroll,66319.59,Pending
EXP100584,FAC002,2025-03-05,Utilities,68390.31,Paid
EXP101934,FAC002,2025-07-30,Administration,34062.22,Paid
EXP104982,FAC002,2026-06-28,Supplies,65760.88,Paid
EXP102350,FAC003,2025-09-14,Maintenance,34618.39,Pending
EXP105605,FAC002,2024-06-14,Maintenance,80000.0,Pending
EXP105214,FAC004,2025-05-20,Payroll,500.0,Paid
EXP103846,FAC001,2026-02-24,Lab,12244.25,Paid
EXP105118,FAC004,2025-10-13,Administration,54407.88,Paid
EXP105948,FAC004,2025-07-06,IT,80000.0,Paid
EXP102317,FAC001,2025-09-10,Supplies,67417.72,Paid
EXP101344,FAC005,2025-05-27,Maintenance,56717.92,Paid
EXP103441,FAC003,2026-01-11,IT,59986.81,Paid
EXP104635,FAC004,2026-05-21,Maintenance,18924.64,Paid
EXP105870,FAC004,2022-02-12,Pharmacy,49399.21,Paid
EXP100969,FAC002,2025-04-16,Payroll,11543.5,Pending
EXP100179,FAC001,2025-01-20,Payroll,28805.44,Paid
EXP102794,FAC002,2025-11-01,Administration,7290.9,Paid
EXP101507,FAC003,2025-06-14,Maintenance,47152.58,Paid
EXP104046,FAC004,2026-03-18,Maintenance,5827.28,Paid
EXP102138,FAC005,2025-08-22,Payroll,22381.81,Paid
EXP105828,FAC005,2022-01-05,Administration,500.0,Paid
EXP103487,FAC005,2026-01-16,Pharmacy,46232.29,Paid
EXP104536,FAC005,2026-05-10,Utilities,24812.67,Paid
EXP105286,FAC005,2024-11-01,IT,56799.99,Paid
EXP105495,FAC002,2026-01-31,Maintenance,67513.22,Paid
EXP101867,FAC001,2025-07-23,Administration,64903.14,Paid
EXP100090,FAC004,2025-01-10,Pharmacy,52752.97,Paid
EXP102815,FAC002,2025-11-03,Lab,48359.63,Pending
EXP103409,FAC005,2026-01-07,Supplies,55953.15,Paid
EXP102405,FAC004,2025-09-20,Utilities,12085.28,Pending
EXP102471,FAC005,2025-09-27,IT,57835.97,Paid
EXP100624,FAC004,2025-03-10,Payroll,72398.59,Paid
EXP100069,FAC004,2025-01-08,Payroll,64176.34,Pending
EXP103624,FAC003,2026-01-31,IT,73845.44,Paid
EXP101505,FAC001,2025-06-14,Lab,34296.16,Paid
EXP103491,FAC004,2026-01-16,Pharmacy,53505.38,Paid
EXP105137,FAC001,2024-11-04,IT,68569.49,Paid
EXP104669,FAC005,2026-05-25,Payroll,65253.14,Paid
EXP100764,FAC004,2025-03-25,Payroll,58174.39,Pending
EXP100293,FAC001,2025-02-01,Payroll,31147.86,Pending
EXP104352,FAC004,2026-04-20,Payroll,44319.65,Paid
EXP100445,FAC004,2025-02-18,IT,18033.43,Paid
EXP100468,FAC002,2025-02-21,Lab,50950.98,Paid
EXP103435,FAC002,2026-01-10,Pharmacy,64317.95,Paid
EXP101219,FAC003,2025-05-13,Supplies,15889.56,Pending
EXP100432,FAC001,2025-02-17,Pharmacy,28961.85,Paid
EXP103187,FAC004,2025-12-14,Maintenance,10913.03,Paid
EXP101488,FAC005,2025-06-12,Pharmacy,50890.83,Pending
EXP103547,FAC002,2026-01-22,Payroll,14007.27,Paid
EXP103751,FAC001,2026-02-13,Administration,66094.89,Paid
EXP100577,FAC004,2025-03-04,Maintenance,21153.82,Paid
EXP102173,FAC001,2025-08-25,Payroll,19101.38,Paid
EXP100245,FAC003,2025-01-27,Maintenance,56286.34,Paid
EXP104190,FAC004,2026-04-02,Maintenance,25476.13,Paid
EXP100367,FAC004,2025-02-10,Utilities,41345.86,Pending
EXP104568,FAC002,2026-05-14,Payroll,73151.12,Paid
EXP102900,FAC003,2025-11-13,Maintenance,34894.0,Paid
EXP101611,FAC001,2025-06-25,Administration,8363.83,Paid
EXP102845,FAC002,2025-11-07,Pharmacy,58507.41,Paid
EXP103784,FAC005,2026-02-17,Payroll,34327.84,Paid
EXP104209,FAC003,2026-04-04,Utilities,39046.73,Paid
EXP105500,FAC001,2025-05-06,Pharmacy,36166.32,Paid
EXP101242,FAC001,2025-05-16,Administration,53798.69,Paid
EXP102370,FAC004,2025-09-16,Pharmacy,62746.08,Paid
EXP104269,FAC002,2026-04-11,IT,52332.04,Paid
EXP104472,FAC003,2026-05-03,IT,26789.34,Paid
EXP104385,FAC003,2026-04-24,Pharmacy,72727.93,Pending
EXP100555,FAC003,2025-03-02,Supplies,59338.65,Paid
EXP102163,FAC004,2025-08-24,Utilities,7658.28,Paid
EXP105968,FAC001,2022-08-11,Utilities,61353.49,Paid
EXP105959,FAC005,2021-09-27,Administration,35070.92,Paid
EXP104742,FAC003,2026-06-01,Lab,34589.43,Pending
EXP105851,FAC001,2026-05-05,Payroll,29304.73,Paid
EXP104275,FAC003,2026-04-12,IT,53639.83,Paid
EXP101963,FAC003,2025-08-03,Pharmacy,13447.17,Paid
EXP104264,FAC005,2026-04-10,Payroll,21023.5,Paid
EXP103289,FAC001,2025-12-25,Payroll,66644.83,Paid
EXP105584,FAC001,2022-02-26,Supplies,64682.48,Paid
EXP100151,FAC003,2025-01-17,IT,9294.3,Pending
EXP104674,FAC003,2026-05-25,Payroll,5367.89,Pending
EXP104732,FAC001,2026-05-31,Supplies,13292.95,Paid
EXP104758,FAC005,2026-06-03,Maintenance,63757.77,Paid
EXP105270,FAC001,2021-11-30,Utilities,40450.85,Pending
EXP104214,FAC001,2026-04-05,Maintenance,73743.1,Paid
EXP103494,FAC003,2026-01-16,IT,74925.2,Pending
EXP105830,FAC001,2025-12-09,Administration,41875.28,Paid
EXP103692,FAC001,2026-02-07,Maintenance,66683.52,Paid
EXP104620,FAC004,2026-05-19,Utilities,42670.42,Paid
EXP103607,FAC003,2026-01-29,Supplies,44162.47,Paid
EXP101755,FAC001,2025-07-11,Lab,27597.45,Paid
EXP105273,FAC003,2021-03-01,Pharmacy,18336.12,Paid
EXP104559,FAC005,2026-05-13,Payroll,24026.52,Paid
EXP100748,FAC005,2025-03-23,IT,13425.31,Paid
EXP105780,FAC003,2021-11-03,Maintenance,26288.81,Paid
EXP101533,FAC004,2025-06-17,Utilities,45618.3,Paid
EXP101042,FAC004,2025-04-24,Administration,37869.2,Paid
EXP105491,FAC003,2023-10-03,IT,70147.76,Pending
EXP103879,FAC005,2026-02-27,Maintenance,71630.95,Pending
EXP102663,FAC005,2025-10-18,IT,48565.45,Paid
EXP105106,FAC005,2024-08-20,Pharmacy,73088.01,Paid
EXP101557,FAC001,2025-06-19,Pharmacy,42788.54,Paid
EXP100491,FAC002,2025-02-23,Utilities,66122.88,Paid
EXP104373,FAC005,2026-04-22,Utilities,61182.48,Paid
EXP103382,FAC003,2026-01-04,Pharmacy,42647.2,Paid
EXP105527,FAC003,2026-06-08,Lab,50726.86,Paid
EXP100471,FAC005,2025-02-21,Lab,10563.19,Pending
EXP105303,FAC004,2022-06-20,IT,880.78,Paid
EXP102312,FAC002,2025-09-10,Utilities,53090.05,Pending
EXP105597,FAC001,2025-11-13,Administration,6644.3,Paid
EXP100807,FAC002,2025-03-29,Payroll,8640.98,Paid
EXP105670,FAC005,2023-09-04,Lab,44703.53,Paid
EXP104879,FAC003,2026-06-16,Payroll,61785.23,Paid
EXP100896,FAC001,2025-04-08,Maintenance,25170.46,Paid
EXP105371,FAC003,2025-05-05,Administration,57982.89,Paid
EXP102503,FAC005,2025-09-30,IT,38622.42,Paid
EXP105683,FAC004,2026-03-28,Administration,29134.64,Paid
EXP104322,FAC005,2026-04-17,Lab,38310.82,Pending
EXP100354,FAC002,2025-02-08,Maintenance,55009.32,Paid
EXP100251,FAC002,2025-01-28,Supplies,27113.61,Paid
EXP100185,FAC004,2025-01-21,Payroll,68067.61,Paid
EXP102378,FAC005,2025-09-17,Payroll,10044.44,Paid
EXP101183,FAC003,2025-05-09,Lab,14868.07,Pending
EXP102110,FAC005,2025-08-19,Maintenance,12594.58,Paid
EXP104274,FAC002,2026-04-11,Maintenance,25109.25,Pending
EXP100227,FAC005,2025-01-25,Utilities,38895.81,Pending
EXP102153,FAC001,2025-08-23,IT,36746.54,Paid
EXP105767,FAC004,2024-12-22,Maintenance,14316.94,Paid
EXP101295,FAC004,2025-05-22,Administration,59921.89,Paid
EXP105931,FAC001,2023-12-11,Supplies,14920.26,Pending
EXP104851,FAC003,2026-06-13,Pharmacy,6125.07,Paid
EXP103938,FAC004,2026-03-06,Lab,5010.6,Paid
EXP105460,FAC001,2026-08-26,Utilities,62412.81,Paid
EXP102802,FAC005,2025-11-02,Administration,17978.78,Pending
EXP103184,FAC001,2025-12-14,Supplies,64340.66,Paid
EXP101905,FAC004,2025-07-27,Supplies,72414.07,Paid
EXP105036,FAC001,2021-08-07,Supplies,47897.24,Paid
EXP102223,FAC005,2025-08-31,Payroll,73886.99,Paid
EXP103838,FAC004,2026-02-23,Utilities,23926.21,Paid
EXP103181,FAC003,2025-12-13,Lab,65590.2,Pending
EXP100292,FAC002,2025-02-01,Lab,59921.69,Paid
EXP102721,FAC004,2025-10-24,Lab,10006.62,Paid
EXP100549,FAC005,2025-03-01,Payroll,58729.31,Paid
EXP104254,FAC005,2026-04-09,Administration,38134.92,Paid
EXP105529,FAC004,2025-06-16,Supplies,51856.59,Paid
EXP101569,FAC002,2025-06-21,Payroll,42817.13,Pending
EXP101075,FAC005,2025-04-28,IT,65161.34,Paid
EXP104440,FAC003,2026-04-30,Administration,12146.0,Paid
EXP102447,FAC002,2025-09-24,Administration,32236.01,Paid
EXP101322,FAC003,2025-05-25,Lab,65680.37,Paid
EXP105059,FAC005,2025-10-28,Payroll,40333.57,Pending
EXP102968,FAC005,2025-11-20,Utilities,48611.45,Paid
EXP103209,FAC002,2025-12-16,Maintenance,30601.14,Paid
EXP102670,FAC002,2025-10-19,IT,15442.13,Paid
EXP102420,FAC005,2025-09-21,Utilities,49559.82,Paid
EXP103734,FAC001,2026-02-12,Supplies,41611.28,Paid
EXP105109,FAC005,2025-07-27,Supplies,41780.0,Paid
EXP103053,FAC005,2025-11-29,Payroll,65362.7,Paid
EXP102834,FAC004,2025-11-05,Lab,19143.63,Paid
EXP103717,FAC004,2026-02-10,Maintenance,40724.02,Paid
EXP103337,FAC004,2025-12-30,Maintenance,58389.58,Paid
EXP103196,FAC005,2025-12-15,Administration,22499.95,Paid
EXP104866,FAC002,2026-06-15,Utilities,6369.65,Paid
EXP103740,FAC002,2026-02-12,IT,21234.61,Paid
EXP104886,FAC004,2026-06-17,Supplies,13181.46,Paid
EXP105800,FAC002,2025-10-08,Payroll,50813.01,Paid
EXP101142,FAC005,2025-05-05,Maintenance,71208.69,Paid
EXP104643,FAC004,2026-05-22,Pharmacy,57697.19,Paid
EXP100932,FAC004,2025-04-12,Supplies,66297.96,Paid
EXP100613,FAC004,2025-03-08,Supplies,1164.77,Paid
EXP102227,FAC005,2025-08-31,Utilities,60000.65,Paid
EXP104738,FAC005,2026-06-01,Payroll,2487.77,Pending
EXP103240,FAC003,2025-12-20,Lab,60485.65,Paid
EXP103469,FAC001,2026-01-14,IT,28390.66,Paid
EXP105050,FAC001,2022-02-09,Maintenance,26260.84,Paid
EXP104691,FAC001,2026-05-27,IT,40690.64,Paid
EXP103815,FAC004,2026-02-20,Maintenance,37652.06,Pending
EXP104101,FAC005,2026-03-24,Pharmacy,19529.52,Paid
EXP105407,FAC001,2024-07-19,Pharmacy,65172.31,Paid
EXP100505,FAC004,2025-02-25,IT,52038.56,Paid
EXP101509,FAC002,2025-06-14,Lab,60099.49,Paid
EXP101666,FAC003,2025-07-01,Maintenance,57913.94,Pending
EXP100272,FAC002,2025-01-30,IT,67424.01,Paid
EXP102115,FAC003,2025-08-19,Lab,46088.57,Paid
EXP105164,FAC003,2025-07-25,Pharmacy,44234.08,Pending
EXP104505,FAC003,2026-05-07,Supplies,30878.78,Paid
EXP101485,FAC001,2025-06-11,Payroll,55495.04,Paid
EXP104301,FAC002,2026-04-14,Administration,47322.77,Paid
EXP100701,FAC004,2025-03-18,Utilities,8426.02,Paid
EXP103833,FAC001,2026-02-22,Payroll,13258.84,Paid
EXP103589,FAC003,2026-01-27,Maintenance,48945.2,Paid
EXP100106,FAC004,2025-01-12,Administration,33652.39,Pending
EXP105047,FAC001,2025-01-19,Supplies,32593.96,Paid
EXP105000,FAC003,2022-05-25,Lab,9752.79,Paid
EXP105317,FAC002,2023-04-18,IT,52728.48,Paid
EXP104767,FAC001,2026-06-04,Maintenance,51679.13,Paid
EXP105241,FAC001,2024-08-25,Pharmacy,29632.66,Paid
EXP103849,FAC002,2026-02-24,Supplies,25666.79,Paid
EXP100952,FAC003,2025-04-14,Supplies,74675.09,Paid
EXP102364,FAC001,2025-09-15,Utilities,35908.3,Pending
EXP103895,FAC002,2026-03-01,Supplies,28717.88,Paid
EXP103839,FAC005,2026-02-23,Payroll,41372.97,Paid
EXP102650,FAC001,2025-10-16,Utilities,22478.25,Paid
EXP103226,FAC005,2025-12-18,Maintenance,42035.49,Paid
EXP104930,FAC004,2026-06-22,Payroll,67716.68,Paid
EXP102910,FAC004,2025-11-14,Payroll,14201.88,Paid
EXP101084,FAC005,2025-04-29,Pharmacy,48389.76,Paid
EXP103539,FAC005,2026-01-21,Pharmacy,5106.16,Paid
EXP103544,FAC004,2026-01-22,Supplies,17793.21,Paid
EXP104641,FAC005,2026-05-21,Administration,27039.84,Paid
EXP101420,FAC001,2025-06-04,Utilities,23832.2,Paid
EXP102770,FAC001,2025-10-29,Pharmacy,53741.6,Paid
EXP101786,FAC003,2025-07-14,Pharmacy,10148.08,Paid
EXP104480,FAC004,2026-05-04,Supplies,46476.27,Paid
EXP101888,FAC005,2025-07-25,Utilities,6578.16,Paid
EXP105661,FAC005,2025-07-01,Maintenance,43017.99,Paid
EXP105649,FAC005,2026-10-21,Maintenance,33374.22,Paid
EXP100416,FAC005,2025-02-15,Pharmacy,30254.24,Paid
EXP101215,FAC005,2025-05-13,Administration,1637.38,Paid
EXP104838,FAC004,2026-06-12,Lab,7112.82,Pending
EXP105746,FAC001,2026-11-04,Administration,500.0,Paid
EXP100564,FAC004,2025-03-03,Supplies,13393.56,Paid
EXP100478,FAC002,2025-02-22,Payroll,74995.38,Paid
EXP105837,FAC001,2021-08-24,Maintenance,16981.37,Paid
EXP100142,FAC003,2025-01-16,IT,58679.56,Paid
EXP101212,FAC004,2025-05-13,IT,36563.65,Paid
EXP105297,FAC001,2024-08-26,Pharmacy,15718.02,Paid
EXP101097,FAC003,2025-04-30,Supplies,36918.06,Pending
EXP102142,FAC001,2025-08-22,Payroll,43360.29,Paid
EXP100605,FAC004,2025-03-07,Pharmacy,61775.95,Paid
EXP103786,FAC004,2026-02-17,Utilities,33382.06,Paid
EXP102575,FAC002,2025-10-08,Utilities,62280.83,Paid
EXP100497,FAC004,2025-02-24,Lab,72316.27,Pending
EXP102542,FAC001,2025-10-05,Utilities,50186.91,Paid
EXP104481,FAC004,2026-05-04,Lab,41548.21,Pending
EXP105221,FAC001,2025-03-09,Pharmacy,6033.01,Pending
EXP102463,FAC005,2025-09-26,Administration,56776.08,Paid
EXP100721,FAC001,2025-03-20,Maintenance,70928.58,Paid
EXP101086,FAC004,2025-04-29,Lab,32720.12,Paid
EXP101025,FAC002,2025-04-22,Utilities,58833.24,Paid
EXP101357,FAC004,2025-05-28,Payroll,56208.88,Paid
EXP103256,FAC002,2025-12-21,Administration,66819.94,Paid
EXP102812,FAC001,2025-11-03,Maintenance,61940.92,Paid
EXP103398,FAC005,2026-01-06,Supplies,66412.71,Paid
EXP104811,FAC003,2026-06-09,Payroll,15691.76,Paid
EXP104832,FAC001,2026-06-11,Payroll,69903.1,Paid
EXP102892,FAC001,2025-11-12,Administration,65368.25,Paid
EXP103407,FAC003,2026-01-07,Payroll,48903.73,Pending
EXP102957,FAC004,2025-11-19,Pharmacy,2907.31,Paid
EXP104751,FAC003,2026-06-02,Administration,65561.59,Paid
EXP100336,FAC001,2025-02-06,Utilities,25442.68,Pending
EXP105257,FAC001,2025-02-24,Utilities,15695.09,Paid
EXP101964,FAC004,2025-08-03,Maintenance,54977.48,Paid
EXP103557,FAC001,2026-01-23,Lab,64323.67,Paid
EXP101561,FAC005,2025-06-20,Supplies,17395.76,Paid
EXP101738,FAC003,2025-07-09,Maintenance,69721.74,Paid
EXP104362,FAC004,2026-04-21,Administration,55258.26,Paid
EXP102439,FAC002,2025-09-23,Pharmacy,44551.43,Paid
EXP102018,FAC003,2025-08-09,Maintenance,13837.87,Pending
EXP103096,FAC002,2025-12-04,IT,49337.37,Paid
EXP100724,FAC001,2025-03-20,Administration,6955.16,Paid
EXP100765,FAC002,2025-03-25,Pharmacy,13873.0,Paid
EXP100286,FAC003,2025-02-01,IT,23133.55,Paid
EXP100307,FAC001,2025-02-03,Lab,960.68,Paid
EXP105210,FAC001,2026-01-10,Utilities,59434.96,Paid
EXP104668,FAC001,2026-05-24,Payroll,19444.16,Paid
EXP105435,FAC001,2026-07-08,Pharmacy,22785.32,Paid
EXP101730,FAC002,2025-07-08,Maintenance,2337.42,Paid
EXP104409,FAC005,2026-04-26,Pharmacy,11702.37,Pending
EXP105085,FAC003,2026-12-09,Administration,22564.3,Paid
EXP101471,FAC001,2025-06-10,Administration,40194.55,Paid
EXP100071,FAC002,2025-01-08,Lab,12835.66,Paid
EXP101566,FAC004,2025-06-20,IT,44253.5,Paid
EXP100711,FAC003,2025-03-19,Lab,43723.79,Paid
EXP103710,FAC003,2026-02-09,Pharmacy,23387.56,Paid
EXP101020,FAC003,2025-04-22,IT,47461.48,Paid
EXP101345,FAC004,2025-05-27,Maintenance,29469.8,Paid
EXP104998,FAC002,2026-06-29,Maintenance,25526.97,Paid
EXP103158,FAC002,2025-12-11,Administration,36879.31,Paid
EXP100737,FAC001,2025-03-22,IT,38317.8,Paid
EXP105400,FAC002,2021-10-04,Administration,13769.93,Paid
EXP102432,FAC001,2025-09-23,Pharmacy,23928.44,Paid
EXP105803,FAC003,2024-02-01,Utilities,16678.99,Paid
EXP105570,FAC001,2024-05-14,Pharmacy,36755.12,Paid
EXP101235,FAC004,2025-05-15,Maintenance,34462.14,Paid
EXP102259,FAC001,2025-09-04,Pharmacy,40379.57,Paid
EXP105479,FAC004,2023-11-15,Administration,24794.65,Pending
EXP104379,FAC001,2026-04-23,Supplies,59458.54,Paid
EXP103950,FAC003,2026-03-07,Utilities,32571.98,Paid
EXP105488,FAC001,2026-06-23,Payroll,40525.36,Paid
EXP100978,FAC004,2025-04-17,IT,20570.82,Paid
EXP104623,FAC002,2026-05-20,Lab,73251.45,Pending
EXP105108,FAC001,2024-07-22,Pharmacy,12143.62,Paid
EXP102022,FAC002,2025-08-09,Maintenance,35401.81,Paid
EXP103520,FAC002,2026-01-19,IT,7769.78,Paid
EXP105281,FAC003,2025-12-03,Pharmacy,51050.52,Pending
EXP100344,FAC005,2025-02-07,Administration,38363.27,Paid
EXP104999,FAC001,2026-06-30,Maintenance,1348.3,Paid
EXP100911,FAC005,2025-04-10,Payroll,4822.3,Pending
EXP102436,FAC003,2025-09-23,Maintenance,2248.59,Paid
EXP100047,FAC001,2025-01-06,Utilities,19797.53,Paid
EXP104080,FAC004,2026-03-21,Administration,49910.05,Paid
EXP105195,FAC002,2025-12-01,Maintenance,53350.32,Paid
EXP100443,FAC002,2025-02-18,Supplies,27732.25,Paid
EXP103592,FAC004,2026-01-27,Administration,36855.87,Paid
EXP103130,FAC005,2025-12-08,Payroll,71199.9,Paid
EXP102486,FAC004,2025-09-29,Maintenance,14422.37,Paid
EXP105708,FAC004,2025-01-06,Maintenance,36716.13,Paid
EXP101893,FAC005,2025-07-26,Pharmacy,59471.41,Paid
EXP103017,FAC002,2025-11-25,Supplies,9025.37,Paid
EXP101220,FAC004,2025-05-14,IT,18893.84,Paid
EXP103830,FAC005,2026-02-22,Lab,22695.04,Paid
EXP102268,FAC005,2025-09-05,Supplies,57810.84,Paid
EXP101055,FAC005,2025-04-26,Maintenance,29094.64,Paid
EXP100848,FAC002,2025-04-03,Lab,63357.62,Paid
EXP103892,FAC004,2026-03-01,Lab,20664.9,Paid
EXP105846,FAC002,2025-12-05,Administration,42976.74,Paid
EXP103877,FAC001,2026-02-27,Pharmacy,50262.39,Paid
EXP102742,FAC003,2025-10-26,IT,20295.74,Paid
EXP105606,FAC002,2023-04-03,Pharmacy,51902.7,Paid
EXP104280,FAC002,2026-04-12,Supplies,23788.18,Paid
EXP101328,FAC002,2025-05-25,IT,70350.05,Pending
EXP102874,FAC002,2025-11-10,Utilities,48372.92,Paid
EXP104630,FAC002,2026-05-20,Utilities,22277.07,Paid
EXP100776,FAC003,2025-03-26,Lab,25829.57,Paid
EXP105676,FAC001,2026-06-28,Maintenance,40856.06,Paid
EXP100183,FAC002,2025-01-20,Supplies,60738.83,Paid
EXP103129,FAC003,2025-12-08,Supplies,26010.2,Paid
EXP104098,FAC002,2026-03-23,Administration,54629.54,Paid
EXP101193,FAC005,2025-05-11,Administration,24481.82,Pending
EXP103648,FAC003,2026-02-02,IT,11838.47,Paid
EXP100734,FAC001,2025-03-22,Supplies,54531.2,Paid
EXP101835,FAC005,2025-07-20,Pharmacy,14566.98,Pending
EXP102272,FAC001,2025-09-05,Utilities,49027.96,Paid
EXP103793,FAC001,2026-02-18,Maintenance,3317.28,Pending
EXP100485,FAC001,2025-02-22,Pharmacy,20795.24,Pending
EXP101163,FAC005,2025-05-07,IT,37544.64,Pending
EXP100452,FAC002,2025-02-19,Utilities,73337.65,Pending
EXP102298,FAC002,2025-09-08,Maintenance,16151.61,Paid
EXP104594,FAC001,2026-05-16,Supplies,21234.61,Paid
EXP100030,FAC001,2025-01-04,IT,13524.9,Paid
EXP100789,FAC005,2025-03-28,IT,48518.95,Paid
EXP105098,FAC001,2022-01-10,IT,41761.76,Paid
EXP101965,FAC003,2025-08-03,Supplies,56746.4,Paid
EXP101109,FAC002,2025-05-01,Supplies,55697.69,Pending
EXP100100,FAC005,2025-01-11,Supplies,25909.62,Paid
EXP103970,FAC005,2026-03-09,Payroll,64637.85,Paid
EXP103012,FAC002,2025-11-25,Administration,18537.96,Pending
EXP103167,FAC005,2025-12-12,Maintenance,37540.51,Pending
EXP104724,FAC003,2026-05-31,Maintenance,48892.96,Paid
EXP101770,FAC004,2025-07-12,Administration,40842.13,Pending
EXP101919,FAC004,2025-07-29,Pharmacy,67777.61,Paid
EXP103755,FAC004,2026-02-14,Utilities,23582.92,Paid
EXP104541,FAC003,2026-05-11,Payroll,9440.87,Paid
EXP100861,FAC005,2025-04-04,Utilities,37796.75,Paid
EXP101501,FAC003,2025-06-13,IT,67894.77,Paid
EXP100903,FAC002,2025-04-09,Pharmacy,6332.61,Pending
EXP105055,FAC004,2025-11-19,Administration,47275.21,Paid
EXP100109,FAC005,2025-01-12,Supplies,41147.55,Paid
EXP105368,FAC001,2024-08-07,Payroll,55789.45,Paid
EXP105872,FAC003,2024-02-27,Administration,10651.17,Paid
EXP105034,FAC001,2022-10-05,Maintenance,51803.58,Paid
EXP104397,FAC005,2026-04-25,Lab,31092.98,Pending
EXP101926,FAC002,2025-07-29,Pharmacy,29532.78,Paid
EXP102133,FAC002,2025-08-21,Supplies,18049.36,Paid
EXP103525,FAC001,2026-01-20,Maintenance,66702.47,Paid
EXP105861,FAC002,2021-07-05,Payroll,44268.5,Paid
EXP104650,FAC003,2026-05-22,Maintenance,23708.93,Paid
EXP103671,FAC003,2026-02-05,Pharmacy,32884.29,Paid
