financial_id,month,facility_id,revenue,operating_cost,operating_profit,payroll_cost,supply_cost,budget_revenue,budget_cost,revenue_variance,cost_variance
FIN202303_FAC003,2023-03-01,FAC003,3115395.26,2855045.13,260350.13,447454.14,332207.36,3455960.13,3439086.11,-340564.87,-584040.98
FIN202509_FAC003,2025-09-01,FAC003,4670935.31,3776071.44,894863.87,799867.74,394425.5,4893142.47,3910544.86,-222207.16,-134473.42
FIN202310_FAC004,2023-10-01,FAC004,5124019.27,3336610.34,1787408.93,470181.13,130707.72,3380185.1,2590325.51,1743834.17,746284.83
FIN202609_FAC004,2026-09-01,FAC004,2644520.81,2941913.59,-297392.78,528438.94,728603.24,3447316.88,1859535.69,-802796.07,1082377.9
FIN202512_FAC002,2025-12-01,FAC002,3894033.29,2966648.09,927385.2,382355.52,357943.57,3969576.77,2847946.54,-75543.48,118701.55
FIN202209_FAC004,2022-09-01,FAC004,4158395.04,2262363.38,1896031.66,581263.55,442744.14,4075261.36,2575087.17,83133.68,-312723.79
FIN202504_FAC001,2025-04-01,FAC001,2826136.14,1863061.07,963075.07,545014.17,126997.03,2941742.43,1931364.01,-115606.29,-68302.94
FIN202512_FAC003,2025-12-01,FAC003,4175609.47,3433338.47,742271.0,585772.12,348539.85,4431079.9,3438426.9,-255470.43,-5088.43
FIN202609_FAC003,2026-09-01,FAC003,2721553.19,3012962.4,-291409.21,481608.47,261248.29,3607777.06,1395846.13,-886223.87,1617116.27
FIN202311_FAC001,2023-11-01,FAC001,2694935.6,1717573.7,977361.9,508279.27,337344.1,3129655.77,4012236.69,-434720.17,-2294662.99
FIN202605_FAC003,2026-05-01,FAC003,3267209.83,1989709.81,1277500.02,649091.59,356974.24,3134868.64,2046241.95,132341.19,-56532.14
FIN202607_FAC005,2026-07-01,FAC005,3064638.04,4441467.03,-1376828.99,690756.19,255029.25,6019461.8,2117732.36,-2954823.76,2323734.67
FIN202201_FAC003,2022-01-01,FAC003,2621708.63,2224654.96,397053.67,584697.35,194852.81,4468686.31,2021258.17,-1846977.68,203396.79
FIN202310_FAC005,2023-10-01,FAC005,4503860.6,2921907.89,1581952.71,403878.91,231143.63,3682010.09,2575242.34,821850.51,346665.55
FIN202306_FAC001,2023-06-01,FAC001,3542170.22,2953039.38,589130.84,629748.09,322659.75,5629293.3,2061957.55,-2087123.08,891081.83
FIN202401_FAC001,2024-01-01,FAC001,5019675.87,3768086.74,1251589.13,485967.57,668546.94,4863892.36,2488706.47,155783.51,1279380.27
FIN202106_FAC003,2021-06-01,FAC003,3209473.62,1821820.78,1387652.84,443852.11,231432.45,2754990.5,1747608.25,454483.12,74212.53
FIN202607_FAC004,2026-07-01,FAC004,5061143.8,3524162.58,1536981.22,760173.44,197087.27,2086706.88,3403111.02,2974436.92,121051.56
FIN202608_FAC001,2026-08-01,FAC001,4681960.13,1727948.44,2954011.69,860372.49,326836.62,3623965.41,2692466.71,1057994.72,-964518.27
FIN202609_FAC005,2026-09-01,FAC005,4138306.29,3482702.77,655603.52,531761.33,231030.72,4619412.2,-551538.47,-481105.91,4034241.24
FIN202609_FAC001,2026-09-01,FAC001,2816514.44,2464118.83,352395.61,534604.26,426745.21,3289741.13,2616705.09,-473226.69,-152586.26
FIN202301_FAC003,2023-01-01,FAC003,3266289.86,2594061.19,672228.67,291878.6,258952.23,245054.91,2356439.08,3021234.95,237622.11
FIN202207_FAC005,2022-07-01,FAC005,3549275.91,3507244.29,42031.62,408444.93,433024.08,2495118.8,1543676.36,1054157.11,1963567.93
FIN202507_FAC004,2025-07-01,FAC004,4219437.43,2871568.07,1347869.36,624384.26,434232.29,4362458.55,2963884.75,-143021.12,-92316.68
FIN202410_FAC004,2024-10-01,FAC004,4190183.91,3646504.16,543679.75,643306.14,354985.89,4272147.98,3015210.15,-81964.07,631294.01
FIN202211_FAC003,2022-11-01,FAC003,3858639.76,2596088.37,1262551.39,657699.66,411622.52,3558391.12,3555152.67,300248.64,-959064.3
FIN202104_FAC002,2021-04-01,FAC002,3285051.71,4068879.67,-783827.96,148695.88,402536.57,4012549.95,1631054.27,-727498.24,2437825.4
FIN202208_FAC005,2022-08-01,FAC005,2282615.15,1478275.23,804339.92,560291.99,129894.36,4255891.04,2606510.43,-1973275.89,-1128235.2
FIN202506_FAC001,2025-06-01,FAC001,2109140.89,1379577.48,729563.41,177503.49,91413.75,2189667.17,1402300.77,-80526.28,-22723.29
FIN202603_FAC004,2026-03-01,FAC004,2113516.03,1296217.15,817298.88,412274.95,112167.25,2096859.62,1230001.04,16656.41,66216.11
FIN202204_FAC004,2022-04-01,FAC004,4197106.04,1943037.71,2254068.33,469521.82,265708.67,4602981.08,2431046.22,-405875.04,-488008.51
FIN202502_FAC005,2025-02-01,FAC005,3803322.63,3238077.6,565245.03,575418.43,281365.21,3719437.26,3115254.1,83885.37,122823.5
FIN202406_FAC005,2024-06-01,FAC005,1951100.32,3403820.53,-1452720.21,351910.81,-86954.12,2733418.38,1723056.29,-782318.06,1680764.24
FIN202105_FAC002,2021-05-01,FAC002,3284761.84,2536978.36,747783.48,323396.56,9474.59,1700644.55,2259820.78,1584117.29,277157.58
FIN202212_FAC001,2022-12-01,FAC001,2199829.31,2218544.01,-18714.7,877451.11,338400.28,3711958.77,2828169.01,-1512129.46,-609625.0
FIN202508_FAC005,2025-08-01,FAC005,3975763.82,3281851.59,693912.23,645342.89,399226.9,3976045.01,3344572.37,-281.19,-62720.78
FIN202505_FAC003,2025-05-01,FAC003,3466479.55,2682287.74,784191.81,352451.8,208602.68,3348097.63,2529763.98,118381.92,152523.76
FIN202410_FAC005,2024-10-01,FAC005,2755954.1,3150171.0,-394216.9,524538.63,252165.17,3646104.9,1891591.63,-890150.8,1258579.37
FIN202105_FAC001,2021-05-01,FAC001,3368374.93,1603107.88,1765267.05,156191.54,267080.2,2050506.82,2178708.77,1317868.11,-575600.89
FIN202101_FAC001,2021-01-01,FAC001,3874539.38,2397917.06,1476622.32,263537.08,283717.58,2802954.74,990281.26,1071584.64,1407635.8
FIN202401_FAC002,2024-01-01,FAC002,3628024.95,4598529.95,-970505.0,732371.46,483204.92,4737154.22,2564233.36,-1109129.27,2034296.59
FIN202507_FAC001,2025-07-01,FAC001,4543697.74,2811384.5,1732313.24,447157.03,370675.17,4529888.69,2677541.85,13809.05,133842.65
FIN202612_FAC004,2026-12-01,FAC004,5009997.55,2460046.82,2549950.73,743200.64,446107.56,3552381.06,2093031.74,1457616.49,367015.08
FIN202207_FAC001,2022-07-01,FAC001,984978.53,2872875.76,-1887897.23,400544.13,456767.8,4107422.93,3467170.87,-3122444.4,-594295.11
FIN202202_FAC002,2022-02-01,FAC002,3073400.72,1578752.49,1494648.23,268255.66,216979.52,3028719.6,631376.32,44681.12,947376.17
FIN202311_FAC003,2023-11-01,FAC003,1403014.04,2512140.56,-1109126.52,474171.38,224941.29,4874416.0,3101919.96,-3471401.96,-589779.4
FIN202512_FAC001,2025-12-01,FAC001,3925514.68,2808620.12,1116894.56,572116.42,203608.03,3718964.4,2680935.43,206550.28,127684.69
FIN202502_FAC001,2025-02-01,FAC001,5147445.41,3711273.52,1436171.89,1026880.18,482773.42,5530876.46,3956195.05,-383431.05,-244921.53
FIN202510_FAC001,2025-10-01,FAC001,2602594.98,1675489.05,927105.93,268650.33,170144.84,2492810.02,1579194.58,109784.96,96294.47
FIN202401_FAC005,2024-01-01,FAC005,2999715.73,2514842.46,484873.27,337938.8,335035.94,2931145.13,3333023.59,68570.6,-818181.13
FIN202311_FAC004,2023-11-01,FAC004,3896290.19,3982290.45,-86000.26,599276.62,154760.38,2610314.24,2921667.36,1285975.95,1060623.09
FIN202404_FAC003,2024-04-01,FAC003,3793432.8,1415061.74,2378371.06,563303.98,229814.32,2626408.24,3099728.92,1167024.56,-1684667.18
FIN202112_FAC003,2021-12-01,FAC003,2752194.52,2490007.37,262187.15,469735.05,371881.98,3143347.76,1554257.13,-391153.24,935750.24
FIN202604_FAC004,2026-04-01,FAC004,3967536.76,2603759.81,1363776.95,484913.34,170524.75,3668897.23,2739967.05,298639.53,-136207.24
FIN202304_FAC005,2023-04-01,FAC005,4167819.01,2882975.29,1284843.72,443923.86,364257.44,4727499.8,2171902.17,-559680.79,711073.12
FIN202308_FAC004,2023-08-01,FAC004,3860609.14,2258924.52,1601684.62,284299.89,233957.8,1951902.39,3613007.96,1908706.75,-1354083.44
FIN202501_FAC004,2025-01-01,FAC004,3399296.29,2330357.43,1068938.86,309210.4,214432.03,3511151.29,2413109.24,-111855.0,-82751.81
FIN202303_FAC001,2023-03-01,FAC001,3125870.14,1134614.33,1991255.81,280652.05,496671.82,2344646.14,4246883.13,781224.0,-3112268.8
FIN202604_FAC002,2026-04-01,FAC002,4786627.31,3257723.96,1528903.35,921241.53,555179.35,4694337.75,3179710.33,92289.56,78013.63
FIN202309_FAC004,2023-09-01,FAC004,3971826.19,2778260.0,1193566.19,516330.64,180206.77,3236752.27,3812417.33,735073.92,-1034157.33
FIN202601_FAC004,2026-01-01,FAC004,3549110.32,2642625.69,906484.63,602163.69,410801.87,3266448.58,2538915.27,282661.74,103710.42
FIN202510_FAC002,2025-10-01,FAC002,2194798.99,1449946.53,744852.46,189835.82,169456.95,2079717.34,1551417.3,115081.65,-101470.77
FIN202202_FAC003,2022-02-01,FAC003,3836207.02,3561996.34,274210.68,300338.28,148712.68,3330564.28,2851545.29,505642.74,710451.05
FIN202604_FAC003,2026-04-01,FAC003,4315514.63,3010052.76,1305461.87,393070.87,348324.66,4613418.17,3042790.89,-297903.54,-32738.13
FIN202603_FAC003,2026-03-01,FAC003,2466633.76,2023839.81,442793.95,366201.27,260990.8,2512879.94,2120666.11,-46246.18,-96826.3
FIN202605_FAC005,2026-05-01,FAC005,2315287.43,1774103.35,541184.08,381691.0,140073.07,2488572.85,1845373.98,-173285.42,-71270.63
FIN202611_FAC005,2026-11-01,FAC005,3895521.85,2884910.39,1010611.46,496060.74,395713.96,5134268.5,3797985.55,-1238746.65,-913075.16
FIN202102_FAC003,2021-02-01,FAC003,3414115.01,1860946.34,1553168.67,469415.3,318568.22,1492906.69,1683023.05,1921208.32,177923.29
FIN202305_FAC005,2023-05-01,FAC005,5952757.37,2849956.42,3102800.95,386614.16,63444.3,4039717.59,3141981.23,1913039.78,-292024.81
FIN202104_FAC001,2021-04-01,FAC001,2237340.73,1969591.43,267749.3,551024.27,254149.63,4723191.79,3987003.72,-2485851.06,-2017412.29
