icu_stay_id,patient_id,admission_id,facility_id,department_id,bed_id,admission_datetime,discharge_datetime,ventilation_required,ventilator_hours,oxygen_required,acuity_score,daily_cost,outcome
ICU00004,PAT04897,ADM007661,FAC004,DEP006,BED0578,2025-03-28 00:00:00,2025-04-01 21:36:00,No,0.0,No,8,9318.53,Recovered
ICU00009,PAT09738,ADM009682,FAC004,DEP007,BED0890,2026-10-13 00:00:00,2026-10-18 04:48:00,Yes,82.6,Yes,8,8213.01,Recovered
ICU00010,PAT05613,ADM005358,FAC003,DEP001,BED0423,2025-08-07 00:00:00,2025-08-10 19:11:59,No,0.0,No,5,12581.99,Recovered
ICU00018,PAT00908,ADM010795,FAC005,DEP007,BED0732,2025-07-01 00:00:00,2025-07-06 09:36:00,No,0.0,Yes,2,17498.5,Recovered
ICU00025,PAT00737,ADM007905,FAC003,DEP003,BED0420,2025-01-26 00:00:00,2025-01-28 12:00:00,No,0.0,No,2,15286.63,Recovered
ICU00034,PAT12691,ADM013345,FAC002,DEP007,BED0288,2026-11-25 00:00:00,2026-11-29 09:36:00,No,0.0,No,8,12171.63,Recovered
ICU00039,PAT01689,ADM003889,FAC001,DEP001,BED0164,2025-10-26 00:00:00,2025-10-30 16:48:00,No,0.0,No,6,12570.53,Transferred
ICU00043,PAT03088,ADM011197,FAC001,DEP003,BED0170,2022-01-26 00:00:00,2022-01-29 07:11:59,Yes,49.6,Yes,6,14880.09,Deceased
ICU00046,PAT05387,ADM001604,FAC001,DEP005,BED0171,2025-12-09 00:00:00,2025-12-16 19:12:00,No,0.0,Yes,1,14048.35,Recovered
ICU00054,PAT00938,ADM004702,FAC003,DEP005,BED0418,2025-07-30 00:00:00,2025-07-30 12:00:00,No,0.0,No,7,17802.79,Recovered
ICU00062,PAT09433,ADM001042,FAC005,DEP001,BED0737,2025-05-19 00:00:00,2025-05-21 09:35:59,No,0.0,Yes,6,20719.89,Recovered
ICU00064,PAT02956,ADM014552,FAC004,DEP007,BED0584,2023-01-09 00:00:00,2023-01-09 19:12:00,No,0.0,No,7,25297.31,Recovered
ICU00065,PAT11275,ADM010767,FAC004,DEP002,BED0581,2024-02-17 00:00:00,2024-02-24 00:00:00,No,0.0,No,2,19722.67,Recovered
ICU00067,PAT02299,ADM004759,FAC004,DEP004,BED0584,2025-11-27 00:00:00,2025-11-30 12:00:00,Yes,44.8,Yes,9,19159.63,Recovered
ICU00086,PAT00151,ADM012355,FAC002,DEP001,BED0769,2023-08-14 00:00:00,2023-08-20 04:48:00,Yes,87.6,Yes,7,10448.85,Recovered
ICU00098,PAT03289,ADM004606,FAC001,DEP003,BED0169,2025-03-04 00:00:00,2025-03-07 09:36:00,No,0.0,No,7,23941.74,Recovered
ICU00099,PAT05175,ADM003858,FAC001,DEP002,BED0175,2025-09-08 00:00:00,2025-09-13 07:11:59,No,0.0,Yes,9,14470.77,Recovered
ICU00100,PAT07418,ADM004737,FAC005,DEP005,BED0732,2025-06-11 00:00:00,2025-06-14 04:48:00,No,0.0,No,10,20624.06,Recovered
ICU00104,PAT09508,ADM004725,FAC002,DEP002,BED0769,2025-07-08 00:00:00,2025-07-15 21:36:00,No,0.0,Yes,7,18457.25,Recovered
ICU00128,PAT03300,ADM012438,FAC001,DEP003,BED0168,2026-10-30 00:00:00,2026-11-03 07:11:59,No,0.0,Yes,4,16405.28,Recovered
ICU00133,PAT02021,ADM002690,FAC001,DEP001,BED0166,2025-02-12 00:00:00,2025-02-13 16:48:00,No,0.0,No,7,20739.26,Recovered
ICU00138,PAT01955,ADM014226,FAC003,DEP003,BED0416,2021-10-15 00:00:00,2021-10-20 21:36:00,No,0.0,No,3,24135.96,Recovered
ICU00139,PAT03014,ADM002169,FAC003,DEP008,BED0423,2025-10-28 00:00:00,2025-10-29 04:47:59,No,0.0,Yes,2,21650.46,Recovered
ICU00142,PAT09750,ADM000814,FAC004,DEP002,BED0857,2025-01-22 00:00:00,2025-01-23 09:35:59,Yes,29.0,Yes,9,13604.68,Recovered
ICU00145,PAT08673,ADM002710,FAC001,DEP005,BED0173,2025-03-15 00:00:00,2025-03-20 04:48:00,No,0.0,Yes,7,23990.75,Recovered
ICU00148,PAT09159,ADM004381,FAC005,DEP003,BED0740,2025-05-06 00:00:00,2025-05-08 21:35:59,Yes,49.5,Yes,7,24333.6,Recovered
ICU00159,PAT03777,ADM010212,FAC005,DEP006,BED0740,2026-12-23 00:00:00,2026-12-28 00:00:00,Yes,63.9,Yes,6,22621.09,Recovered
ICU00162,PAT03121,ADM009614,FAC005,DEP005,BED0740,2025-04-26 00:00:00,2025-05-02 07:12:00,No,0.0,No,6,14589.24,Recovered
ICU00163,PAT10382,ADM009365,FAC003,DEP001,BED0419,2022-10-30 00:00:00,2022-10-31 04:47:59,No,0.0,Yes,3,22240.76,Recovered
ICU00175,PAT10310,ADM013717,FAC001,DEP008,BED0175,2023-12-25 00:00:00,2023-12-31 00:00:00,No,0.0,No,4,24158.09,Recovered
ICU00178,PAT08050,ADM003359,FAC004,DEP007,BED0577,2025-01-29 00:00:00,2025-01-29 21:36:00,No,0.0,Yes,5,26162.56,Recovered
ICU00179,PAT06537,ADM013322,FAC005,DEP003,BED0738,2023-11-26 00:00:00,2023-11-26 12:00:00,No,0.0,No,4,13779.04,Recovered
ICU00184,PAT09400,ADM012555,FAC004,DEP007,BED0581,2025-01-26 00:00:00,2025-01-28 21:35:59,Yes,50.0,Yes,7,19933.09,Recovered
ICU00193,PAT03107,ADM013937,FAC004,DEP004,BED0577,2022-02-10 00:00:00,2022-02-16 07:12:00,No,0.0,No,4,13334.78,Recovered
ICU00200,PAT00609,ADM005845,FAC004,DEP002,BED0585,2025-02-01 00:00:00,2025-02-02 14:24:00,Yes,15.9,Yes,7,18479.27,Recovered
ICU00208,PAT02797,ADM001889,FAC003,DEP001,BED0421,2025-08-07 00:00:00,2025-08-08 09:35:59,No,0.0,Yes,5,13454.24,Recovered
ICU00209,PAT11068,ADM012163,FAC004,DEP004,BED0584,2021-12-12 00:00:00,2021-12-21 16:47:59,No,0.0,No,1,24564.82,Recovered
ICU00218,PAT00938,ADM007778,FAC001,DEP003,BED0166,2025-12-30 00:00:00,2026-01-02 09:36:00,No,0.0,No,6,13361.47,Deceased
ICU00219,PAT03323,ADM004204,FAC005,DEP007,BED0740,2025-12-24 00:00:00,2025-12-28 21:36:00,No,0.0,No,4,24708.26,Recovered
ICU00225,PAT01492,ADM012685,FAC005,DEP006,BED0820,2021-06-09 00:00:00,2021-06-10 21:35:59,No,0.0,No,2,8000.0,Recovered
ICU00226,PAT03509,ADM008278,FAC003,DEP007,BED0421,2025-04-30 00:00:00,2025-05-03 12:00:00,No,0.0,No,4,19018.0,Recovered
ICU00241,PAT01990,ADM003599,FAC005,DEP003,BED0739,2025-10-08 00:00:00,2025-10-10 00:00:00,No,0.0,No,2,14181.91,Recovered
ICU00244,PAT12693,ADM011372,FAC001,DEP003,BED0168,2023-01-30 00:00:00,2023-02-05 00:00:00,No,0.0,No,5,15663.4,Recovered
ICU00250,PAT04150,ADM006286,FAC002,DEP001,BED0289,2025-08-27 00:00:00,2025-09-01 09:36:00,Yes,73.7,Yes,8,17438.51,Recovered
ICU00252,PAT00462,ADM007257,FAC003,DEP007,BED0419,2025-11-16 00:00:00,2025-11-16 21:36:00,No,0.0,Yes,4,13979.24,Recovered
ICU00263,PAT05598,ADM013204,FAC001,DEP001,BED0172,2024-05-17 00:00:00,2024-05-22 00:00:00,No,0.0,Yes,4,20981.17,Recovered
ICU00264,PAT00812,ADM001461,FAC001,DEP003,BED0171,2025-02-17 00:00:00,2025-02-23 14:23:59,Yes,109.7,Yes,8,17919.64,Recovered
ICU00266,PAT01012,ADM004653,FAC004,DEP002,BED0586,2025-03-15 00:00:00,2025-03-18 09:36:00,Yes,40.2,Yes,8,22845.49,Recovered
ICU00272,PAT01384,ADM004030,FAC005,DEP006,BED0739,2025-02-22 00:00:00,2025-02-23 02:24:00,No,0.0,No,5,18534.77,Recovered
ICU00287,PAT10753,ADM011257,FAC003,DEP008,BED0422,2022-08-15 00:00:00,2022-08-15 12:00:00,No,0.0,No,6,16522.96,Recovered
ICU00293,PAT09056,ADM005780,FAC001,DEP003,BED0165,2025-10-24 00:00:00,2025-10-30 07:12:00,No,0.0,No,3,12009.43,Recovered
ICU00301,PAT05035,ADM004233,FAC004,DEP006,BED0585,2025-11-26 00:00:00,2025-12-02 04:48:00,No,0.0,Yes,3,21728.05,Recovered
ICU00309,PAT01218,ADM003905,FAC004,DEP004,BED0585,2025-01-30 00:00:00,2025-02-01 07:11:59,No,0.0,Yes,4,20288.69,Transferred
ICU00315,PAT09549,ADM005334,FAC001,DEP004,BED0170,2025-02-13 00:00:00,2025-02-14 02:24:00,No,0.0,No,4,21484.64,Recovered
ICU00330,PAT09038,ADM010728,FAC003,DEP005,BED0417,2021-08-12 00:00:00,2021-08-13 02:24:00,No,0.0,Yes,4,17405.95,Recovered
ICU00331,PAT01745,ADM000626,FAC002,DEP007,BED0290,2025-07-03 00:00:00,2025-07-04 02:24:00,No,0.0,No,8,17109.14,Recovered
ICU00335,PAT13173,ADM014450,FAC004,DEP005,BED0587,2023-03-19 00:00:00,2023-03-24 14:23:59,Yes,92.5,Yes,6,20990.26,Recovered
ICU00354,PAT00151,ADM010314,FAC002,DEP002,BED0294,2023-02-09 00:00:00,2023-02-10 14:24:00,No,0.0,No,5,18872.32,Recovered
ICU00362,PAT08279,ADM003642,FAC001,DEP003,BED0170,2025-09-08 00:00:00,2025-09-10 00:00:00,No,0.0,No,4,23419.1,Recovered
ICU00370,PAT05583,ADM011577,FAC002,DEP007,BED0290,2025-02-27 00:00:00,2025-03-05 12:00:00,No,0.0,No,7,24169.99,Recovered
ICU00378,PAT05051,ADM004393,FAC001,DEP004,BED0173,2025-08-28 00:00:00,2025-08-28 14:23:59,Yes,6.2,Yes,7,21219.01,Recovered
ICU00380,PAT08497,ADM008207,FAC001,DEP003,BED0172,2025-08-05 00:00:00,2025-08-06 14:24:00,Yes,13.1,Yes,7,19192.08,Recovered
ICU00384,PAT01509,ADM003622,FAC001,DEP005,BED0167,2025-10-25 00:00:00,2025-10-28 07:11:59,Yes,52.0,Yes,7,29528.07,Recovered
ICU00392,PAT03709,ADM007011,FAC004,DEP005,BED0578,2025-09-24 00:00:00,2025-09-24 12:00:00,Yes,0.0,Yes,10,11064.16,Recovered
ICU00393,PAT00933,ADM000457,FAC003,DEP001,BED0422,2025-02-16 00:00:00,2025-03-01 07:12:00,No,0.0,No,3,22705.57,Transferred
ICU00395,PAT05100,ADM010658,FAC005,DEP008,BED0737,2022-04-05 00:00:00,2022-04-07 21:35:59,No,0.0,No,5,26676.25,Recovered
ICU00403,PAT09160,ADM005904,FAC002,DEP001,BED0291,2025-05-30 00:00:00,2025-05-31 07:12:00,No,0.0,No,1,16440.87,Recovered
ICU00407,PAT09913,ADM007655,FAC001,DEP002,BED0174,2025-10-11 00:00:00,2025-10-17 12:00:00,No,0.0,No,5,13626.09,Recovered
ICU00411,PAT07802,ADM011005,FAC005,DEP001,BED0738,2021-04-22 00:00:00,2021-04-25 19:11:59,No,0.0,Yes,5,21638.85,Recovered
ICU00430,PAT03659,ADM007211,FAC005,DEP001,BED0820,2025-01-06 00:00:00,2025-01-14 04:47:59,Yes,128.5,Yes,6,13883.55,Recovered
ICU00432,PAT01499,ADM000637,FAC001,DEP001,BED0170,2025-02-16 00:00:00,2025-02-20 02:23:59,No,0.0,Yes,7,23104.12,Recovered
ICU00433,PAT01262,ADM013444,FAC003,DEP005,BED0416,2026-05-25 00:00:00,2026-05-30 09:36:00,No,0.0,Yes,1,22968.93,Recovered
ICU00436,PAT11320,ADM010715,FAC002,DEP001,BED0293,2026-12-13 00:00:00,2026-12-15 16:48:00,No,0.0,No,5,21564.07,Recovered
ICU00439,PAT03496,ADM000241,FAC002,DEP006,BED0292,2025-02-12 00:00:00,2025-02-16 14:23:59,Yes,58.9,Yes,6,19296.43,Recovered
ICU00442,PAT09895,ADM013785,FAC003,DEP008,BED0421,2023-04-25 00:00:00,2023-04-29 19:11:59,No,0.0,Yes,2,21114.05,Recovered
ICU00443,PAT14717,ADM011147,FAC003,DEP007,BED0422,2021-11-02 00:00:00,2021-11-07 07:11:59,No,0.0,No,3,15912.95,Transferred
ICU00445,PAT09981,ADM012658,FAC004,DEP005,BED0582,2024-07-25 00:00:00,2024-07-28 21:36:00,No,0.0,Yes,4,21874.08,Recovered
ICU00447,PAT11491,ADM013939,FAC003,DEP001,BED0420,2024-07-30 00:00:00,2024-08-04 09:36:00,Yes,69.0,Yes,6,19933.47,Recovered
ICU00448,PAT08736,ADM007687,FAC004,DEP004,BED0581,2025-09-21 00:00:00,2025-09-23 16:48:00,No,0.0,No,2,16368.85,Deceased
ICU00451,PAT09482,ADM000609,FAC004,DEP004,BED0579,2025-09-12 00:00:00,2025-09-15 07:11:59,No,0.0,No,6,12647.36,Recovered
ICU00469,PAT01984,ADM013639,FAC004,DEP002,BED0587,2025-07-19 00:00:00,2025-07-26 07:12:00,No,0.0,No,5,16939.84,Recovered
ICU00470,PAT00114,ADM006016,FAC001,DEP008,BED0170,2025-09-25 00:00:00,2025-09-30 14:23:59,No,0.0,No,3,13880.72,Deceased
ICU00472,PAT08884,ADM007468,FAC005,DEP001,BED0739,2025-04-22 00:00:00,2025-04-30 14:23:59,No,0.0,No,4,18575.54,Transferred
ICU00473,PAT07504,ADM003062,FAC004,DEP004,BED0585,2025-02-24 00:00:00,2025-02-24 12:00:00,No,0.0,No,5,16899.6,Recovered
ICU00474,PAT10370,ADM014014,FAC003,DEP003,BED0422,2022-07-01 00:00:00,2022-07-08 07:12:00,Yes,106.6,Yes,6,15692.85,Recovered
ICU00484,PAT09970,ADM011318,FAC001,DEP001,BED0171,2024-04-14 00:00:00,2024-04-18 00:00:00,No,0.0,No,5,21388.3,Deceased
ICU00485,PAT07226,ADM003659,FAC001,DEP008,BED0175,2025-07-10 00:00:00,2025-07-12 21:35:59,No,0.0,No,6,23038.99,Recovered
ICU00486,PAT03903,ADM007608,FAC001,DEP001,BED0172,2025-02-08 00:00:00,2025-02-10 00:00:00,No,0.0,Yes,3,21989.8,Recovered
ICU00493,PAT09724,ADM010233,FAC001,DEP004,BED0171,2026-09-03 00:00:00,2026-09-10 21:36:00,No,0.0,No,6,22021.0,Recovered
ICU00495,PAT09973,ADM000942,FAC005,DEP005,BED0734,2025-10-17 00:00:00,2025-10-17 19:12:00,No,0.0,No,4,17306.18,Recovered
ICU00496,PAT04106,ADM009737,FAC001,DEP004,BED0172,2025-08-05 00:00:00,2025-08-13 19:12:00,No,0.0,Yes,5,14601.98,Recovered
ICU00507,PAT06152,ADM002361,FAC002,DEP006,BED0294,2025-09-06 00:00:00,2025-09-08 21:35:59,Yes,36.5,Yes,7,27690.4,Recovered
ICU00515,PAT01214,ADM002591,FAC003,DEP005,BED0422,2025-11-03 00:00:00,2025-11-07 21:36:00,Yes,65.7,Yes,6,20687.39,Recovered
ICU00518,PAT04963,ADM004925,FAC001,DEP002,BED0168,2025-07-04 00:00:00,2025-07-06 04:48:00,No,0.0,Yes,6,13069.39,Recovered
ICU00525,PAT08381,ADM012138,FAC001,DEP004,BED0166,2024-08-06 00:00:00,2024-08-11 14:23:59,No,0.0,No,2,22731.01,Recovered
ICU00527,PAT01054,ADM005837,FAC005,DEP003,BED0740,2025-03-14 00:00:00,2025-03-16 00:00:00,No,0.0,No,7,24336.76,Recovered
ICU00530,PAT08789,ADM004636,FAC005,DEP007,BED0736,2025-05-25 00:00:00,2025-05-30 14:23:59,No,0.0,Yes,5,10386.26,Transferred
ICU00532,PAT07771,ADM013113,FAC005,DEP008,BED0732,2025-09-27 00:00:00,2025-10-02 21:36:00,No,0.0,Yes,5,23324.12,Recovered
ICU00534,PAT03405,ADM002181,FAC002,DEP002,BED0292,2025-01-10 00:00:00,2025-01-16 02:23:59,No,0.0,No,3,20739.3,Recovered
ICU00540,PAT08181,ADM000177,FAC005,DEP001,BED0740,2025-08-28 00:00:00,2025-08-29 21:35:59,Yes,40.3,Yes,7,18562.22,Transferred
ICU00544,PAT08305,ADM004451,FAC004,DEP006,BED0584,2025-02-07 00:00:00,2025-02-12 04:48:00,No,0.0,No,4,27016.22,Recovered
ICU00559,PAT03990,ADM011369,FAC002,DEP006,BED0294,2023-09-08 00:00:00,2023-09-13 14:23:59,Yes,87.8,Yes,6,18600.55,Recovered
ICU00562,PAT10057,ADM011493,FAC002,DEP006,BED0295,2021-06-14 00:00:00,2021-06-16 00:00:00,No,0.0,No,5,24458.6,Recovered
ICU00564,PAT09190,ADM007459,FAC001,DEP008,BED0167,2025-04-03 00:00:00,2025-04-06 02:24:00,No,0.0,No,7,19060.28,Deceased
ICU00570,PAT08586,ADM000213,FAC003,DEP003,BED0417,2025-06-06 00:00:00,2025-06-09 02:24:00,No,0.0,No,7,22234.08,Recovered
ICU00584,PAT09724,ADM005323,FAC004,DEP006,BED0578,2025-08-26 00:00:00,2025-09-04 04:47:59,No,0.0,No,4,20516.93,Recovered
ICU00585,PAT02237,ADM014316,FAC004,DEP002,BED0857,2024-04-15 00:00:00,2024-04-17 09:35:59,No,0.0,No,8,23335.98,Recovered
ICU00592,PAT07696,ADM010015,FAC003,DEP007,BED0421,2026-07-04 00:00:00,2026-07-07 07:11:59,No,0.0,No,6,17636.62,Recovered
ICU00596,PAT08094,ADM008164,FAC005,DEP007,BED0734,2025-09-28 00:00:00,2025-09-29 00:00:00,No,0.0,No,8,22097.89,Recovered
ICU00604,PAT02040,ADM008305,FAC002,DEP006,BED0292,2025-09-29 00:00:00,2025-10-03 16:48:00,No,0.0,Yes,3,10698.99,Recovered
ICU00616,PAT08618,ADM002044,FAC004,DEP007,BED0587,2025-11-05 00:00:00,2025-11-13 07:12:00,No,0.0,No,8,20982.11,Recovered
ICU00621,PAT08726,ADM004151,FAC002,DEP007,BED0289,2025-02-15 00:00:00,2025-02-23 00:00:00,No,0.0,No,7,20791.19,Transferred
ICU00623,PAT08696,ADM009025,FAC002,DEP002,BED0291,2022-08-28 00:00:00,2022-08-31 14:24:00,No,0.0,No,5,22543.36,Transferred
ICU00632,PAT09245,ADM006739,FAC005,DEP006,BED0739,2025-11-01 00:00:00,2025-11-02 12:00:00,No,0.0,Yes,6,8000.0,Recovered
ICU00633,PAT04065,ADM006942,FAC001,DEP001,BED0172,2025-06-01 00:00:00,2025-06-02 21:35:59,No,0.0,Yes,6,15750.92,Recovered
ICU00638,PAT05684,ADM000854,FAC005,DEP006,BED0733,2025-12-03 00:00:00,2025-12-03 12:00:00,No,0.0,Yes,4,10690.88,Recovered
ICU00642,PAT08086,ADM006182,FAC002,DEP007,BED0289,2025-03-03 00:00:00,2025-03-08 16:48:00,No,0.0,No,6,8000.0,Recovered
ICU00650,PAT06851,ADM002150,FAC002,DEP007,BED0295,2025-10-30 00:00:00,2025-11-03 19:11:59,No,0.0,No,4,14083.49,Recovered
ICU00653,PAT08243,ADM002357,FAC004,DEP004,BED0577,2025-11-08 00:00:00,2025-11-18 21:36:00,No,0.0,No,3,18956.55,Recovered
ICU00658,PAT05291,ADM012185,FAC003,DEP007,BED0421,2025-12-18 00:00:00,2025-12-27 00:00:00,No,0.0,No,2,16073.24,Deceased
ICU00662,PAT06804,ADM002733,FAC004,DEP001,BED0582,2025-06-25 00:00:00,2025-06-27 19:11:59,No,0.0,Yes,4,15833.05,Recovered
ICU00666,PAT06505,ADM002006,FAC004,DEP001,BED0581,2025-03-15 00:00:00,2025-03-24 07:12:00,No,0.0,Yes,5,25269.83,Recovered
ICU00671,PAT08383,ADM009321,FAC003,DEP005,BED0423,2022-03-27 00:00:00,2022-03-27 14:23:59,No,0.0,No,5,20675.87,Transferred
ICU00673,PAT02486,ADM006898,FAC001,DEP001,BED0165,2025-09-04 00:00:00,2025-09-12 19:12:00,No,0.0,No,5,9062.84,Recovered
ICU00679,PAT08831,ADM008722,FAC005,DEP007,BED0735,2022-06-28 00:00:00,2022-07-06 21:36:00,No,0.0,No,5,17194.88,Transferred
ICU00687,PAT03679,ADM002235,FAC003,DEP001,BED0419,2025-11-14 00:00:00,2025-11-16 04:48:00,No,0.0,No,2,16138.95,Transferred
ICU00690,PAT07692,ADM007317,FAC001,DEP005,BED0175,2025-01-28 00:00:00,2025-01-28 19:12:00,No,0.0,No,4,14021.19,Recovered
ICU00691,PAT06078,ADM010864,FAC005,DEP007,BED0738,2024-02-27 00:00:00,2024-02-29 12:00:00,No,0.0,Yes,2,21428.81,Transferred
ICU00698,PAT02993,ADM007727,FAC004,DEP001,BED0587,2025-04-17 00:00:00,2025-04-19 14:24:00,Yes,15.9,Yes,9,24184.17,Recovered
ICU00710,PAT14619,ADM008950,FAC001,DEP008,BED0173,2024-04-03 00:00:00,2024-04-03 12:00:00,Yes,5.9,Yes,6,13660.99,Recovered
ICU00714,PAT04861,ADM013364,FAC004,DEP001,BED0857,2026-12-23 00:00:00,2026-12-29 09:36:00,No,0.0,Yes,5,16361.83,Transferred
ICU00719,PAT02287,ADM006883,FAC004,DEP007,BED0578,2025-10-26 00:00:00,2025-10-30 04:48:00,No,0.0,Yes,2,17543.48,Recovered
ICU00727,PAT08188,ADM012076,FAC005,DEP005,BED0731,2022-06-03 00:00:00,2022-06-03 12:00:00,No,0.0,Yes,2,10982.3,Recovered
ICU00729,PAT06502,ADM012386,FAC005,DEP006,BED0740,2026-09-08 00:00:00,2026-09-15 09:36:00,Yes,107.9,Yes,8,21257.13,Recovered
ICU00742,PAT08216,ADM000031,FAC004,DEP005,BED0586,2025-02-07 00:00:00,2025-02-07 21:36:00,No,0.0,No,4,19517.7,Recovered
ICU00744,PAT12670,ADM014999,FAC003,DEP005,BED0421,2025-01-17 00:00:00,2025-01-20 12:00:00,Yes,55.3,Yes,6,21191.47,Recovered
ICU00745,PAT03387,ADM006730,FAC002,DEP006,BED0288,2025-06-01 00:00:00,2025-06-04 12:00:00,Yes,44.2,Yes,7,13933.98,Recovered
ICU00752,PAT08094,ADM007406,FAC003,DEP005,BED0420,2025-01-19 00:00:00,2025-01-19 12:00:00,No,0.0,Yes,3,17998.7,Recovered
ICU00756,PAT01584,ADM000120,FAC005,DEP003,BED0739,2025-09-03 00:00:00,2025-09-06 02:24:00,No,0.0,No,8,14598.38,Recovered
ICU00762,PAT11511,ADM014488,FAC003,DEP008,BED0419,2021-04-20 00:00:00,2021-04-22 21:35:59,Yes,64.1,Yes,8,16361.06,Recovered
ICU00763,PAT05548,ADM014169,FAC005,DEP003,BED0740,2022-12-06 00:00:00,2022-12-12 04:48:00,No,0.0,Yes,5,21007.3,Transferred
ICU00771,PAT00903,ADM010819,FAC001,DEP001,BED0169,2026-06-13 00:00:00,2026-06-20 04:48:00,No,0.0,Yes,4,17299.89,Recovered
ICU00774,PAT04194,ADM000701,FAC003,DEP005,BED0419,2025-01-23 00:00:00,2025-01-25 00:00:00,No,0.0,No,5,15196.21,Recovered
ICU00782,PAT00300,ADM012764,FAC001,DEP004,BED0174,2022-05-25 00:00:00,2022-05-27 19:11:59,Yes,28.2,Yes,6,25552.99,Recovered
ICU00787,PAT07638,ADM002981,FAC004,DEP005,BED0579,2025-03-14 00:00:00,2025-03-16 04:48:00,Yes,14.5,Yes,8,12889.87,Recovered
ICU00794,PAT07999,ADM005676,FAC001,DEP008,BED0175,2025-11-03 00:00:00,2025-11-12 12:00:00,Yes,142.8,Yes,6,17192.51,Recovered
ICU00801,PAT05156,ADM004171,FAC001,DEP001,BED0165,2025-05-04 00:00:00,2025-05-07 14:24:00,No,0.0,No,4,8000.0,Transferred
ICU00804,PAT12359,ADM009084,FAC002,DEP002,BED0295,2024-04-24 00:00:00,2024-04-26 02:24:00,No,0.0,Yes,3,16487.66,Recovered
ICU00811,PAT03166,ADM010789,FAC002,DEP007,BED0288,2025-02-08 00:00:00,2025-02-09 19:12:00,Yes,13.4,Yes,6,21980.77,Recovered
ICU00815,PAT03456,ADM001107,FAC001,DEP003,BED0167,2025-07-16 00:00:00,2025-07-18 12:00:00,Yes,44.9,Yes,9,15765.21,Recovered
ICU00824,PAT04668,ADM005504,FAC002,DEP005,BED0295,2025-02-15 00:00:00,2025-02-18 21:36:00,Yes,58.6,Yes,9,19977.89,Transferred
ICU00834,PAT06878,ADM010515,FAC001,DEP001,BED0170,2023-08-12 00:00:00,2023-08-15 19:11:59,Yes,50.4,Yes,6,19934.89,Recovered
ICU00865,PAT08980,ADM014505,FAC005,DEP001,BED0739,2026-11-28 00:00:00,2026-12-03 16:48:00,No,0.0,Yes,7,11168.64,Deceased
ICU00866,PAT00426,ADM009956,FAC004,DEP005,BED0890,2026-06-01 00:00:00,2026-06-05 02:23:59,Yes,52.7,Yes,8,17491.63,Recovered
ICU00870,PAT07121,ADM008306,FAC005,DEP006,BED0733,2025-04-14 00:00:00,2025-04-23 09:36:00,No,0.0,No,6,24458.8,Recovered
ICU00873,PAT06299,ADM006457,FAC001,DEP001,BED0173,2025-06-19 00:00:00,2025-06-21 07:11:59,Yes,35.2,Yes,8,13626.47,Recovered
ICU00879,PAT02474,ADM009317,FAC003,DEP003,BED0417,2023-12-13 00:00:00,2023-12-21 09:36:00,No,0.0,No,5,24915.25,Recovered
ICU00883,PAT07064,ADM000294,FAC001,DEP008,BED0166,2025-08-16 00:00:00,2025-08-19 02:24:00,No,0.0,No,5,20302.77,Recovered
ICU00885,PAT03025,ADM010890,FAC004,DEP005,BED0890,2023-03-24 00:00:00,2023-03-26 12:00:00,No,0.0,No,7,13280.75,Recovered
ICU00892,PAT11445,ADM014819,FAC002,DEP007,BED0288,2026-01-19 00:00:00,2026-01-24 04:48:00,No,0.0,No,4,15850.59,Recovered
ICU00894,PAT04668,ADM004657,FAC003,DEP003,BED0423,2025-09-03 00:00:00,2025-09-08 16:48:00,No,0.0,No,4,19316.3,Recovered
ICU00902,PAT06919,ADM010022,FAC005,DEP007,BED0736,2023-03-25 00:00:00,2023-04-01 16:48:00,No,0.0,No,4,23708.57,Recovered
ICU00907,PAT05763,ADM005388,FAC003,DEP008,BED0420,2025-02-15 00:00:00,2025-02-19 00:00:00,No,0.0,Yes,4,23377.27,Recovered
ICU00908,PAT04405,ADM007403,FAC001,DEP008,BED0166,2025-05-09 00:00:00,2025-05-13 09:36:00,Yes,84.1,Yes,6,11426.66,Recovered
ICU00913,PAT00114,ADM006146,FAC005,DEP003,BED0731,2025-06-03 00:00:00,2025-06-11 19:12:00,No,0.0,No,4,15820.56,Transferred
ICU00919,PAT04112,ADM005009,FAC002,DEP005,BED0293,2025-08-23 00:00:00,2025-08-27 09:36:00,Yes,67.8,Yes,7,20679.99,Recovered
ICU00921,PAT00466,ADM002900,FAC005,DEP005,BED0731,2025-06-01 00:00:00,2025-06-05 09:36:00,Yes,45.1,Yes,6,24335.15,Recovered
ICU00924,PAT13702,ADM008525,FAC001,DEP004,BED0168,2021-12-24 00:00:00,2021-12-29 04:48:00,No,0.0,No,5,22454.57,Recovered
ICU00928,PAT00395,ADM006138,FAC002,DEP006,BED0292,2025-10-26 00:00:00,2025-10-29 12:00:00,No,0.0,No,7,16030.68,Transferred
ICU00929,PAT06282,ADM009446,FAC002,DEP005,BED0291,2024-03-24 00:00:00,2024-03-26 12:00:00,Yes,32.2,Yes,6,22572.67,Recovered
ICU00931,PAT08521,ADM009208,FAC003,DEP003,BED0418,2021-04-25 00:00:00,2021-04-26 14:24:00,No,0.0,No,8,19654.33,Recovered
ICU00942,PAT07938,ADM005484,FAC004,DEP005,BED0578,2025-02-22 00:00:00,2025-02-26 07:11:59,No,0.0,Yes,3,21515.29,Deceased
ICU00951,PAT02907,ADM011468,FAC003,DEP008,BED0418,2022-03-29 00:00:00,2022-03-31 21:35:59,Yes,55.0,Yes,10,17414.38,Recovered
ICU00952,PAT09587,ADM005317,FAC003,DEP005,BED0416,2025-12-05 00:00:00,2025-12-06 07:12:00,Yes,26.5,Yes,8,14582.79,Recovered
ICU00961,PAT00765,ADM004644,FAC003,DEP005,BED0421,2025-07-22 00:00:00,2025-07-27 04:48:00,No,0.0,Yes,2,15525.59,Recovered
ICU00970,PAT12723,ADM013691,FAC001,DEP004,BED0173,2024-10-24 00:00:00,2024-10-27 07:11:59,Yes,21.0,Yes,6,15285.99,Recovered
ICU00984,PAT06189,ADM012742,FAC002,DEP002,BED0293,2026-03-25 00:00:00,2026-04-01 19:12:00,No,0.0,Yes,5,26001.03,Recovered
ICU00988,PAT07783,ADM014839,FAC004,DEP001,BED0580,2024-11-24 00:00:00,2024-11-24 12:00:00,No,0.0,No,3,20627.94,Recovered
ICU00998,PAT14383,ADM012896,FAC002,DEP006,BED0294,2023-05-25 00:00:00,2023-06-02 02:23:59,No,0.0,No,4,17195.14,Recovered
ICU01001,PAT02544,ADM009074,FAC001,DEP001,BED0167,2022-08-06 00:00:00,2022-08-09 12:00:00,No,0.0,No,4,20414.86,Deceased
ICU01003,PAT06787,ADM004566,FAC004,DEP001,BED0857,2025-06-16 00:00:00,2025-06-18 16:48:00,No,0.0,No,4,16143.0,Recovered
ICU01016,PAT00922,ADM004551,FAC001,DEP003,BED0175,2025-10-22 00:00:00,2025-10-28 04:48:00,No,0.0,Yes,4,15035.45,Transferred
ICU01020,PAT04230,ADM003413,FAC004,DEP004,BED0580,2025-02-12 00:00:00,2025-02-21 19:12:00,No,0.0,No,5,10351.29,Recovered
ICU01022,PAT01890,ADM013538,FAC002,DEP007,BED0292,2024-06-10 00:00:00,2024-06-11 00:00:00,No,0.0,No,5,18464.84,Recovered
ICU01026,PAT03947,ADM006932,FAC002,DEP006,BED0293,2025-10-12 00:00:00,2025-10-13 21:35:59,Yes,35.9,Yes,7,22404.0,Deceased
ICU01027,PAT09895,ADM014989,FAC005,DEP006,BED0739,2022-07-14 00:00:00,2022-07-18 07:11:59,No,0.0,No,6,14320.69,Recovered
ICU01028,PAT04343,ADM003925,FAC005,DEP008,BED0820,2025-10-08 00:00:00,2025-10-09 07:12:00,No,0.0,Yes,6,25670.91,Recovered
ICU01032,PAT07579,ADM014157,FAC005,DEP003,BED0731,2024-01-26 00:00:00,2024-01-27 09:35:59,No,0.0,No,4,10408.63,Transferred
ICU01046,PAT00331,ADM007708,FAC001,DEP003,BED0174,2025-03-22 00:00:00,2025-03-30 14:23:59,No,0.0,No,8,17412.54,Recovered
ICU01047,PAT04721,ADM004814,FAC002,DEP006,BED0291,2025-01-04 00:00:00,2025-01-04 12:00:00,No,0.0,No,3,21626.97,Recovered
ICU01055,PAT07536,ADM000170,FAC003,DEP007,BED0423,2025-10-01 00:00:00,2025-10-06 12:00:00,No,0.0,No,8,19985.41,Recovered
ICU01059,PAT02110,ADM014306,FAC001,DEP004,BED0174,2025-04-18 00:00:00,2025-04-24 21:36:00,No,0.0,No,3,13428.86,Recovered
ICU01061,PAT12683,ADM011805,FAC004,DEP004,BED0586,2021-02-09 00:00:00,2021-02-12 19:11:59,Yes,53.0,Yes,10,12184.16,Recovered
ICU01063,PAT03438,ADM013074,FAC005,DEP005,BED0734,2026-01-30 00:00:00,2026-02-05 19:12:00,No,0.0,Yes,6,13662.64,Recovered
ICU01067,PAT09238,ADM007130,FAC004,DEP006,BED0584,2025-01-10 00:00:00,2025-01-13 12:00:00,No,0.0,No,3,14192.35,Recovered
ICU01069,PAT11879,ADM014647,FAC002,DEP002,BED0292,2026-10-09 00:00:00,2026-10-14 02:23:59,No,0.0,No,7,16987.52,Recovered
ICU01073,PAT07766,ADM008866,FAC002,DEP007,BED0295,2024-12-31 00:00:00,2025-01-07 14:23:59,No,0.0,No,7,11470.36,Recovered
ICU01074,PAT02975,ADM006166,FAC004,DEP005,BED0587,2025-06-20 00:00:00,2025-06-23 02:24:00,Yes,39.4,Yes,9,17468.43,Transferred
ICU01079,PAT04765,ADM007924,FAC001,DEP003,BED0170,2025-04-06 00:00:00,2025-04-07 09:35:59,No,0.0,No,3,19504.41,Recovered
ICU01082,PAT06726,ADM000064,FAC001,DEP004,BED0173,2025-03-18 00:00:00,2025-03-25 02:23:59,Yes,95.8,Yes,7,17292.86,Recovered
ICU01083,PAT10974,ADM014188,FAC002,DEP005,BED0294,2021-08-20 00:00:00,2021-08-22 04:48:00,No,0.0,No,5,13736.48,Recovered
ICU01085,PAT06148,ADM005365,FAC001,DEP001,BED0165,2025-07-04 00:00:00,2025-07-09 02:23:59,No,0.0,No,6,18563.22,Recovered
ICU01086,PAT05872,ADM001306,FAC001,DEP001,BED0172,2025-08-22 00:00:00,2025-08-23 14:24:00,No,0.0,No,4,23256.44,Recovered
ICU01087,PAT07086,ADM001706,FAC001,DEP008,BED0165,2025-11-14 00:00:00,2025-11-21 12:00:00,No,0.0,No,4,18859.31,Recovered
ICU01096,PAT12272,ADM009560,FAC003,DEP005,BED0423,2024-04-17 00:00:00,2024-04-24 19:12:00,No,0.0,Yes,7,8000.0,Recovered
ICU01097,PAT08162,ADM000804,FAC001,DEP002,BED0164,2025-02-08 00:00:00,2025-02-13 04:48:00,No,0.0,No,6,13138.87,Recovered
ICU01104,PAT06880,ADM008577,FAC004,DEP006,BED0579,2025-11-02 00:00:00,2025-11-12 07:12:00,Yes,134.6,Yes,7,17750.02,Recovered
ICU01108,PAT02324,ADM006466,FAC003,DEP003,BED0421,2025-08-29 00:00:00,2025-09-01 12:00:00,Yes,44.1,Yes,9,22027.23,Recovered
ICU01111,PAT00625,ADM009201,FAC004,DEP005,BED0580,2024-08-29 00:00:00,2024-09-01 12:00:00,No,0.0,Yes,3,14096.52,Recovered
ICU01115,PAT06265,ADM010682,FAC002,DEP005,BED0290,2024-01-05 00:00:00,2024-01-12 02:23:59,No,0.0,Yes,3,8000.0,Recovered
ICU01116,PAT05024,ADM014359,FAC001,DEP002,BED0164,2022-02-24 00:00:00,2022-03-05 00:00:00,No,0.0,Yes,5,22592.27,Recovered
ICU01121,PAT02679,ADM003990,FAC001,DEP003,BED0171,2025-06-20 00:00:00,2025-06-24 00:00:00,No,0.0,No,8,23325.47,Recovered
ICU01135,PAT06992,ADM006634,FAC002,DEP005,BED0294,2025-03-12 00:00:00,2025-03-12 19:12:00,No,0.0,Yes,2,14450.2,Transferred
ICU01136,PAT04879,ADM014570,FAC005,DEP008,BED0735,2023-07-04 00:00:00,2023-07-05 21:35:59,No,0.0,No,4,13757.64,Recovered
ICU01141,PAT14005,ADM014738,FAC003,DEP008,BED0421,2025-08-30 00:00:00,2025-08-30 19:12:00,Yes,19.2,Yes,6,20841.5,Recovered
ICU01149,PAT07276,ADM008166,FAC004,DEP005,BED0890,2025-10-27 00:00:00,2025-11-01 02:23:59,Yes,67.7,Yes,7,14269.2,Recovered
ICU01155,PAT03064,ADM014078,FAC002,DEP001,BED0291,2021-08-27 00:00:00,2021-09-01 02:23:59,No,0.0,Yes,5,22662.81,Transferred
ICU01158,PAT03316,ADM010067,FAC005,DEP003,BED0740,2023-06-06 00:00:00,2023-06-08 21:35:59,No,0.0,No,3,26730.59,Recovered
ICU01167,PAT02216,ADM012842,FAC003,DEP005,BED0422,2024-09-07 00:00:00,2024-09-10 02:24:00,No,0.0,Yes,6,19097.86,Transferred
ICU01175,PAT01796,ADM006152,FAC002,DEP002,BED0290,2025-08-23 00:00:00,2025-08-28 02:23:59,Yes,68.3,Yes,6,21555.44,Recovered
ICU01176,PAT02118,ADM006608,FAC002,DEP005,BED0291,2025-03-02 00:00:00,2025-03-06 04:48:00,No,0.0,No,2,10410.11,Recovered
ICU01177,PAT01415,ADM001094,FAC001,DEP008,BED0169,2025-01-15 00:00:00,2025-01-19 21:36:00,Yes,62.6,Yes,7,20513.9,Recovered
ICU01178,PAT01237,ADM008410,FAC001,DEP002,BED0168,2025-04-27 00:00:00,2025-04-30 19:11:59,No,0.0,No,5,23675.97,Recovered
ICU01187,PAT14305,ADM008660,FAC001,DEP002,BED0165,2023-06-29 00:00:00,2023-07-04 19:11:59,No,0.0,Yes,7,22228.43,Recovered
ICU01188,PAT01214,ADM009133,FAC001,DEP004,BED0170,2022-11-02 00:00:00,2022-11-07 16:48:00,No,0.0,Yes,3,21380.97,Transferred
ICU01190,PAT11356,ADM013836,FAC005,DEP003,BED0735,2026-09-04 00:00:00,2026-09-04 12:00:00,Yes,4.0,Yes,7,16516.9,Recovered
ICU01198,PAT10473,ADM013682,FAC001,DEP001,BED0164,2025-11-15 00:00:00,2025-11-21 02:23:59,No,0.0,Yes,5,13315.78,Recovered
ICU01210,PAT08948,ADM012884,FAC001,DEP004,BED0168,2022-10-24 00:00:00,2022-10-30 16:48:00,No,0.0,Yes,5,17251.84,Recovered
ICU01214,PAT01011,ADM000599,FAC005,DEP006,BED0736,2025-05-24 00:00:00,2025-05-27 12:00:00,No,0.0,Yes,5,21135.15,Recovered
ICU01218,PAT01509,ADM011463,FAC002,DEP006,BED0292,2026-07-18 00:00:00,2026-07-18 12:00:00,No,0.0,No,5,9258.4,Recovered
ICU01229,PAT03951,ADM008806,FAC004,DEP004,BED0890,2021-12-18 00:00:00,2021-12-21 09:36:00,No,0.0,No,5,25389.89,Recovered
ICU01233,PAT09001,ADM005327,FAC004,DEP006,BED0577,2025-01-03 00:00:00,2025-01-03 21:36:00,No,0.0,No,3,12164.6,Recovered
ICU01236,PAT03515,ADM007400,FAC001,DEP004,BED0172,2025-01-19 00:00:00,2025-01-21 02:24:00,No,0.0,No,2,8000.0,Recovered
ICU01254,PAT11966,ADM013792,FAC003,DEP008,BED0417,2026-12-17 00:00:00,2026-12-27 12:00:00,No,0.0,No,2,26909.21,Transferred
ICU01268,PAT04468,ADM007866,FAC003,DEP003,BED0422,2025-05-08 00:00:00,2025-05-14 00:00:00,No,0.0,No,7,24594.25,Recovered
ICU01270,PAT06128,ADM009415,FAC005,DEP003,BED0739,2022-12-28 00:00:00,2022-12-31 16:48:00,No,0.0,Yes,7,10210.68,Recovered
ICU01278,PAT01329,ADM000272,FAC005,DEP001,BED0736,2025-09-29 00:00:00,2025-10-05 07:12:00,No,0.0,Yes,6,14752.02,Recovered
ICU01280,PAT00926,ADM003283,FAC001,DEP002,BED0167,2025-01-23 00:00:00,2025-01-24 21:35:59,No,0.0,Yes,5,18664.1,Transferred
ICU01284,PAT07723,ADM004839,FAC001,DEP002,BED0170,2025-12-25 00:00:00,2025-12-28 07:11:59,Yes,42.4,Yes,7,8900.48,Recovered
ICU01287,PAT09919,ADM004019,FAC005,DEP001,BED0731,2025-06-01 00:00:00,2025-06-04 07:11:59,No,0.0,Yes,5,20244.1,Recovered
ICU01297,PAT08381,ADM011416,FAC005,DEP001,BED0736,2026-09-28 00:00:00,2026-10-04 12:00:00,No,0.0,No,4,13675.32,Recovered
ICU01301,PAT07820,ADM012708,FAC004,DEP004,BED0857,2021-06-01 00:00:00,2021-06-01 12:00:00,No,0.0,Yes,5,20974.59,Recovered
ICU01307,PAT03775,ADM011164,FAC001,DEP003,BED0165,2023-06-23 00:00:00,2023-06-25 19:11:59,No,0.0,No,6,16123.91,Recovered
ICU01317,PAT00677,ADM002298,FAC003,DEP005,BED0418,2025-11-27 00:00:00,2025-12-07 07:12:00,No,0.0,No,4,19720.87,Recovered
ICU01320,PAT02678,ADM000735,FAC002,DEP002,BED0293,2025-01-03 00:00:00,2025-01-03 21:36:00,No,0.0,Yes,5,16463.69,Recovered
ICU01324,PAT11360,ADM012394,FAC005,DEP006,BED0737,2025-07-30 00:00:00,2025-08-02 21:36:00,No,0.0,No,4,16599.11,Recovered
ICU01326,PAT08577,ADM013997,FAC005,DEP008,BED0733,2022-08-11 00:00:00,2022-08-13 21:35:59,No,0.0,No,5,17592.93,Recovered
ICU01330,PAT05853,ADM005130,FAC001,DEP002,BED0165,2025-06-09 00:00:00,2025-06-10 09:35:59,No,0.0,No,4,21462.31,Transferred
ICU01332,PAT09469,ADM003931,FAC005,DEP006,BED0740,2025-05-12 00:00:00,2025-05-14 07:11:59,No,0.0,Yes,8,21694.16,Transferred
ICU01345,PAT09744,ADM007202,FAC004,DEP007,BED0579,2025-04-08 00:00:00,2025-04-09 21:35:59,No,0.0,Yes,5,8000.0,Deceased
ICU01348,PAT06670,ADM008238,FAC002,DEP002,BED0292,2025-08-29 00:00:00,2025-09-07 16:47:59,Yes,138.5,Yes,6,23809.97,Recovered
ICU01358,PAT04982,ADM001005,FAC004,DEP006,BED0580,2025-04-12 00:00:00,2025-04-17 21:36:00,No,0.0,Yes,8,26156.35,Recovered
ICU01365,PAT03129,ADM013380,FAC002,DEP001,BED0290,2023-08-31 00:00:00,2023-09-04 19:11:59,Yes,72.1,Yes,7,24058.61,Recovered
ICU01369,PAT08392,ADM004388,FAC003,DEP001,BED0420,2025-05-08 00:00:00,2025-05-12 07:11:59,Yes,65.9,Yes,7,20704.0,Recovered
ICU01378,PAT00389,ADM002054,FAC001,DEP008,BED0165,2025-10-21 00:00:00,2025-10-26 00:00:00,Yes,79.1,Yes,8,19945.86,Recovered
ICU01380,PAT04032,ADM014454,FAC005,DEP003,BED0740,2026-11-21 00:00:00,2026-11-21 21:36:00,Yes,6.0,Yes,10,14528.24,Recovered
ICU01381,PAT14165,ADM012338,FAC003,DEP005,BED0422,2022-01-17 00:00:00,2022-01-17 12:00:00,No,0.0,No,3,8000.0,Transferred
ICU01389,PAT03746,ADM012722,FAC001,DEP008,BED0170,2023-11-06 00:00:00,2023-11-10 09:36:00,Yes,66.7,Yes,7,31004.75,Recovered
ICU01390,PAT13466,ADM008761,FAC004,DEP006,BED0585,2024-01-27 00:00:00,2024-01-27 12:00:00,Yes,12.0,Yes,8,23597.27,Recovered
ICU01406,PAT02407,ADM012419,FAC005,DEP003,BED0881,2021-04-14 00:00:00,2021-04-15 00:00:00,No,0.0,Yes,3,16136.22,Recovered
ICU01417,PAT09418,ADM003207,FAC005,DEP001,BED0820,2025-11-07 00:00:00,2025-11-10 02:24:00,Yes,53.3,Yes,6,12337.92,Deceased
ICU01431,PAT09319,ADM004645,FAC005,DEP006,BED0733,2025-11-21 00:00:00,2025-11-22 19:12:00,Yes,30.6,Yes,10,16663.47,Recovered
ICU01435,PAT01329,ADM004896,FAC001,DEP005,BED0168,2025-11-22 00:00:00,2025-11-25 09:36:00,No,0.0,No,1,8000.0,Transferred
ICU01438,PAT08452,ADM010812,FAC005,DEP005,BED0820,2023-11-15 00:00:00,2023-11-15 12:00:00,Yes,3.7,Yes,8,21706.2,Recovered
ICU01439,PAT01567,ADM002372,FAC004,DEP001,BED0583,2025-07-28 00:00:00,2025-08-04 21:36:00,Yes,105.9,Yes,6,20869.29,Recovered
ICU01441,PAT02705,ADM004889,FAC003,DEP007,BED0420,2025-09-02 00:00:00,2025-09-06 12:00:00,No,0.0,Yes,4,18073.5,Recovered
ICU01443,PAT08073,ADM007395,FAC005,DEP006,BED0739,2025-10-18 00:00:00,2025-10-24 21:36:00,No,0.0,Yes,5,18710.74,Recovered
ICU01445,PAT09262,ADM008161,FAC002,DEP007,BED0294,2025-01-26 00:00:00,2025-01-27 21:35:59,No,0.0,Yes,4,24291.74,Transferred
ICU01455,PAT03387,ADM012800,FAC002,DEP005,BED0288,2026-01-30 00:00:00,2026-02-01 12:00:00,No,0.0,Yes,3,21508.92,Recovered
ICU01459,PAT05307,ADM000194,FAC002,DEP007,BED0288,2025-11-11 00:00:00,2025-11-16 09:36:00,Yes,65.6,Yes,6,20697.86,Transferred
ICU01460,PAT02003,ADM005348,FAC005,DEP006,BED0740,2025-11-13 00:00:00,2025-11-14 12:00:00,No,0.0,Yes,5,16817.85,Transferred
ICU01465,PAT09903,ADM011432,FAC005,DEP005,BED0739,2022-06-25 00:00:00,2022-06-25 12:00:00,No,0.0,No,5,25143.57,Recovered
ICU01466,PAT05596,ADM004334,FAC004,DEP004,BED0857,2025-08-18 00:00:00,2025-08-21 02:24:00,No,0.0,No,4,19456.94,Recovered
ICU01468,PAT13702,ADM012848,FAC002,DEP001,BED0288,2021-08-18 00:00:00,2021-08-19 14:24:00,No,0.0,Yes,4,18119.34,Deceased
ICU01480,PAT02381,ADM010895,FAC001,DEP004,BED0175,2024-04-04 00:00:00,2024-04-08 07:11:59,No,0.0,No,4,28532.36,Recovered
ICU01485,PAT09190,ADM014376,FAC001,DEP004,BED0167,2021-05-08 00:00:00,2021-05-08 12:00:00,No,0.0,Yes,5,21668.19,Recovered
ICU01490,PAT09071,ADM000232,FAC005,DEP005,BED0740,2025-07-27 00:00:00,2025-08-01 02:23:59,No,0.0,Yes,8,14628.82,Recovered
ICU01499,PAT03209,ADM009696,FAC004,DEP007,BED0578,2026-03-16 00:00:00,2026-03-22 02:23:59,No,0.0,No,3,20994.69,Transferred
ICU01502,PAT04955,ADM010425,FAC004,DEP005,BED0583,2025-09-27 00:00:00,2025-10-03 21:36:00,No,0.0,No,3,9425.89,Recovered
ICU01505,PAT01979,ADM013135,FAC004,DEP001,BED0584,2025-08-15 00:00:00,2025-08-16 21:35:59,No,0.0,Yes,7,13238.21,Deceased
ICU01525,PAT02010,ADM011701,FAC001,DEP003,BED0172,2022-01-22 00:00:00,2022-01-26 19:11:59,No,0.0,Yes,4,16318.84,Recovered
ICU01533,PAT08787,ADM003143,FAC003,DEP005,BED0423,2025-03-20 00:00:00,2025-03-25 02:23:59,No,0.0,No,6,16026.87,Recovered
ICU01537,PAT04047,ADM013286,FAC002,DEP006,BED0288,2021-11-10 00:00:00,2021-11-13 09:36:00,No,0.0,No,6,13306.2,Recovered
ICU01538,PAT05095,ADM007760,FAC003,DEP001,BED0420,2025-03-24 00:00:00,2025-03-27 07:11:59,No,0.0,No,2,23023.09,Recovered
ICU01542,PAT14467,ADM012665,FAC002,DEP007,BED0289,2025-12-17 00:00:00,2025-12-17 12:00:00,No,0.0,No,5,15478.11,Recovered
ICU01562,PAT09122,ADM000898,FAC003,DEP003,BED0416,2025-03-08 00:00:00,2025-03-11 02:24:00,No,0.0,No,2,17555.34,Recovered
ICU01564,PAT14223,ADM014539,FAC005,DEP008,BED0733,2025-08-29 00:00:00,2025-08-29 12:00:00,Yes,0.0,Yes,6,8000.0,Transferred
ICU01569,PAT03858,ADM003303,FAC004,DEP007,BED0582,2025-07-12 00:00:00,2025-07-16 02:23:59,No,0.0,No,4,15518.36,Recovered
ICU01578,PAT06189,ADM004963,FAC003,DEP001,BED0416,2025-11-30 00:00:00,2025-12-06 00:00:00,No,0.0,No,7,24654.16,Recovered
ICU01582,PAT09141,ADM014412,FAC003,DEP001,BED0420,2026-03-12 00:00:00,2026-03-16 04:48:00,No,0.0,Yes,5,22451.5,Recovered
ICU01584,PAT08642,ADM005319,FAC005,DEP003,BED0732,2025-02-02 00:00:00,2025-02-09 14:23:59,No,0.0,No,4,15058.97,Recovered
ICU01586,PAT01512,ADM010096,FAC003,DEP003,BED0423,2021-03-11 00:00:00,2021-03-12 21:35:59,No,0.0,No,6,16005.58,Recovered
ICU01596,PAT05763,ADM004750,FAC005,DEP003,BED0732,2025-05-19 00:00:00,2025-05-22 02:24:00,No,0.0,No,4,28850.67,Recovered
ICU01606,PAT12479,ADM014707,FAC003,DEP003,BED0419,2026-03-16 00:00:00,2026-03-18 09:35:59,No,0.0,Yes,6,20097.3,Recovered
ICU01608,PAT07773,ADM010299,FAC005,DEP001,BED0739,2021-04-09 00:00:00,2021-04-12 07:11:59,No,0.0,No,7,17376.49,Recovered
ICU01613,PAT07945,ADM006037,FAC001,DEP005,BED0168,2025-12-20 00:00:00,2025-12-30 04:47:59,No,0.0,No,4,17979.82,Recovered
ICU01614,PAT01548,ADM009479,FAC003,DEP003,BED0423,2026-04-06 00:00:00,2026-04-11 14:23:59,No,0.0,No,8,34804.49,Recovered
ICU01618,PAT00425,ADM008363,FAC004,DEP001,BED0584,2025-11-04 00:00:00,2025-11-06 21:35:59,No,0.0,No,5,20272.57,Recovered
ICU01619,PAT07827,ADM008290,FAC003,DEP007,BED0420,2025-04-08 00:00:00,2025-04-12 19:11:59,Yes,84.2,Yes,9,19105.93,Recovered
ICU01627,PAT06693,ADM013646,FAC003,DEP005,BED0423,2026-05-14 00:00:00,2026-05-20 12:00:00,Yes,96.9,Yes,6,21467.51,Recovered
ICU01635,PAT09469,ADM002380,FAC003,DEP003,BED0419,2025-12-15 00:00:00,2025-12-16 02:24:00,No,0.0,No,5,25489.98,Recovered
ICU01644,PAT06907,ADM000347,FAC002,DEP001,BED0291,2025-06-24 00:00:00,2025-06-29 09:36:00,Yes,73.6,Yes,7,21779.66,Transferred
ICU01650,PAT00096,ADM007755,FAC005,DEP007,BED0731,2025-07-27 00:00:00,2025-08-04 12:00:00,Yes,141.7,Yes,8,18240.4,Deceased
ICU01652,PAT02549,ADM000844,FAC004,DEP001,BED0857,2025-07-26 00:00:00,2025-08-09 19:12:00,No,0.0,Yes,4,17592.63,Recovered
ICU01655,PAT01787,ADM011234,FAC001,DEP004,BED0172,2021-02-03 00:00:00,2021-02-04 16:48:00,Yes,35.6,Yes,6,11932.48,Recovered
ICU01657,PAT05340,ADM002461,FAC003,DEP001,BED0422,2025-05-20 00:00:00,2025-05-21 09:35:59,No,0.0,No,4,11638.1,Recovered
ICU01658,PAT01706,ADM005185,FAC001,DEP004,BED0171,2025-08-13 00:00:00,2025-08-15 16:48:00,No,0.0,Yes,2,23038.52,Recovered
ICU01661,PAT08619,ADM003644,FAC001,DEP002,BED0170,2025-11-01 00:00:00,2025-11-02 16:48:00,No,0.0,No,3,15045.96,Recovered
ICU01662,PAT05795,ADM001007,FAC001,DEP003,BED0169,2025-02-07 00:00:00,2025-02-09 04:48:00,No,0.0,No,4,17818.36,Recovered
ICU01668,PAT06378,ADM010874,FAC003,DEP003,BED0423,2024-04-16 00:00:00,2024-04-25 04:47:59,No,0.0,No,5,11887.68,Recovered
ICU01672,PAT08937,ADM014701,FAC001,DEP001,BED0171,2024-07-03 00:00:00,2024-07-11 21:36:00,No,0.0,No,6,23393.99,Recovered
ICU01676,PAT05933,ADM012611,FAC004,DEP002,BED0581,2026-12-20 00:00:00,2026-12-23 21:36:00,Yes,55.2,Yes,8,15911.59,Recovered
ICU01678,PAT08304,ADM002094,FAC001,DEP003,BED0169,2025-06-22 00:00:00,2025-06-28 21:36:00,No,0.0,Yes,6,21590.33,Recovered
ICU01684,PAT01513,ADM000345,FAC001,DEP001,BED0173,2025-12-21 00:00:00,2025-12-24 04:48:00,No,0.0,Yes,2,14988.49,Recovered
ICU01688,PAT07825,ADM010763,FAC002,DEP001,BED0293,2021-12-17 00:00:00,2021-12-20 00:00:00,Yes,53.3,Yes,9,25603.29,Recovered
ICU01703,PAT07972,ADM010941,FAC003,DEP008,BED0423,2026-11-02 00:00:00,2026-11-07 14:23:59,No,0.0,Yes,2,20315.35,Recovered
ICU01705,PAT08701,ADM008031,FAC003,DEP003,BED0422,2025-03-04 00:00:00,2025-03-07 16:48:00,No,0.0,Yes,3,8641.31,Recovered
ICU01706,PAT03777,ADM003468,FAC002,DEP006,BED0289,2025-08-19 00:00:00,2025-08-25 14:23:59,No,0.0,No,9,21959.83,Recovered
ICU01709,PAT00264,ADM008696,FAC005,DEP008,BED0738,2021-08-03 00:00:00,2021-08-10 07:12:00,Yes,105.0,Yes,6,20858.46,Recovered
ICU01712,PAT04129,ADM012587,FAC001,DEP004,BED0172,2026-07-08 00:00:00,2026-07-14 07:12:00,No,0.0,Yes,4,12228.08,Recovered
ICU01713,PAT03647,ADM013337,FAC003,DEP007,BED0423,2025-09-23 00:00:00,2025-09-29 02:23:59,No,0.0,No,3,16903.99,Recovered
ICU01716,PAT07515,ADM013150,FAC005,DEP008,BED0820,2025-03-17 00:00:00,2025-03-22 00:00:00,No,0.0,Yes,2,8987.51,Deceased
ICU01720,PAT01499,ADM005332,FAC002,DEP007,BED0294,2025-07-26 00:00:00,2025-07-28 19:11:59,No,0.0,No,4,21069.9,Recovered
ICU01724,PAT02526,ADM007176,FAC001,DEP005,BED0164,2025-05-28 00:00:00,2025-06-02 09:36:00,No,0.0,No,7,18563.79,Recovered
ICU01730,PAT09459,ADM005145,FAC005,DEP007,BED0737,2025-11-26 00:00:00,2025-12-02 07:12:00,Yes,97.8,Yes,8,17691.91,Transferred
ICU01734,PAT09813,ADM004021,FAC002,DEP007,BED0290,2025-02-22 00:00:00,2025-02-25 07:11:59,No,0.0,No,4,12251.28,Recovered
ICU01741,PAT12621,ADM009716,FAC005,DEP005,BED0881,2026-12-04 00:00:00,2026-12-09 07:11:59,Yes,74.0,Yes,9,9760.61,Transferred
ICU01744,PAT06313,ADM001826,FAC001,DEP005,BED0167,2025-08-30 00:00:00,2025-09-04 12:00:00,No,0.0,Yes,3,18325.61,Recovered
ICU01750,PAT11301,ADM014638,FAC001,DEP002,BED0168,2026-07-26 00:00:00,2026-07-31 02:23:59,Yes,88.7,Yes,7,21658.48,Recovered
ICU01752,PAT14482,ADM011246,FAC004,DEP006,BED0579,2026-11-27 00:00:00,2026-11-29 14:24:00,Yes,35.4,Yes,8,21818.33,Recovered
ICU01768,PAT14662,ADM012856,FAC004,DEP002,BED0578,2025-04-16 00:00:00,2025-04-17 12:00:00,No,0.0,No,5,14257.39,Recovered
ICU01772,PAT01227,ADM012825,FAC001,DEP003,BED0172,2025-03-31 00:00:00,2025-04-03 16:48:00,No,0.0,Yes,5,10988.39,Recovered
ICU01774,PAT11545,ADM010620,FAC002,DEP007,BED0294,2026-09-06 00:00:00,2026-09-11 07:11:59,No,0.0,No,4,19021.3,Recovered
ICU01779,PAT09510,ADM011545,FAC003,DEP003,BED0422,2026-09-03 00:00:00,2026-09-08 02:23:59,No,0.0,No,6,16955.98,Recovered
ICU01781,PAT06922,ADM011185,FAC003,DEP007,BED0417,2021-10-15 00:00:00,2021-10-23 07:12:00,No,0.0,Yes,4,27430.09,Transferred
ICU01784,PAT06349,ADM007451,FAC004,DEP005,BED0583,2025-12-08 00:00:00,2025-12-09 12:00:00,No,0.0,No,4,19031.22,Recovered
ICU01785,PAT05550,ADM006950,FAC004,DEP007,BED0579,2025-06-24 00:00:00,2025-06-25 12:00:00,No,0.0,No,5,20651.16,Recovered
ICU01789,PAT01108,ADM002066,FAC001,DEP003,BED0175,2025-09-30 00:00:00,2025-10-03 14:24:00,Yes,47.1,Yes,10,25352.96,Recovered
ICU01792,PAT01581,ADM004658,FAC004,DEP004,BED0583,2025-09-12 00:00:00,2025-09-17 21:36:00,No,0.0,No,4,13084.87,Recovered
ICU01794,PAT07361,ADM004565,FAC003,DEP005,BED0416,2025-03-05 00:00:00,2025-03-08 00:00:00,No,0.0,Yes,2,18802.49,Recovered
ICU01801,PAT06135,ADM000726,FAC001,DEP001,BED0168,2025-08-15 00:00:00,2025-08-18 04:48:00,Yes,46.6,Yes,8,14746.52,Transferred
ICU01804,PAT07206,ADM005463,FAC004,DEP006,BED0577,2025-07-18 00:00:00,2025-07-22 04:48:00,No,0.0,No,5,16644.12,Deceased
ICU01813,PAT11433,ADM012548,FAC004,DEP005,BED0581,2022-05-12 00:00:00,2022-05-13 21:35:59,No,0.0,No,4,14889.18,Recovered
ICU01815,PAT13251,ADM010218,FAC002,DEP006,BED0295,2025-01-30 00:00:00,2025-02-04 14:23:59,No,0.0,No,8,14346.44,Deceased
ICU01816,PAT03296,ADM006401,FAC004,DEP004,BED0578,2025-04-19 00:00:00,2025-04-22 07:11:59,No,0.0,No,6,18836.01,Recovered
ICU01819,PAT06157,ADM002284,FAC003,DEP005,BED0420,2025-10-24 00:00:00,2025-10-24 19:12:00,No,0.0,Yes,3,24152.92,Recovered
ICU01822,PAT01979,ADM006019,FAC005,DEP005,BED0820,2025-09-29 00:00:00,2025-10-03 07:11:59,Yes,64.6,Yes,6,22959.01,Recovered
ICU01830,PAT09895,ADM004208,FAC005,DEP008,BED0740,2025-11-19 00:00:00,2025-11-21 16:48:00,No,0.0,Yes,5,23969.43,Transferred
ICU01833,PAT07540,ADM012721,FAC005,DEP005,BED0734,2025-01-13 00:00:00,2025-01-14 00:00:00,Yes,12.0,Yes,8,15163.06,Recovered
ICU01836,PAT09535,ADM011995,FAC005,DEP003,BED0737,2024-06-04 00:00:00,2024-06-09 02:23:59,No,0.0,No,3,13084.5,Recovered
ICU01837,PAT06152,ADM005769,FAC005,DEP006,BED0881,2025-11-12 00:00:00,2025-11-14 12:00:00,Yes,37.0,Yes,8,25212.55,Recovered
ICU01838,PAT02799,ADM005139,FAC001,DEP002,BED0168,2025-03-24 00:00:00,2025-03-27 16:48:00,No,0.0,Yes,5,22543.46,Recovered
ICU01839,PAT05707,ADM010226,FAC004,DEP002,BED0579,2026-09-13 00:00:00,2026-09-17 09:36:00,No,0.0,Yes,4,25786.08,Recovered
ICU01840,PAT08521,ADM011187,FAC003,DEP007,BED0418,2022-07-21 00:00:00,2022-07-31 12:00:00,Yes,156.0,Yes,7,16481.94,Recovered
ICU01844,PAT09080,ADM013746,FAC005,DEP007,BED0820,2022-08-14 00:00:00,2022-08-15 07:12:00,Yes,11.5,Yes,8,30495.74,Transferred
ICU01854,PAT09606,ADM002281,FAC004,DEP001,BED0586,2025-08-28 00:00:00,2025-08-30 07:11:59,No,0.0,Yes,6,14040.41,Recovered
ICU01860,PAT07656,ADM003184,FAC001,DEP004,BED0172,2025-12-14 00:00:00,2025-12-15 19:12:00,No,0.0,No,5,9829.77,Recovered
ICU01862,PAT07096,ADM008324,FAC003,DEP005,BED0423,2025-03-10 00:00:00,2025-03-11 21:35:59,Yes,31.4,Yes,7,17437.6,Recovered
ICU01865,PAT08590,ADM007061,FAC005,DEP003,BED0820,2025-02-01 00:00:00,2025-02-09 16:47:59,No,0.0,No,8,15483.01,Recovered
ICU01870,PAT13253,ADM010769,FAC001,DEP004,BED0165,2026-08-24 00:00:00,2026-08-30 12:00:00,Yes,104.8,Yes,6,16497.06,Recovered
ICU01872,PAT09485,ADM002130,FAC005,DEP007,BED0734,2025-10-01 00:00:00,2025-10-02 00:00:00,No,0.0,Yes,7,24739.14,Recovered
ICU01882,PAT04769,ADM003495,FAC001,DEP008,BED0168,2025-08-10 00:00:00,2025-08-11 12:00:00,Yes,16.2,Yes,7,14875.99,Recovered
ICU01883,PAT00945,ADM008217,FAC004,DEP002,BED0890,2025-01-12 00:00:00,2025-01-17 09:36:00,Yes,79.5,Yes,8,26509.69,Recovered
ICU01885,PAT02228,ADM008545,FAC001,DEP003,BED0175,2023-01-15 00:00:00,2023-01-16 14:24:00,No,0.0,No,5,22679.25,Deceased
ICU01887,PAT11840,ADM010643,FAC004,DEP002,BED0580,2022-02-20 00:00:00,2022-02-25 21:36:00,No,0.0,No,4,9215.21,Recovered
ICU01888,PAT13783,ADM012462,FAC001,DEP001,BED0173,2021-12-08 00:00:00,2021-12-12 19:11:59,Yes,77.5,Yes,7,16976.83,Recovered
ICU01891,PAT09954,ADM001305,FAC004,DEP006,BED0580,2025-12-19 00:00:00,2025-12-19 16:47:59,No,0.0,Yes,5,10723.78,Recovered
ICU01894,PAT05793,ADM011811,FAC004,DEP004,BED0582,2024-07-02 00:00:00,2024-07-02 12:00:00,Yes,5.8,Yes,6,20283.06,Recovered
ICU01913,PAT00500,ADM002251,FAC004,DEP006,BED0582,2025-06-08 00:00:00,2025-06-10 14:24:00,No,0.0,No,6,17129.87,Transferred
ICU01914,PAT01689,ADM009905,FAC002,DEP001,BED0769,2024-02-07 00:00:00,2024-02-13 07:12:00,No,0.0,No,2,20579.78,Recovered
ICU01921,PAT03624,ADM013130,FAC004,DEP004,BED0583,2024-11-09 00:00:00,2024-11-13 09:36:00,No,0.0,No,4,20171.65,Transferred
ICU01924,PAT06336,ADM007732,FAC004,DEP002,BED0580,2025-03-14 00:00:00,2025-03-15 02:24:00,Yes,8.2,Yes,7,18398.06,Transferred
ICU01943,PAT05569,ADM012511,FAC003,DEP007,BED0423,2024-01-15 00:00:00,2024-01-20 04:48:00,No,0.0,No,5,21096.61,Recovered
ICU01946,PAT06551,ADM007033,FAC003,DEP008,BED0422,2025-09-29 00:00:00,2025-10-04 04:48:00,No,0.0,No,5,20278.92,Deceased
ICU01949,PAT04129,ADM000834,FAC001,DEP004,BED0175,2025-12-26 00:00:00,2025-12-26 12:00:00,Yes,0.0,Yes,9,21972.23,Recovered
ICU01956,PAT03956,ADM009218,FAC005,DEP008,BED0733,2026-10-24 00:00:00,2026-11-01 12:00:00,No,0.0,Yes,2,20080.88,Recovered
ICU01957,PAT04591,ADM007787,FAC005,DEP005,BED0738,2025-06-24 00:00:00,2025-07-01 07:12:00,No,0.0,No,9,21833.74,Recovered
ICU01958,PAT04338,ADM004869,FAC004,DEP006,BED0577,2025-04-22 00:00:00,2025-04-25 04:48:00,No,0.0,No,2,23220.92,Transferred
ICU01959,PAT09544,ADM008020,FAC005,DEP007,BED0738,2025-08-19 00:00:00,2025-08-28 02:23:59,No,0.0,No,4,16575.09,Recovered
ICU01968,PAT01412,ADM008682,FAC003,DEP003,BED0423,2025-09-21 00:00:00,2025-09-27 00:00:00,No,0.0,No,5,21749.32,Recovered
ICU01970,PAT05136,ADM002737,FAC004,DEP001,BED0585,2025-05-29 00:00:00,2025-06-06 12:00:00,No,0.0,No,5,24589.48,Recovered
ICU01974,PAT01409,ADM005398,FAC005,DEP003,BED0881,2025-11-09 00:00:00,2025-11-13 16:48:00,No,0.0,No,6,16255.42,Recovered
ICU01978,PAT02922,ADM004873,FAC005,DEP007,BED0737,2025-11-05 00:00:00,2025-11-05 12:00:00,Yes,0.0,Yes,6,18911.15,Transferred
ICU01979,PAT07043,ADM006840,FAC003,DEP008,BED0419,2025-08-11 00:00:00,2025-08-17 04:48:00,No,0.0,Yes,1,21154.95,Recovered
ICU01983,PAT03685,ADM003183,FAC001,DEP003,BED0166,2025-03-28 00:00:00,2025-03-30 12:00:00,No,0.0,No,1,11330.71,Recovered
ICU01984,PAT06978,ADM009266,FAC002,DEP006,BED0769,2023-02-25 00:00:00,2023-03-05 00:00:00,No,0.0,No,6,22724.86,Recovered
ICU01986,PAT14142,ADM013817,FAC001,DEP005,BED0172,2025-04-03 00:00:00,2025-04-08 21:36:00,Yes,88.9,Yes,7,19910.77,Transferred
ICU01997,PAT04849,ADM012518,FAC001,DEP002,BED0167,2025-03-05 00:00:00,2025-03-09 12:00:00,Yes,68.8,Yes,10,27258.58,Recovered
ICU02005,PAT05235,ADM000476,FAC001,DEP001,BED0175,2025-12-26 00:00:00,2025-12-28 07:11:59,No,0.0,No,6,11816.99,Recovered
ICU02011,PAT06909,ADM011625,FAC005,DEP001,BED0881,2022-07-22 00:00:00,2022-07-25 02:24:00,No,0.0,No,6,15768.17,Recovered
ICU02014,PAT09459,ADM008499,FAC004,DEP002,BED0584,2025-07-21 00:00:00,2025-07-23 09:35:59,No,0.0,No,5,16622.61,Recovered
ICU02023,PAT12490,ADM014735,FAC004,DEP002,BED0581,2024-09-01 00:00:00,2024-09-05 21:36:00,No,0.0,No,4,25946.58,Recovered
ICU02025,PAT00124,ADM001177,FAC003,DEP001,BED0420,2025-10-10 00:00:00,2025-10-11 14:24:00,No,0.0,Yes,3,24105.37,Recovered
ICU02031,PAT10624,ADM009392,FAC001,DEP003,BED0174,2024-07-27 00:00:00,2024-07-28 02:24:00,No,0.0,Yes,7,15831.08,Recovered
ICU02032,PAT09028,ADM009206,FAC001,DEP005,BED0165,2026-04-20 00:00:00,2026-04-22 07:11:59,No,0.0,No,2,27542.77,Recovered
ICU02041,PAT11779,ADM011334,FAC001,DEP005,BED0168,2026-06-10 00:00:00,2026-06-14 14:23:59,Yes,63.8,Yes,7,16869.62,Recovered
ICU02043,PAT00458,ADM001957,FAC005,DEP005,BED0739,2025-01-16 00:00:00,2025-01-17 14:24:00,No,0.0,Yes,5,18903.65,Transferred
ICU02047,PAT00132,ADM006631,FAC004,DEP006,BED0581,2025-03-31 00:00:00,2025-04-03 12:00:00,No,0.0,Yes,5,17008.51,Recovered
ICU02049,PAT03329,ADM010027,FAC005,DEP005,BED0734,2022-11-14 00:00:00,2022-11-18 09:36:00,Yes,59.8,Yes,10,20079.24,Recovered
ICU02058,PAT07111,ADM000242,FAC004,DEP007,BED0583,2025-05-13 00:00:00,2025-05-15 14:24:00,No,0.0,Yes,4,19533.99,Recovered
ICU02063,PAT05999,ADM013366,FAC001,DEP002,BED0174,2025-08-26 00:00:00,2025-08-27 04:47:59,No,0.0,No,3,15595.97,Transferred
ICU02065,PAT03670,ADM000897,FAC003,DEP008,BED0419,2025-04-13 00:00:00,2025-04-15 09:35:59,Yes,48.0,Yes,8,19541.98,Recovered
ICU02067,PAT02639,ADM011573,FAC005,DEP001,BED0734,2024-12-07 00:00:00,2024-12-09 07:11:59,No,0.0,No,6,25058.02,Recovered
ICU02068,PAT09591,ADM000211,FAC004,DEP007,BED0583,2025-09-26 00:00:00,2025-09-27 16:48:00,No,0.0,No,4,18365.38,Recovered
ICU02069,PAT01254,ADM005277,FAC005,DEP003,BED0739,2025-11-06 00:00:00,2025-11-09 04:48:00,No,0.0,Yes,4,19003.12,Recovered
ICU02070,PAT00089,ADM005441,FAC005,DEP006,BED0733,2025-10-31 00:00:00,2025-11-06 19:12:00,No,0.0,No,1,21905.63,Recovered
ICU02076,PAT03997,ADM003515,FAC004,DEP002,BED0577,2025-09-30 00:00:00,2025-10-08 19:12:00,No,0.0,No,4,18236.87,Recovered
ICU02079,PAT02348,ADM004100,FAC003,DEP007,BED0419,2025-09-24 00:00:00,2025-09-26 07:11:59,Yes,31.2,Yes,6,17895.49,Recovered
ICU02085,PAT06960,ADM004452,FAC004,DEP005,BED0577,2025-08-16 00:00:00,2025-08-21 09:36:00,Yes,83.6,Yes,8,11000.2,Recovered
ICU02087,PAT05166,ADM005662,FAC001,DEP008,BED0174,2025-02-22 00:00:00,2025-02-23 04:47:59,No,0.0,No,5,9000.56,Recovered
ICU02092,PAT04230,ADM014730,FAC002,DEP002,BED0293,2026-09-06 00:00:00,2026-09-12 14:23:59,No,0.0,No,3,18785.25,Recovered
ICU02095,PAT07306,ADM000727,FAC002,DEP007,BED0769,2025-08-13 00:00:00,2025-08-17 00:00:00,No,0.0,Yes,7,18788.39,Recovered
ICU02098,PAT01088,ADM012859,FAC002,DEP006,BED0292,2024-11-05 00:00:00,2024-11-14 14:23:59,No,0.0,No,8,14100.44,Recovered
ICU02102,PAT06408,ADM003488,FAC005,DEP001,BED0736,2025-01-04 00:00:00,2025-01-11 19:12:00,Yes,108.0,Yes,7,19915.5,Recovered
ICU02106,PAT05894,ADM008819,FAC003,DEP007,BED0416,2022-05-28 00:00:00,2022-06-02 02:23:59,No,0.0,No,9,19072.46,Recovered
ICU02114,PAT07325,ADM001038,FAC003,DEP003,BED0423,2025-06-19 00:00:00,2025-06-25 16:48:00,No,0.0,No,5,19892.56,Recovered
ICU02139,PAT03835,ADM012988,FAC001,DEP005,BED0165,2023-12-05 00:00:00,2023-12-11 04:48:00,Yes,78.3,Yes,6,19353.45,Recovered
ICU02145,PAT06432,ADM006810,FAC001,DEP002,BED0172,2025-06-04 00:00:00,2025-06-05 04:47:59,No,0.0,No,6,21663.59,Deceased
ICU02152,PAT06293,ADM012724,FAC003,DEP007,BED0418,2025-08-08 00:00:00,2025-08-15 16:48:00,Yes,110.4,Yes,10,8174.9,Recovered
ICU02153,PAT09262,ADM010409,FAC002,DEP005,BED0288,2021-07-24 00:00:00,2021-07-28 00:00:00,No,0.0,No,8,17990.5,Recovered
ICU02156,PAT06890,ADM011517,FAC005,DEP005,BED0739,2025-01-19 00:00:00,2025-01-19 12:00:00,No,0.0,Yes,3,8000.0,Recovered
ICU02163,PAT05901,ADM012050,FAC001,DEP003,BED0169,2022-04-20 00:00:00,2022-04-22 04:48:00,No,0.0,Yes,6,22191.83,Recovered
ICU02165,PAT10157,ADM010300,FAC004,DEP002,BED0580,2025-02-07 00:00:00,2025-02-12 00:00:00,No,0.0,Yes,6,21326.67,Recovered
ICU02170,PAT07151,ADM006714,FAC004,DEP006,BED0585,2025-11-29 00:00:00,2025-12-05 12:00:00,No,0.0,No,5,9672.34,Recovered
ICU02193,PAT01796,ADM012903,FAC003,DEP008,BED0420,2026-05-19 00:00:00,2026-05-22 19:11:59,Yes,41.4,Yes,7,9591.67,Recovered
ICU02199,PAT01748,ADM004400,FAC001,DEP008,BED0170,2025-03-10 00:00:00,2025-03-14 04:48:00,Yes,56.4,Yes,7,20560.65,Recovered
ICU02201,PAT07641,ADM014732,FAC001,DEP001,BED0174,2022-03-08 00:00:00,2022-03-08 12:00:00,Yes,12.0,Yes,7,13747.31,Transferred
ICU02205,PAT09508,ADM011959,FAC004,DEP007,BED0587,2021-08-23 00:00:00,2021-08-26 02:24:00,Yes,53.4,Yes,7,15233.04,Transferred
ICU02213,PAT00971,ADM014897,FAC003,DEP005,BED0418,2024-06-15 00:00:00,2024-06-24 04:47:59,Yes,137.8,Yes,10,22506.05,Recovered
ICU02220,PAT02127,ADM007105,FAC005,DEP006,BED0734,2025-09-07 00:00:00,2025-09-08 21:35:59,No,0.0,Yes,3,29983.89,Recovered
ICU02226,PAT09074,ADM008447,FAC005,DEP007,BED0736,2025-10-29 00:00:00,2025-11-01 19:11:59,No,0.0,No,3,24747.18,Transferred
ICU02233,PAT00480,ADM011961,FAC001,DEP002,BED0171,2022-11-25 00:00:00,2022-11-28 09:36:00,Yes,58.5,Yes,7,13572.56,Recovered
ICU02239,PAT06189,ADM007062,FAC002,DEP001,BED0292,2025-07-10 00:00:00,2025-07-15 00:00:00,No,0.0,Yes,4,13551.15,Transferred
ICU02246,PAT02880,ADM000620,FAC003,DEP007,BED0421,2025-09-23 00:00:00,2025-09-26 14:24:00,No,0.0,No,6,13952.78,Recovered
ICU02247,PAT12556,ADM010678,FAC001,DEP005,BED0166,2022-05-05 00:00:00,2022-05-11 09:36:00,No,0.0,No,5,22554.07,Recovered
ICU02250,PAT11145,ADM008713,FAC001,DEP002,BED0173,2022-01-08 00:00:00,2022-01-18 00:00:00,Yes,153.3,Yes,9,18173.48,Deceased
ICU02251,PAT07959,ADM006120,FAC004,DEP002,BED0586,2025-05-27 00:00:00,2025-05-28 12:00:00,Yes,23.2,Yes,7,11710.9,Recovered
ICU02252,PAT03775,ADM012051,FAC002,DEP002,BED0292,2026-01-22 00:00:00,2026-01-25 04:48:00,Yes,43.7,Yes,8,15290.81,Recovered
ICU02253,PAT01800,ADM009880,FAC004,DEP004,BED0584,2024-01-17 00:00:00,2024-01-18 16:48:00,No,0.0,Yes,6,21789.44,Transferred
ICU02260,PAT07334,ADM003703,FAC005,DEP008,BED0740,2025-12-01 00:00:00,2025-12-04 00:00:00,Yes,42.6,Yes,7,8000.0,Recovered
ICU02271,PAT05422,ADM003358,FAC001,DEP002,BED0175,2025-06-26 00:00:00,2025-06-27 00:00:00,No,0.0,Yes,5,19838.76,Recovered
ICU02272,PAT08823,ADM011733,FAC003,DEP005,BED0423,2024-04-16 00:00:00,2024-04-22 16:48:00,No,0.0,No,4,15965.91,Recovered
ICU02274,PAT01399,ADM013060,FAC003,DEP005,BED0421,2025-10-23 00:00:00,2025-10-25 19:11:59,No,0.0,No,1,14026.98,Recovered
ICU02281,PAT11270,ADM009547,FAC004,DEP006,BED0582,2023-02-10 00:00:00,2023-02-12 07:11:59,No,0.0,No,3,22732.37,Recovered
ICU02283,PAT05490,ADM002816,FAC005,DEP007,BED0734,2025-05-12 00:00:00,2025-05-15 09:36:00,No,0.0,Yes,5,23961.09,Recovered
ICU02286,PAT00748,ADM011069,FAC005,DEP001,BED0737,2026-06-22 00:00:00,2026-06-23 21:35:59,Yes,20.9,Yes,6,19254.03,Recovered
ICU02288,PAT05613,ADM014179,FAC001,DEP003,BED0175,2026-09-12 00:00:00,2026-09-12 12:00:00,No,0.0,No,6,14807.16,Recovered
ICU02291,PAT12359,ADM014077,FAC002,DEP005,BED0294,2026-07-30 00:00:00,2026-08-06 07:12:00,No,0.0,No,3,12286.15,Recovered
ICU02299,PAT03858,ADM008486,FAC003,DEP005,BED0423,2025-01-24 00:00:00,2025-01-29 21:36:00,No,0.0,Yes,3,28280.03,Recovered
ICU02305,PAT01698,ADM013368,FAC005,DEP007,BED0731,2025-05-07 00:00:00,2025-05-07 12:00:00,No,0.0,No,7,10725.25,Recovered
ICU02307,PAT12823,ADM012223,FAC003,DEP003,BED0418,2023-09-16 00:00:00,2023-09-21 00:00:00,Yes,76.1,Yes,7,23221.14,Recovered
ICU02324,PAT02406,ADM000660,FAC003,DEP001,BED0417,2025-04-06 00:00:00,2025-04-07 19:12:00,Yes,35.1,Yes,6,26261.54,Recovered
ICU02329,PAT07349,ADM002420,FAC005,DEP001,BED0739,2025-09-17 00:00:00,2025-09-18 19:12:00,No,0.0,Yes,6,8913.1,Recovered
ICU02330,PAT09732,ADM003282,FAC004,DEP005,BED0584,2025-02-28 00:00:00,2025-03-02 07:11:59,No,0.0,No,5,18952.24,Recovered
ICU02334,PAT09732,ADM006635,FAC001,DEP002,BED0172,2025-08-03 00:00:00,2025-08-06 16:48:00,No,0.0,Yes,4,26220.11,Recovered
ICU02335,PAT06927,ADM011032,FAC002,DEP006,BED0292,2023-05-21 00:00:00,2023-05-27 02:23:59,No,0.0,Yes,8,12188.34,Transferred
ICU02336,PAT07291,ADM000931,FAC004,DEP005,BED0586,2025-06-27 00:00:00,2025-06-30 07:11:59,No,0.0,No,3,19030.62,Recovered
ICU02337,PAT01548,ADM004440,FAC004,DEP006,BED0586,2025-06-30 00:00:00,2025-07-01 19:12:00,No,0.0,No,8,22017.77,Deceased
ICU02338,PAT04338,ADM014908,FAC004,DEP001,BED0582,2022-04-06 00:00:00,2022-04-14 14:23:59,No,0.0,No,6,17377.9,Recovered
ICU02341,PAT05081,ADM012497,FAC005,DEP001,BED0734,2022-03-24 00:00:00,2022-03-29 07:11:59,No,0.0,No,6,21553.71,Recovered
ICU02365,PAT06919,ADM003845,FAC001,DEP003,BED0173,2025-03-27 00:00:00,2025-03-28 14:24:00,No,0.0,Yes,8,19516.53,Recovered
ICU02368,PAT05839,ADM002387,FAC005,DEP006,BED0740,2025-01-23 00:00:00,2025-01-23 16:47:59,Yes,0.7,Yes,9,21178.22,Recovered
ICU02380,PAT08962,ADM005265,FAC005,DEP008,BED0740,2025-09-16 00:00:00,2025-09-20 12:00:00,No,0.0,No,9,19668.38,Recovered
ICU02382,PAT03071,ADM000176,FAC001,DEP002,BED0165,2025-07-17 00:00:00,2025-07-19 12:00:00,Yes,21.6,Yes,8,16468.34,Recovered
ICU02383,PAT07804,ADM012831,FAC002,DEP007,BED0293,2026-12-10 00:00:00,2026-12-10 12:00:00,Yes,9.5,Yes,6,25411.57,Recovered
ICU02389,PAT09190,ADM007930,FAC002,DEP001,BED0290,2025-10-06 00:00:00,2025-10-10 02:23:59,No,0.0,Yes,2,13777.39,Transferred
ICU02390,PAT11981,ADM013168,FAC005,DEP005,BED0736,2022-07-06 00:00:00,2022-07-09 00:00:00,No,0.0,Yes,6,22281.04,Recovered
ICU02393,PAT07013,ADM003652,FAC004,DEP001,BED0585,2025-07-29 00:00:00,2025-08-09 04:47:59,Yes,146.0,Yes,7,14207.74,Transferred
ICU02394,PAT07418,ADM005198,FAC001,DEP008,BED0170,2025-09-11 00:00:00,2025-09-14 04:48:00,No,0.0,Yes,4,23019.84,Recovered
ICU02399,PAT08383,ADM012533,FAC005,DEP006,BED0733,2024-03-30 00:00:00,2024-04-05 16:48:00,No,0.0,Yes,7,11942.18,Recovered
ICU02400,PAT13817,ADM012740,FAC004,DEP006,BED0586,2024-01-21 00:00:00,2024-01-24 14:24:00,No,0.0,No,7,18591.68,Recovered
ICU02408,PAT03959,ADM013885,FAC002,DEP007,BED0292,2026-01-23 00:00:00,2026-01-29 02:23:59,No,0.0,No,4,13152.1,Recovered
ICU02410,PAT01990,ADM014224,FAC005,DEP003,BED0738,2021-10-12 00:00:00,2021-10-17 04:48:00,No,0.0,Yes,5,10850.16,Recovered
ICU02414,PAT09202,ADM014553,FAC005,DEP001,BED0733,2023-04-12 00:00:00,2023-04-13 21:35:59,No,0.0,No,3,23768.34,Recovered
ICU02415,PAT07540,ADM002719,FAC004,DEP006,BED0857,2025-10-29 00:00:00,2025-10-31 16:48:00,No,0.0,No,4,19317.18,Recovered
ICU02419,PAT01633,ADM005222,FAC004,DEP001,BED0582,2025-12-08 00:00:00,2025-12-13 16:48:00,No,0.0,No,5,21617.67,Recovered
ICU02423,PAT05768,ADM002129,FAC002,DEP001,BED0294,2025-06-29 00:00:00,2025-06-30 16:48:00,No,0.0,No,7,20145.22,Recovered
ICU02427,PAT04748,ADM000919,FAC003,DEP005,BED0420,2025-05-03 00:00:00,2025-05-03 12:00:00,Yes,12.0,Yes,7,9880.67,Recovered
ICU02434,PAT08601,ADM013998,FAC005,DEP007,BED0732,2026-06-01 00:00:00,2026-06-08 00:00:00,No,0.0,No,3,22444.33,Recovered
ICU02437,PAT04537,ADM007983,FAC004,DEP001,BED0579,2025-08-22 00:00:00,2025-08-23 09:35:59,No,0.0,No,3,10221.51,Recovered
ICU02442,PAT06791,ADM014769,FAC005,DEP007,BED0731,2022-03-27 00:00:00,2022-03-31 21:36:00,No,0.0,No,5,14781.05,Recovered
ICU02443,PAT02320,ADM000684,FAC001,DEP004,BED0172,2025-10-15 00:00:00,2025-10-17 00:00:00,No,0.0,Yes,6,8000.0,Recovered
ICU02445,PAT08747,ADM004127,FAC001,DEP001,BED0173,2025-10-21 00:00:00,2025-10-23 19:11:59,No,0.0,Yes,1,24077.23,Deceased
ICU02447,PAT02183,ADM001607,FAC001,DEP004,BED0175,2025-04-18 00:00:00,2025-04-19 16:48:00,No,0.0,Yes,4,13906.04,Recovered
ICU02458,PAT06144,ADM002453,FAC005,DEP001,BED0881,2025-01-12 00:00:00,2025-01-15 02:24:00,No,0.0,No,4,21861.19,Recovered
ICU02468,PAT04124,ADM005338,FAC004,DEP005,BED0890,2025-03-25 00:00:00,2025-03-27 12:00:00,Yes,29.4,Yes,8,15243.45,Recovered
ICU02473,PAT01912,ADM007212,FAC005,DEP007,BED0738,2025-09-13 00:00:00,2025-09-20 19:12:00,No,0.0,Yes,7,27759.86,Recovered
ICU02477,PAT07043,ADM014814,FAC001,DEP004,BED0170,2024-08-21 00:00:00,2024-08-27 19:12:00,No,0.0,Yes,4,17920.91,Recovered
ICU02478,PAT09530,ADM000869,FAC001,DEP003,BED0169,2025-10-24 00:00:00,2025-10-25 16:48:00,No,0.0,No,5,17764.95,Recovered
ICU02481,PAT04016,ADM003015,FAC002,DEP006,BED0291,2025-02-17 00:00:00,2025-03-02 16:47:59,No,0.0,Yes,4,20060.99,Recovered
ICU02484,PAT03106,ADM006520,FAC004,DEP005,BED0584,2025-10-04 00:00:00,2025-10-09 12:00:00,Yes,89.9,Yes,6,22511.2,Recovered
ICU02487,PAT02612,ADM010778,FAC004,DEP006,BED0580,2024-05-14 00:00:00,2024-05-17 14:24:00,No,0.0,Yes,2,25066.14,Recovered
ICU02489,PAT06265,ADM002689,FAC003,DEP005,BED0422,2025-05-11 00:00:00,2025-05-13 00:00:00,Yes,32.2,Yes,6,14974.44,Deceased
ICU02490,PAT00151,ADM009637,FAC003,DEP005,BED0416,2026-10-31 00:00:00,2026-10-31 12:00:00,No,0.0,No,5,19789.63,Recovered
ICU02498,PAT03964,ADM005449,FAC002,DEP005,BED0288,2025-03-17 00:00:00,2025-03-21 12:00:00,No,0.0,No,5,17020.99,Deceased
ICU02524,PAT08373,ADM007019,FAC004,DEP005,BED0586,2025-03-11 00:00:00,2025-03-14 09:36:00,Yes,49.9,Yes,6,11043.65,Deceased
ICU02525,PAT07320,ADM002400,FAC001,DEP001,BED0175,2025-05-08 00:00:00,2025-05-08 21:36:00,No,0.0,Yes,4,17066.61,Recovered
ICU02548,PAT12801,ADM013518,FAC003,DEP005,BED0422,2024-11-24 00:00:00,2024-11-26 04:48:00,No,0.0,No,9,24160.82,Recovered
ICU02553,PAT06694,ADM004153,FAC002,DEP006,BED0289,2025-01-18 00:00:00,2025-01-24 09:36:00,No,0.0,No,8,22222.78,Recovered
ICU02570,PAT13445,ADM008523,FAC004,DEP005,BED0584,2023-03-29 00:00:00,2023-03-31 07:11:59,No,0.0,No,5,19007.88,Recovered
ICU02574,PAT06336,ADM003394,FAC001,DEP003,BED0165,2025-09-05 00:00:00,2025-09-15 09:36:00,No,0.0,No,5,21605.33,Recovered
ICU02575,PAT06006,ADM001131,FAC002,DEP007,BED0294,2025-08-06 00:00:00,2025-08-07 19:12:00,No,0.0,No,8,15904.65,Transferred
ICU02592,PAT10320,ADM011171,FAC005,DEP003,BED0735,2022-05-02 00:00:00,2022-05-08 04:48:00,No,0.0,No,6,14840.0,Recovered
ICU02597,PAT11059,ADM009680,FAC004,DEP004,BED0587,2026-09-11 00:00:00,2026-09-17 19:12:00,No,0.0,No,3,21459.05,Recovered
ICU02598,PAT05501,ADM009482,FAC002,DEP001,BED0289,2024-05-02 00:00:00,2024-05-03 21:35:59,Yes,29.8,Yes,10,18589.1,Transferred
ICU02600,PAT09150,ADM007341,FAC001,DEP003,BED0174,2025-05-15 00:00:00,2025-05-16 16:48:00,No,0.0,No,10,25276.45,Transferred
ICU02622,PAT03547,ADM000073,FAC005,DEP008,BED0735,2025-12-16 00:00:00,2025-12-19 02:24:00,No,0.0,No,6,16747.08,Recovered
ICU02626,PAT00115,ADM002729,FAC002,DEP007,BED0294,2025-12-18 00:00:00,2025-12-23 21:36:00,No,0.0,Yes,4,17856.54,Recovered
ICU02632,PAT02326,ADM013610,FAC001,DEP002,BED0170,2024-09-09 00:00:00,2024-09-15 12:00:00,No,0.0,No,5,21800.63,Recovered
ICU02635,PAT13948,ADM014013,FAC001,DEP003,BED0166,2026-04-29 00:00:00,2026-04-29 12:00:00,No,0.0,No,5,23770.05,Recovered
ICU02642,PAT12194,ADM014185,FAC003,DEP005,BED0417,2025-04-26 00:00:00,2025-05-03 07:12:00,No,0.0,Yes,4,19896.77,Recovered
ICU02647,PAT06889,ADM014237,FAC004,DEP007,BED0890,2025-05-04 00:00:00,2025-05-06 02:24:00,No,0.0,No,5,11020.96,Recovered
ICU02650,PAT01784,ADM014025,FAC004,DEP001,BED0586,2026-05-11 00:00:00,2026-05-14 07:11:59,Yes,35.8,Yes,8,21467.09,Recovered
ICU02660,PAT03796,ADM000806,FAC004,DEP005,BED0586,2025-04-13 00:00:00,2025-04-15 19:11:59,Yes,35.2,Yes,6,17064.64,Recovered
ICU02662,PAT14396,ADM011360,FAC003,DEP005,BED0422,2024-07-13 00:00:00,2024-07-15 21:35:59,No,0.0,Yes,4,17235.04,Recovered
ICU02667,PAT01594,ADM005627,FAC002,DEP005,BED0291,2025-12-16 00:00:00,2025-12-21 14:23:59,No,0.0,Yes,4,9175.64,Recovered
ICU02669,PAT03205,ADM008296,FAC005,DEP007,BED0735,2025-02-08 00:00:00,2025-02-09 02:24:00,No,0.0,Yes,5,23300.59,Recovered
ICU02679,PAT03752,ADM004504,FAC002,DEP005,BED0290,2025-04-06 00:00:00,2025-04-12 02:23:59,No,0.0,Yes,5,14381.52,Recovered
ICU02680,PAT01531,ADM005983,FAC004,DEP007,BED0581,2025-08-03 00:00:00,2025-08-07 09:36:00,No,0.0,No,5,19473.46,Recovered
ICU02692,PAT02302,ADM008318,FAC003,DEP003,BED0416,2025-03-10 00:00:00,2025-03-11 00:00:00,No,0.0,No,2,14308.71,Recovered
ICU02693,PAT07880,ADM002711,FAC001,DEP002,BED0169,2025-02-16 00:00:00,2025-02-18 14:24:00,No,0.0,Yes,4,17009.85,Recovered
ICU02698,PAT08123,ADM000739,FAC001,DEP003,BED0171,2025-02-17 00:00:00,2025-02-18 12:00:00,Yes,36.0,Yes,9,15408.99,Recovered
ICU02702,PAT07146,ADM002652,FAC001,DEP003,BED0171,2025-03-16 00:00:00,2025-03-20 00:00:00,No,0.0,Yes,2,21489.46,Recovered
ICU02705,PAT14527,ADM009019,FAC005,DEP001,BED0732,2024-08-06 00:00:00,2024-08-18 04:47:59,No,0.0,No,4,14874.73,Transferred
ICU02706,PAT04338,ADM000877,FAC001,DEP008,BED0172,2025-04-06 00:00:00,2025-04-12 21:36:00,No,0.0,Yes,6,23257.78,Recovered
ICU02707,PAT01618,ADM009033,FAC005,DEP008,BED0734,2024-07-05 00:00:00,2024-07-10 09:36:00,Yes,95.0,Yes,9,18882.92,Recovered
ICU02708,PAT04829,ADM011559,FAC002,DEP002,BED0289,2021-12-08 00:00:00,2021-12-08 12:00:00,No,0.0,Yes,4,23656.74,Recovered
ICU02711,PAT12927,ADM011872,FAC003,DEP001,BED0418,2024-06-16 00:00:00,2024-06-21 19:11:59,Yes,82.4,Yes,7,20991.59,Recovered
ICU02724,PAT04867,ADM012383,FAC003,DEP001,BED0419,2026-02-13 00:00:00,2026-02-19 00:00:00,No,0.0,No,9,23522.12,Recovered
ICU02731,PAT04150,ADM003978,FAC004,DEP005,BED0582,2025-04-08 00:00:00,2025-04-09 00:00:00,No,0.0,Yes,2,15329.68,Recovered
ICU02741,PAT01179,ADM007470,FAC001,DEP003,BED0173,2025-09-02 00:00:00,2025-09-06 12:00:00,Yes,48.7,Yes,8,23486.8,Recovered
ICU02747,PAT08098,ADM006093,FAC001,DEP002,BED0167,2025-06-20 00:00:00,2025-06-28 00:00:00,No,0.0,No,6,13928.32,Recovered
ICU02752,PAT01356,ADM006375,FAC004,DEP004,BED0857,2025-09-09 00:00:00,2025-09-12 02:24:00,Yes,40.4,Yes,6,19534.18,Recovered
ICU02753,PAT03602,ADM001629,FAC004,DEP001,BED0577,2025-01-15 00:00:00,2025-01-18 02:24:00,No,0.0,Yes,7,21174.86,Recovered
ICU02766,PAT03509,ADM005824,FAC003,DEP003,BED0422,2025-11-27 00:00:00,2025-11-28 21:35:59,No,0.0,Yes,2,20266.71,Deceased
ICU02769,PAT06078,ADM005531,FAC001,DEP003,BED0166,2025-12-31 00:00:00,2026-01-02 07:11:59,No,0.0,No,7,23387.46,Recovered
ICU02776,PAT00300,ADM003794,FAC001,DEP001,BED0169,2025-07-12 00:00:00,2025-07-13 04:47:59,Yes,28.8,Yes,8,16289.15,Recovered
ICU02779,PAT03099,ADM002643,FAC005,DEP005,BED0737,2025-02-08 00:00:00,2025-02-15 00:00:00,No,0.0,No,5,14058.56,Transferred
ICU02783,PAT00016,ADM014285,FAC004,DEP005,BED0586,2021-06-21 00:00:00,2021-06-21 12:00:00,No,0.0,No,8,15749.06,Recovered
ICU02784,PAT06096,ADM005654,FAC003,DEP008,BED0418,2025-09-05 00:00:00,2025-09-11 12:00:00,No,0.0,No,9,22220.6,Recovered
ICU02787,PAT07508,ADM010589,FAC005,DEP008,BED0736,2022-07-06 00:00:00,2022-07-09 04:48:00,No,0.0,No,6,17487.81,Recovered
ICU02788,PAT00174,ADM005704,FAC003,DEP008,BED0419,2025-10-24 00:00:00,2025-10-28 09:36:00,No,0.0,No,5,8000.0,Deceased
ICU02789,PAT07052,ADM009315,FAC004,DEP007,BED0585,2025-09-19 00:00:00,2025-09-23 16:48:00,No,0.0,Yes,5,12600.05,Recovered
ICU02793,PAT06978,ADM009904,FAC005,DEP005,BED0739,2024-01-27 00:00:00,2024-01-31 02:23:59,No,0.0,No,6,15552.94,Transferred
ICU02802,PAT10070,ADM011494,FAC004,DEP007,BED0585,2022-12-21 00:00:00,2022-12-21 12:00:00,Yes,12.0,Yes,7,15355.46,Recovered
ICU02809,PAT06694,ADM007205,FAC005,DEP008,BED0734,2025-08-01 00:00:00,2025-08-06 19:11:59,No,0.0,No,4,10760.77,Recovered
ICU02811,PAT05744,ADM000790,FAC001,DEP002,BED0173,2025-01-10 00:00:00,2025-01-12 21:35:59,No,0.0,Yes,6,18426.47,Recovered
ICU02815,PAT04721,ADM000961,FAC001,DEP004,BED0168,2025-01-13 00:00:00,2025-01-14 04:47:59,Yes,15.5,Yes,7,16513.26,Recovered
ICU02817,PAT02914,ADM010924,FAC005,DEP008,BED0881,2026-05-13 00:00:00,2026-05-17 04:48:00,Yes,55.8,Yes,6,17472.76,Recovered
ICU02820,PAT02092,ADM006136,FAC004,DEP004,BED0583,2025-11-05 00:00:00,2025-11-06 00:00:00,No,0.0,Yes,5,17192.88,Recovered
ICU02826,PAT06714,ADM001344,FAC001,DEP002,BED0168,2025-11-23 00:00:00,2025-11-28 02:23:59,No,0.0,Yes,6,14697.8,Recovered
ICU02829,PAT13325,ADM013333,FAC003,DEP007,BED0421,2025-08-25 00:00:00,2025-08-31 16:48:00,No,0.0,Yes,5,17837.8,Recovered
ICU02833,PAT08650,ADM011998,FAC001,DEP001,BED0168,2025-03-21 00:00:00,2025-03-31 04:47:59,No,0.0,No,3,14693.24,Recovered
ICU02837,PAT10674,ADM011228,FAC004,DEP001,BED0578,2023-01-21 00:00:00,2023-01-26 19:11:59,No,0.0,Yes,2,20752.19,Recovered
ICU02841,PAT06339,ADM010869,FAC005,DEP005,BED0881,2024-03-09 00:00:00,2024-03-14 09:36:00,Yes,57.7,Yes,6,18735.35,Recovered
ICU02844,PAT04607,ADM011922,FAC001,DEP005,BED0165,2025-06-24 00:00:00,2025-07-01 09:36:00,No,0.0,Yes,9,23530.21,Deceased
ICU02848,PAT13089,ADM014724,FAC004,DEP005,BED0584,2021-05-04 00:00:00,2021-05-10 16:48:00,No,0.0,No,5,14656.68,Transferred
ICU02853,PAT11671,ADM014793,FAC004,DEP007,BED0583,2024-06-09 00:00:00,2024-06-11 16:48:00,No,0.0,No,7,15775.52,Deceased
ICU02856,PAT06046,ADM006992,FAC005,DEP008,BED0881,2025-01-25 00:00:00,2025-01-29 02:23:59,Yes,54.8,Yes,6,20099.65,Recovered
ICU02857,PAT02967,ADM002371,FAC002,DEP007,BED0292,2025-09-20 00:00:00,2025-09-23 04:48:00,No,0.0,No,3,17382.21,Deceased
ICU02870,PAT07376,ADM005868,FAC004,DEP004,BED0587,2025-10-27 00:00:00,2025-11-02 16:48:00,No,0.0,Yes,4,20934.89,Recovered
ICU02879,PAT08582,ADM004961,FAC004,DEP005,BED0890,2025-11-06 00:00:00,2025-11-09 00:00:00,No,0.0,Yes,4,14907.33,Deceased
ICU02882,PAT09051,ADM004166,FAC003,DEP003,BED0423,2025-06-08 00:00:00,2025-06-09 21:35:59,No,0.0,No,2,22252.51,Recovered
ICU02889,PAT06670,ADM008986,FAC001,DEP002,BED0167,2021-03-24 00:00:00,2021-03-27 12:00:00,Yes,47.3,Yes,7,16617.24,Deceased
ICU02891,PAT00171,ADM007025,FAC003,DEP005,BED0423,2025-03-14 00:00:00,2025-03-15 12:00:00,No,0.0,No,4,23420.74,Recovered
ICU02895,PAT04314,ADM007335,FAC004,DEP007,BED0583,2025-08-29 00:00:00,2025-09-02 12:00:00,No,0.0,No,3,23819.03,Recovered
ICU02898,PAT14085,ADM014103,FAC002,DEP006,BED0288,2025-05-18 00:00:00,2025-05-22 12:00:00,Yes,78.2,Yes,7,16438.02,Recovered
ICU02904,PAT02309,ADM002139,FAC004,DEP007,BED0578,2025-10-24 00:00:00,2025-10-28 07:11:59,No,0.0,No,6,18180.48,Recovered
ICU02905,PAT01651,ADM002986,FAC001,DEP008,BED0175,2025-04-10 00:00:00,2025-04-13 04:48:00,No,0.0,Yes,3,21752.06,Recovered
ICU02923,PAT05555,ADM007806,FAC002,DEP005,BED0293,2025-07-03 00:00:00,2025-07-08 02:23:59,No,0.0,No,3,10243.15,Recovered
ICU02933,PAT09467,ADM005524,FAC005,DEP006,BED0736,2025-02-08 00:00:00,2025-02-09 12:00:00,Yes,27.1,Yes,6,17090.06,Transferred
ICU02934,PAT01656,ADM007136,FAC004,DEP004,BED0578,2025-05-16 00:00:00,2025-05-18 02:24:00,Yes,15.4,Yes,6,17714.62,Recovered
ICU02935,PAT08185,ADM012041,FAC005,DEP003,BED0732,2023-04-11 00:00:00,2023-04-14 00:00:00,No,0.0,Yes,8,17086.76,Deceased
ICU02952,PAT13835,ADM012488,FAC005,DEP005,BED0734,2025-03-07 00:00:00,2025-03-12 07:11:59,No,0.0,No,3,16012.93,Recovered
ICU02959,PAT03843,ADM005059,FAC003,DEP001,BED0417,2025-03-29 00:00:00,2025-04-01 12:00:00,Yes,48.3,Yes,7,17254.98,Recovered
ICU02964,PAT03679,ADM001624,FAC002,DEP001,BED0293,2025-01-28 00:00:00,2025-01-31 00:00:00,No,0.0,No,2,21020.89,Recovered
ICU02981,PAT05091,ADM005632,FAC004,DEP007,BED0582,2025-10-11 00:00:00,2025-10-13 00:00:00,No,0.0,Yes,5,15780.96,Recovered
ICU02982,PAT01369,ADM006177,FAC005,DEP006,BED0733,2025-10-02 00:00:00,2025-10-11 14:23:59,Yes,132.9,Yes,6,16744.83,Recovered
ICU02984,PAT08086,ADM005768,FAC002,DEP005,BED0769,2025-04-14 00:00:00,2025-04-21 00:00:00,No,0.0,Yes,4,19448.28,Recovered
ICU02986,PAT00400,ADM005412,FAC003,DEP005,BED0421,2025-03-27 00:00:00,2025-03-28 16:48:00,Yes,34.7,Yes,6,19208.2,Recovered
ICU02991,PAT02513,ADM004357,FAC005,DEP001,BED0731,2025-09-01 00:00:00,2025-09-06 14:23:59,No,0.0,No,3,17997.68,Recovered
ICU03005,PAT01769,ADM000929,FAC004,DEP007,BED0583,2025-01-02 00:00:00,2025-01-17 19:12:00,Yes,226.3,Yes,10,14006.54,Recovered
ICU03009,PAT05660,ADM013361,FAC001,DEP001,BED0175,2026-06-07 00:00:00,2026-06-13 12:00:00,Yes,78.1,Yes,6,8000.0,Recovered
ICU03015,PAT02338,ADM004011,FAC005,DEP007,BED0734,2025-04-08 00:00:00,2025-04-09 00:00:00,No,0.0,Yes,6,11712.05,Recovered
ICU03026,PAT14429,ADM008530,FAC001,DEP003,BED0175,2023-04-21 00:00:00,2023-04-28 16:48:00,No,0.0,No,5,8707.46,Recovered
ICU03029,PAT00634,ADM010245,FAC003,DEP001,BED0421,2022-11-25 00:00:00,2022-11-25 12:00:00,Yes,3.7,Yes,8,20423.07,Recovered
ICU03033,PAT11190,ADM014943,FAC002,DEP005,BED0288,2026-05-10 00:00:00,2026-05-14 07:11:59,No,0.0,No,6,8000.0,Recovered
ICU03037,PAT01298,ADM004637,FAC001,DEP003,BED0173,2025-06-02 00:00:00,2025-06-08 09:36:00,Yes,93.3,Yes,9,19470.99,Recovered
ICU03041,PAT02914,ADM005663,FAC002,DEP002,BED0288,2025-08-12 00:00:00,2025-08-14 00:00:00,No,0.0,Yes,2,20284.16,Recovered
ICU03042,PAT09318,ADM003983,FAC005,DEP005,BED0734,2025-11-05 00:00:00,2025-11-12 02:23:59,No,0.0,No,8,19068.46,Recovered
ICU03044,PAT09839,ADM001530,FAC005,DEP006,BED0738,2025-12-09 00:00:00,2025-12-10 14:24:00,No,0.0,Yes,5,21066.2,Recovered
ICU03045,PAT03025,ADM012770,FAC005,DEP003,BED0740,2022-05-10 00:00:00,2022-05-15 19:11:59,No,0.0,Yes,5,21865.28,Recovered
ICU03047,PAT08374,ADM012017,FAC003,DEP001,BED0423,2025-03-31 00:00:00,2025-04-08 16:47:59,Yes,128.4,Yes,8,15138.77,Recovered
ICU03049,PAT04915,ADM000505,FAC001,DEP008,BED0167,2025-07-26 00:00:00,2025-08-01 16:48:00,Yes,104.2,Yes,9,18573.89,Recovered
ICU03050,PAT08142,ADM003975,FAC003,DEP007,BED0419,2025-12-09 00:00:00,2025-12-11 16:48:00,No,0.0,No,4,26431.72,Recovered
ICU03054,PAT05934,ADM007906,FAC002,DEP006,BED0293,2025-12-31 00:00:00,2026-01-02 00:00:00,No,0.0,No,4,15341.65,Deceased
ICU03060,PAT08243,ADM004081,FAC005,DEP008,BED0739,2025-10-27 00:00:00,2025-11-01 19:11:59,No,0.0,No,5,22564.47,Recovered
ICU03063,PAT04082,ADM013356,FAC001,DEP005,BED0166,2023-03-16 00:00:00,2023-03-16 12:00:00,No,0.0,Yes,4,18582.01,Deceased
ICU03065,PAT13869,ADM011329,FAC002,DEP007,BED0293,2023-07-29 00:00:00,2023-07-29 14:23:59,Yes,10.8,Yes,6,16332.82,Recovered
ICU03066,PAT09782,ADM014698,FAC001,DEP008,BED0167,2021-09-16 00:00:00,2021-09-18 04:48:00,Yes,39.6,Yes,8,15048.54,Recovered
ICU03067,PAT07158,ADM006924,FAC001,DEP003,BED0164,2025-09-18 00:00:00,2025-09-21 12:00:00,No,0.0,Yes,4,20327.32,Recovered
ICU03069,PAT06336,ADM012469,FAC004,DEP002,BED0583,2021-05-02 00:00:00,2021-05-06 21:36:00,No,0.0,Yes,4,10793.72,Deceased
ICU03070,PAT09293,ADM004885,FAC003,DEP005,BED0418,2025-10-27 00:00:00,2025-11-01 00:00:00,No,0.0,No,7,16794.28,Recovered
ICU03073,PAT09233,ADM011192,FAC001,DEP003,BED0167,2024-12-14 00:00:00,2024-12-19 07:11:59,Yes,69.2,Yes,7,21688.5,Recovered
ICU03078,PAT05901,ADM003055,FAC005,DEP006,BED0734,2025-03-15 00:00:00,2025-03-19 04:48:00,Yes,75.4,Yes,6,19274.62,Recovered
ICU03079,PAT03462,ADM014322,FAC004,DEP006,BED0582,2023-08-17 00:00:00,2023-08-22 14:23:59,Yes,72.9,Yes,9,10691.65,Recovered
ICU03081,PAT06622,ADM009098,FAC004,DEP006,BED0583,2024-07-22 00:00:00,2024-07-27 14:23:59,No,0.0,No,6,14899.06,Recovered
ICU03083,PAT08571,ADM004763,FAC005,DEP007,BED0881,2025-07-03 00:00:00,2025-07-04 14:24:00,Yes,26.5,Yes,7,14185.53,Recovered
ICU03095,PAT03895,ADM002931,FAC005,DEP007,BED0735,2025-04-24 00:00:00,2025-04-30 09:36:00,No,0.0,Yes,3,10340.56,Recovered
ICU03102,PAT04339,ADM002827,FAC002,DEP001,BED0295,2025-10-14 00:00:00,2025-10-17 21:36:00,No,0.0,No,7,17638.35,Recovered
ICU03103,PAT09485,ADM006121,FAC004,DEP005,BED0857,2025-06-27 00:00:00,2025-07-02 04:48:00,No,0.0,No,4,28860.4,Recovered
ICU03114,PAT00721,ADM008585,FAC001,DEP002,BED0174,2021-08-10 00:00:00,2021-08-10 12:00:00,Yes,0.0,Yes,9,14315.71,Recovered
ICU03115,PAT00115,ADM003441,FAC003,DEP001,BED0419,2025-01-01 00:00:00,2025-01-03 19:11:59,No,0.0,Yes,7,20271.79,Transferred
ICU03122,PAT01787,ADM012443,FAC002,DEP005,BED0769,2025-04-15 00:00:00,2025-04-21 07:12:00,No,0.0,No,10,19377.61,Recovered
ICU03123,PAT03485,ADM002060,FAC003,DEP001,BED0419,2025-06-11 00:00:00,2025-06-16 19:11:59,No,0.0,No,4,19644.12,Transferred
ICU03124,PAT03046,ADM000378,FAC003,DEP005,BED0416,2025-06-01 00:00:00,2025-06-03 07:11:59,No,0.0,Yes,5,13590.68,Deceased
ICU03135,PAT01563,ADM006526,FAC004,DEP002,BED0587,2025-02-17 00:00:00,2025-02-20 09:36:00,No,0.0,No,6,13977.53,Recovered
ICU03150,PAT03372,ADM002668,FAC005,DEP006,BED0732,2025-01-05 00:00:00,2025-01-14 09:36:00,No,0.0,Yes,4,10235.42,Recovered
ICU03151,PAT01744,ADM004810,FAC004,DEP005,BED0582,2025-04-28 00:00:00,2025-05-01 14:24:00,Yes,60.7,Yes,7,21770.83,Recovered
ICU03155,PAT00837,ADM005953,FAC003,DEP005,BED0420,2025-06-16 00:00:00,2025-06-21 12:00:00,No,0.0,No,6,18537.72,Recovered
ICU03159,PAT01124,ADM006429,FAC003,DEP005,BED0423,2025-03-03 00:00:00,2025-03-05 02:24:00,Yes,49.6,Yes,9,14501.35,Recovered
ICU03161,PAT14811,ADM014867,FAC003,DEP008,BED0418,2023-07-06 00:00:00,2023-07-14 00:00:00,No,0.0,No,5,21570.25,Recovered
ICU03165,PAT06787,ADM003864,FAC004,DEP007,BED0583,2025-07-30 00:00:00,2025-08-02 02:24:00,Yes,38.4,Yes,9,20421.36,Recovered
ICU03167,PAT05184,ADM012625,FAC004,DEP002,BED0890,2026-11-01 00:00:00,2026-11-01 12:00:00,No,0.0,No,5,15496.55,Recovered
ICU03168,PAT04338,ADM011888,FAC005,DEP005,BED0737,2021-09-08 00:00:00,2021-09-14 14:23:59,No,0.0,Yes,5,21129.56,Recovered
ICU03173,PAT03249,ADM005314,FAC002,DEP005,BED0293,2025-12-01 00:00:00,2025-12-07 09:36:00,No,0.0,No,6,16699.84,Transferred
ICU03177,PAT05272,ADM006391,FAC004,DEP004,BED0585,2025-03-20 00:00:00,2025-03-20 21:36:00,No,0.0,No,6,12463.48,Recovered
ICU03180,PAT13493,ADM014916,FAC003,DEP001,BED0421,2026-03-15 00:00:00,2026-03-19 14:23:59,Yes,81.9,Yes,6,13002.66,Deceased
ICU03188,PAT06558,ADM004055,FAC001,DEP005,BED0164,2025-01-04 00:00:00,2025-01-07 12:00:00,No,0.0,Yes,2,30278.4,Recovered
ICU03189,PAT04660,ADM008800,FAC005,DEP006,BED0733,2022-08-17 00:00:00,2022-08-17 21:36:00,Yes,9.8,Yes,6,18986.5,Recovered
ICU03199,PAT03486,ADM013702,FAC002,DEP001,BED0289,2026-07-21 00:00:00,2026-07-23 04:48:00,Yes,44.6,Yes,10,10117.88,Recovered
ICU03205,PAT07880,ADM011651,FAC003,DEP005,BED0416,2024-02-25 00:00:00,2024-02-29 07:11:59,No,0.0,Yes,6,18854.91,Recovered
ICU03207,PAT01624,ADM002173,FAC004,DEP006,BED0583,2025-07-04 00:00:00,2025-07-09 07:11:59,No,0.0,No,6,18554.1,Recovered
ICU03215,PAT04448,ADM006698,FAC004,DEP006,BED0578,2025-12-08 00:00:00,2025-12-11 02:24:00,No,0.0,No,1,18631.61,Recovered
ICU03221,PAT06148,ADM007914,FAC001,DEP005,BED0175,2025-08-05 00:00:00,2025-08-07 00:00:00,No,0.0,No,6,19472.62,Recovered
ICU03227,PAT09751,ADM002128,FAC001,DEP003,BED0173,2025-03-10 00:00:00,2025-03-10 12:00:00,No,0.0,No,4,10621.56,Recovered
ICU03236,PAT04329,ADM001148,FAC005,DEP001,BED0740,2025-03-07 00:00:00,2025-03-11 07:11:59,No,0.0,No,8,19892.28,Recovered
ICU03244,PAT04337,ADM003855,FAC001,DEP003,BED0175,2025-05-08 00:00:00,2025-05-11 07:11:59,No,0.0,Yes,4,23183.56,Recovered
ICU03250,PAT02158,ADM005063,FAC002,DEP002,BED0294,2025-08-13 00:00:00,2025-08-14 21:35:59,Yes,20.9,Yes,7,11952.56,Recovered
ICU03254,PAT07088,ADM003961,FAC005,DEP001,BED0736,2025-11-05 00:00:00,2025-11-11 04:48:00,Yes,96.7,Yes,6,13870.69,Transferred
ICU03255,PAT08490,ADM014364,FAC002,DEP001,BED0293,2026-04-07 00:00:00,2026-04-14 09:36:00,No,0.0,Yes,5,15113.45,Recovered
ICU03257,PAT04418,ADM001105,FAC002,DEP007,BED0295,2025-09-22 00:00:00,2025-09-24 14:24:00,Yes,20.9,Yes,9,11424.99,Deceased
ICU03269,PAT00151,ADM010884,FAC002,DEP005,BED0293,2026-08-17 00:00:00,2026-08-25 04:47:59,No,0.0,Yes,5,17377.24,Recovered
ICU03271,PAT09442,ADM006587,FAC005,DEP008,BED0734,2025-04-13 00:00:00,2025-04-16 16:48:00,Yes,43.4,Yes,7,11977.39,Recovered
ICU03276,PAT14822,ADM013971,FAC002,DEP002,BED0294,2021-08-09 00:00:00,2021-08-12 04:48:00,No,0.0,Yes,5,24038.71,Recovered
ICU03279,PAT14991,ADM011002,FAC002,DEP002,BED0288,2022-09-28 00:00:00,2022-09-29 04:47:59,Yes,0.7,Yes,6,20821.64,Recovered
ICU03282,PAT09069,ADM004531,FAC005,DEP008,BED0733,2025-11-26 00:00:00,2025-12-03 09:36:00,No,0.0,No,1,18831.66,Recovered
ICU03286,PAT14990,ADM013812,FAC001,DEP001,BED0170,2025-08-14 00:00:00,2025-08-20 09:36:00,No,0.0,No,8,9720.53,Transferred
ICU03298,PAT08935,ADM010537,FAC004,DEP002,BED0579,2022-11-08 00:00:00,2022-11-11 21:36:00,No,0.0,No,8,17163.51,Recovered
ICU03301,PAT06561,ADM004121,FAC004,DEP002,BED0577,2025-08-25 00:00:00,2025-08-26 09:35:59,No,0.0,No,6,18066.24,Recovered
ICU03304,PAT05136,ADM002170,FAC004,DEP001,BED0857,2025-11-30 00:00:00,2025-12-04 09:36:00,No,0.0,No,8,8000.0,Recovered
ICU03305,PAT00009,ADM001656,FAC003,DEP003,BED0423,2025-08-31 00:00:00,2025-09-02 02:24:00,No,0.0,No,7,18461.04,Recovered
ICU03311,PAT02975,ADM014032,FAC005,DEP007,BED0735,2023-01-04 00:00:00,2023-01-06 21:35:59,Yes,35.6,Yes,6,13112.75,Recovered
ICU03312,PAT01348,ADM004412,FAC003,DEP003,BED0422,2025-01-18 00:00:00,2025-01-24 21:36:00,No,0.0,Yes,1,13148.69,Recovered
ICU03313,PAT03972,ADM011893,FAC003,DEP003,BED0416,2025-09-14 00:00:00,2025-09-20 14:23:59,No,0.0,No,3,8000.0,Recovered
ICU03318,PAT08725,ADM003923,FAC005,DEP008,BED0732,2025-06-02 00:00:00,2025-06-04 04:48:00,No,0.0,Yes,3,20473.45,Recovered
ICU03323,PAT04352,ADM008420,FAC002,DEP002,BED0289,2025-05-04 00:00:00,2025-05-05 21:35:59,No,0.0,No,4,20333.53,Recovered
ICU03327,PAT11995,ADM013402,FAC001,DEP005,BED0175,2023-06-10 00:00:00,2023-06-14 12:00:00,Yes,50.6,Yes,7,17129.57,Recovered
ICU03339,PAT09188,ADM004738,FAC004,DEP002,BED0578,2025-06-27 00:00:00,2025-06-28 09:35:59,No,0.0,No,7,24641.43,Recovered
ICU03342,PAT06951,ADM009914,FAC005,DEP005,BED0740,2023-11-15 00:00:00,2023-11-15 12:00:00,No,0.0,No,5,23006.78,Recovered
ICU03343,PAT07637,ADM005532,FAC005,DEP005,BED0735,2025-02-20 00:00:00,2025-02-24 19:11:59,Yes,59.8,Yes,6,18243.24,Transferred
ICU03355,PAT08607,ADM000563,FAC002,DEP007,BED0295,2025-03-08 00:00:00,2025-03-10 07:11:59,No,0.0,Yes,7,26079.85,Transferred
ICU03364,PAT04058,ADM009655,FAC004,DEP002,BED0586,2025-08-23 00:00:00,2025-08-23 12:00:00,No,0.0,Yes,2,14516.13,Recovered
ICU03365,PAT04013,ADM003830,FAC005,DEP008,BED0740,2025-06-19 00:00:00,2025-06-20 14:24:00,No,0.0,Yes,7,8000.0,Recovered
ICU03366,PAT00178,ADM009552,FAC004,DEP001,BED0890,2025-04-13 00:00:00,2025-04-17 12:00:00,No,0.0,No,7,9816.81,Recovered
ICU03370,PAT05943,ADM001261,FAC002,DEP005,BED0289,2025-12-04 00:00:00,2025-12-05 09:35:59,No,0.0,Yes,4,8000.0,Recovered
ICU03382,PAT06188,ADM014473,FAC004,DEP002,BED0580,2021-01-12 00:00:00,2021-01-13 07:12:00,No,0.0,Yes,6,13296.85,Recovered
ICU03383,PAT08006,ADM007371,FAC004,DEP001,BED0578,2025-04-17 00:00:00,2025-04-22 00:00:00,No,0.0,No,5,25211.89,Recovered
ICU03388,PAT07349,ADM001720,FAC001,DEP002,BED0167,2025-09-21 00:00:00,2025-09-23 00:00:00,No,0.0,No,5,18084.0,Recovered
ICU03400,PAT06316,ADM002220,FAC001,DEP002,BED0174,2025-06-10 00:00:00,2025-06-17 07:12:00,No,0.0,No,5,15293.2,Recovered
ICU03403,PAT06476,ADM010607,FAC004,DEP004,BED0584,2025-11-08 00:00:00,2025-11-13 00:00:00,No,0.0,No,4,10288.99,Recovered
ICU03406,PAT05749,ADM010973,FAC002,DEP001,BED0290,2024-11-23 00:00:00,2024-11-27 19:11:59,No,0.0,No,4,10386.46,Recovered
ICU03407,PAT08881,ADM010274,FAC002,DEP001,BED0291,2022-07-02 00:00:00,2022-07-06 12:00:00,No,0.0,No,3,15565.12,Transferred
ICU03419,PAT00294,ADM005349,FAC003,DEP001,BED0417,2025-02-02 00:00:00,2025-02-03 02:24:00,No,0.0,No,4,20439.48,Recovered
ICU03420,PAT09028,ADM010677,FAC001,DEP001,BED0175,2021-10-21 00:00:00,2021-10-28 07:12:00,Yes,129.4,Yes,6,23011.87,Deceased
ICU03423,PAT09159,ADM014165,FAC003,DEP003,BED0416,2022-06-01 00:00:00,2022-06-02 16:48:00,Yes,25.3,Yes,6,22828.38,Recovered
ICU03432,PAT09190,ADM009310,FAC002,DEP007,BED0295,2024-09-29 00:00:00,2024-10-01 04:48:00,Yes,35.5,Yes,6,24788.01,Recovered
ICU03435,PAT04951,ADM005171,FAC001,DEP001,BED0165,2025-05-02 00:00:00,2025-05-06 19:11:59,No,0.0,No,5,15101.03,Recovered
ICU03436,PAT09973,ADM001724,FAC001,DEP008,BED0175,2025-07-25 00:00:00,2025-07-29 16:48:00,Yes,74.3,Yes,7,16732.73,Recovered
ICU03439,PAT03026,ADM003891,FAC001,DEP005,BED0170,2025-10-28 00:00:00,2025-11-03 14:23:59,Yes,68.8,Yes,8,17448.31,Transferred
ICU03440,PAT11439,ADM011804,FAC003,DEP001,BED0420,2026-05-14 00:00:00,2026-05-14 12:00:00,No,0.0,No,4,12349.37,Transferred
ICU03441,PAT07088,ADM002854,FAC003,DEP001,BED0418,2025-06-01 00:00:00,2025-06-09 02:23:59,No,0.0,No,5,18800.68,Recovered
ICU03442,PAT01025,ADM013419,FAC001,DEP001,BED0169,2024-01-01 00:00:00,2024-01-04 12:00:00,Yes,73.9,Yes,6,18596.59,Recovered
ICU03450,PAT05505,ADM002694,FAC003,DEP008,BED0419,2025-06-14 00:00:00,2025-06-16 19:11:59,No,0.0,Yes,5,14269.37,Recovered
ICU03452,PAT10561,ADM012763,FAC003,DEP007,BED0420,2024-06-30 00:00:00,2024-07-07 21:36:00,Yes,119.3,Yes,7,16838.4,Transferred
ICU03456,PAT02217,ADM004664,FAC001,DEP005,BED0175,2025-10-06 00:00:00,2025-10-22 02:24:00,Yes,225.6,Yes,8,16262.08,Recovered
ICU03465,PAT04610,ADM011226,FAC002,DEP007,BED0288,2021-12-15 00:00:00,2021-12-20 02:23:59,No,0.0,No,5,28203.07,Recovered
ICU03466,PAT00536,ADM004827,FAC005,DEP006,BED0731,2025-06-15 00:00:00,2025-06-16 16:48:00,No,0.0,No,3,13584.46,Recovered
ICU03476,PAT05847,ADM014834,FAC004,DEP002,BED0587,2023-10-16 00:00:00,2023-10-21 09:36:00,No,0.0,No,2,12231.7,Transferred
ICU03482,PAT04949,ADM004833,FAC002,DEP001,BED0292,2025-04-08 00:00:00,2025-04-12 04:48:00,No,0.0,No,3,18701.4,Recovered
ICU03487,PAT03099,ADM005718,FAC004,DEP007,BED0890,2025-01-17 00:00:00,2025-01-18 00:00:00,Yes,19.6,Yes,6,11619.13,Deceased
ICU03489,PAT00169,ADM002543,FAC005,DEP006,BED0738,2025-03-20 00:00:00,2025-03-23 21:36:00,Yes,46.9,Yes,10,17402.64,Recovered
ICU03490,PAT02770,ADM002063,FAC004,DEP006,BED0890,2025-11-04 00:00:00,2025-11-08 16:48:00,No,0.0,No,5,19139.64,Recovered
ICU03492,PAT02544,ADM012713,FAC001,DEP008,BED0173,2025-06-01 00:00:00,2025-06-08 04:48:00,No,0.0,No,4,23635.87,Recovered
ICU03510,PAT03647,ADM000613,FAC004,DEP002,BED0585,2025-04-16 00:00:00,2025-04-19 12:00:00,No,0.0,Yes,4,8856.37,Recovered
ICU03513,PAT04085,ADM011090,FAC003,DEP005,BED0421,2026-03-03 00:00:00,2026-03-06 12:00:00,No,0.0,No,5,16739.27,Recovered
ICU03521,PAT09187,ADM000236,FAC002,DEP006,BED0295,2025-12-11 00:00:00,2025-12-12 16:48:00,No,0.0,Yes,9,25549.87,Recovered
ICU03522,PAT00380,ADM005858,FAC001,DEP004,BED0170,2025-11-21 00:00:00,2025-11-25 07:11:59,No,0.0,No,4,29164.62,Recovered
ICU03531,PAT04468,ADM006238,FAC003,DEP005,BED0421,2025-09-22 00:00:00,2025-10-01 07:12:00,No,0.0,No,7,12133.78,Recovered
ICU03532,PAT02185,ADM008766,FAC003,DEP001,BED0418,2024-01-14 00:00:00,2024-01-16 00:00:00,No,0.0,Yes,9,17113.59,Recovered
ICU03537,PAT11325,ADM010676,FAC003,DEP008,BED0419,2026-07-24 00:00:00,2026-08-02 14:23:59,No,0.0,No,6,18852.04,Recovered
ICU03540,PAT03308,ADM003353,FAC003,DEP005,BED0419,2025-11-01 00:00:00,2025-11-07 16:48:00,No,0.0,No,5,14452.03,Recovered
ICU03549,PAT11362,ADM014139,FAC001,DEP002,BED0173,2025-07-17 00:00:00,2025-07-27 07:12:00,No,0.0,No,5,18334.61,Recovered
ICU03553,PAT06071,ADM006086,FAC001,DEP002,BED0171,2025-08-01 00:00:00,2025-08-03 14:24:00,Yes,46.7,Yes,6,21595.28,Recovered
ICU03554,PAT02933,ADM013077,FAC003,DEP005,BED0423,2023-02-08 00:00:00,2023-02-14 19:12:00,No,0.0,No,3,22687.59,Deceased
ICU03559,PAT09239,ADM000180,FAC004,DEP005,BED0582,2025-10-02 00:00:00,2025-10-13 12:00:00,Yes,155.7,Yes,7,13991.48,Recovered
ICU03570,PAT10363,ADM011764,FAC005,DEP005,BED0820,2021-04-30 00:00:00,2021-04-30 12:00:00,Yes,0.0,Yes,6,17547.0,Recovered
ICU03582,PAT06026,ADM010533,FAC004,DEP006,BED0585,2026-05-13 00:00:00,2026-05-20 02:23:59,No,0.0,No,5,20551.92,Recovered
ICU03586,PAT03680,ADM005639,FAC003,DEP005,BED0416,2025-06-18 00:00:00,2025-06-19 02:24:00,No,0.0,Yes,1,14407.64,Recovered
ICU03588,PAT02003,ADM001757,FAC005,DEP008,BED0736,2025-03-19 00:00:00,2025-03-20 12:00:00,No,0.0,Yes,6,16374.05,Recovered
ICU03590,PAT08050,ADM005916,FAC001,DEP001,BED0173,2025-03-29 00:00:00,2025-03-31 19:11:59,No,0.0,Yes,5,14454.71,Recovered
ICU03604,PAT04059,ADM012161,FAC005,DEP007,BED0732,2021-03-23 00:00:00,2021-03-24 19:12:00,No,0.0,No,5,20332.12,Recovered
ICU03607,PAT07062,ADM004443,FAC004,DEP002,BED0586,2025-08-26 00:00:00,2025-09-01 19:12:00,No,0.0,Yes,5,16786.65,Recovered
ICU03612,PAT00305,ADM000745,FAC001,DEP002,BED0167,2025-06-11 00:00:00,2025-06-16 14:23:59,Yes,90.2,Yes,8,10488.71,Deceased
ICU03621,PAT07710,ADM014480,FAC003,DEP007,BED0422,2021-12-20 00:00:00,2021-12-23 16:48:00,No,0.0,No,5,23730.21,Transferred
ICU03631,PAT00474,ADM006917,FAC004,DEP006,BED0585,2025-02-11 00:00:00,2025-02-17 21:36:00,Yes,97.6,Yes,8,16112.54,Transferred
ICU03632,PAT11201,ADM013250,FAC004,DEP004,BED0857,2026-01-05 00:00:00,2026-01-06 12:00:00,No,0.0,No,7,8000.0,Recovered
ICU03649,PAT06694,ADM003127,FAC002,DEP006,BED0289,2025-11-25 00:00:00,2025-11-29 00:00:00,Yes,53.5,Yes,6,25714.98,Recovered
ICU03654,PAT06487,ADM003453,FAC001,DEP005,BED0175,2025-07-27 00:00:00,2025-07-30 04:48:00,No,0.0,Yes,8,18238.29,Transferred
ICU03656,PAT06551,ADM006034,FAC005,DEP001,BED0881,2025-08-08 00:00:00,2025-08-10 16:48:00,No,0.0,Yes,3,12229.93,Deceased
ICU03663,PAT01721,ADM000390,FAC003,DEP001,BED0416,2025-07-07 00:00:00,2025-07-07 12:00:00,No,0.0,No,3,23662.36,Recovered
ICU03675,PAT01419,ADM011444,FAC001,DEP002,BED0175,2023-03-16 00:00:00,2023-03-20 09:36:00,No,0.0,Yes,5,14640.42,Recovered
ICU03679,PAT06934,ADM005101,FAC001,DEP008,BED0167,2025-05-16 00:00:00,2025-05-19 09:36:00,No,0.0,No,8,23786.33,Recovered
ICU03682,PAT05564,ADM005133,FAC001,DEP005,BED0172,2025-10-20 00:00:00,2025-10-21 07:12:00,No,0.0,Yes,6,24828.31,Recovered
ICU03683,PAT11829,ADM012607,FAC005,DEP006,BED0740,2024-09-01 00:00:00,2024-09-06 09:36:00,No,0.0,No,4,19632.04,Recovered
ICU03684,PAT05959,ADM004456,FAC001,DEP008,BED0169,2025-01-01 00:00:00,2025-01-02 12:00:00,No,0.0,Yes,4,8000.0,Recovered
ICU03689,PAT05380,ADM002573,FAC002,DEP002,BED0769,2025-09-06 00:00:00,2025-09-07 19:12:00,Yes,29.2,Yes,8,22813.18,Deceased
ICU03690,PAT04748,ADM012008,FAC002,DEP007,BED0288,2025-07-24 00:00:00,2025-07-24 14:23:59,No,0.0,No,2,14778.31,Recovered
ICU03691,PAT06408,ADM005980,FAC004,DEP007,BED0582,2025-12-16 00:00:00,2025-12-16 14:23:59,Yes,0.1,Yes,8,21246.59,Recovered
ICU03693,PAT04915,ADM010489,FAC004,DEP001,BED0890,2022-10-06 00:00:00,2022-10-13 00:00:00,Yes,104.7,Yes,8,14496.03,Recovered
ICU03695,PAT00440,ADM009431,FAC003,DEP005,BED0417,2022-05-23 00:00:00,2022-05-28 19:11:59,No,0.0,No,5,24207.95,Recovered
ICU03702,PAT02862,ADM010209,FAC003,DEP007,BED0420,2025-04-26 00:00:00,2025-04-29 09:36:00,No,0.0,No,3,21942.35,Deceased
ICU03721,PAT06880,ADM013596,FAC001,DEP005,BED0165,2026-04-01 00:00:00,2026-04-06 16:48:00,No,0.0,Yes,8,12954.89,Recovered
ICU03722,PAT13247,ADM013105,FAC002,DEP005,BED0294,2021-03-20 00:00:00,2021-03-23 16:48:00,Yes,69.3,Yes,6,10971.75,Deceased
ICU03727,PAT04047,ADM014174,FAC004,DEP002,BED0577,2024-01-10 00:00:00,2024-01-13 21:36:00,No,0.0,Yes,8,19722.02,Recovered
ICU03728,PAT08780,ADM011940,FAC004,DEP005,BED0585,2022-06-22 00:00:00,2022-06-25 09:36:00,No,0.0,No,6,10663.21,Recovered
ICU03731,PAT09238,ADM009135,FAC003,DEP003,BED0421,2025-03-17 00:00:00,2025-03-20 07:11:59,No,0.0,No,5,25683.28,Recovered
ICU03744,PAT02035,ADM007172,FAC004,DEP001,BED0586,2025-08-09 00:00:00,2025-08-12 00:00:00,Yes,35.3,Yes,6,18889.05,Deceased
ICU03756,PAT03882,ADM007943,FAC003,DEP008,BED0422,2025-03-19 00:00:00,2025-03-23 04:48:00,Yes,54.4,Yes,7,19914.51,Recovered
ICU03757,PAT09245,ADM005089,FAC005,DEP007,BED0736,2025-04-27 00:00:00,2025-04-28 12:00:00,No,0.0,No,4,24136.86,Recovered
ICU03766,PAT13998,ADM011260,FAC003,DEP008,BED0419,2024-06-24 00:00:00,2024-06-24 12:00:00,No,0.0,No,5,23894.45,Recovered
ICU03767,PAT02875,ADM009071,FAC004,DEP007,BED0586,2021-12-06 00:00:00,2021-12-12 09:36:00,No,0.0,Yes,4,19540.28,Recovered
ICU03770,PAT13997,ADM014886,FAC003,DEP008,BED0419,2025-11-09 00:00:00,2025-11-13 19:11:59,No,0.0,No,3,16652.78,Recovered
ICU03772,PAT13253,ADM008937,FAC002,DEP007,BED0295,2026-11-02 00:00:00,2026-11-07 19:11:59,Yes,84.4,Yes,6,24244.4,Recovered
ICU03777,PAT10881,ADM011074,FAC004,DEP006,BED0580,2021-12-25 00:00:00,2021-12-25 12:00:00,No,0.0,No,4,19345.88,Recovered
ICU03781,PAT01218,ADM004608,FAC001,DEP005,BED0172,2025-12-04 00:00:00,2025-12-12 09:36:00,Yes,113.4,Yes,7,8000.0,Recovered
ICU03794,PAT03480,ADM008141,FAC001,DEP003,BED0166,2025-12-16 00:00:00,2025-12-17 16:48:00,Yes,13.0,Yes,7,10899.46,Recovered
ICU03796,PAT01374,ADM001496,FAC004,DEP002,BED0581,2025-09-15 00:00:00,2025-09-16 04:47:59,No,0.0,No,3,16017.78,Recovered
ICU03802,PAT06726,ADM007888,FAC001,DEP002,BED0168,2025-10-02 00:00:00,2025-10-07 04:48:00,No,0.0,Yes,3,8000.0,Transferred
ICU03811,PAT04537,ADM014944,FAC002,DEP006,BED0769,2021-03-20 00:00:00,2021-03-22 16:48:00,No,0.0,No,6,14695.6,Recovered
ICU03820,PAT05445,ADM003718,FAC003,DEP005,BED0418,2025-10-13 00:00:00,2025-10-16 02:24:00,No,0.0,Yes,5,23962.09,Recovered
ICU03822,PAT00377,ADM006791,FAC003,DEP005,BED0420,2025-10-21 00:00:00,2025-10-29 16:47:59,Yes,121.1,Yes,6,23503.66,Recovered
ICU03823,PAT03185,ADM007541,FAC001,DEP001,BED0175,2025-12-05 00:00:00,2025-12-07 12:00:00,No,0.0,Yes,5,22139.64,Recovered
ICU03824,PAT07530,ADM004667,FAC003,DEP005,BED0419,2025-11-30 00:00:00,2025-12-02 19:11:59,Yes,53.0,Yes,6,14795.45,Recovered
ICU03826,PAT09433,ADM001238,FAC002,DEP006,BED0289,2025-10-04 00:00:00,2025-10-07 12:00:00,Yes,53.5,Yes,6,18209.79,Deceased
ICU03830,PAT00331,ADM008181,FAC004,DEP004,BED0890,2025-09-25 00:00:00,2025-09-27 07:11:59,Yes,33.4,Yes,6,13023.32,Transferred
ICU03844,PAT03853,ADM005619,FAC005,DEP006,BED0738,2025-05-15 00:00:00,2025-05-16 04:47:59,No,0.0,No,4,16757.37,Recovered
ICU03845,PAT03121,ADM001551,FAC004,DEP002,BED0578,2025-08-12 00:00:00,2025-08-19 12:00:00,No,0.0,No,5,23715.67,Recovered
ICU03846,PAT01954,ADM006252,FAC002,DEP006,BED0295,2025-05-14 00:00:00,2025-05-15 07:12:00,Yes,0.0,Yes,9,22695.87,Transferred
ICU03857,PAT01744,ADM002145,FAC001,DEP005,BED0175,2025-08-04 00:00:00,2025-08-05 04:47:59,No,0.0,No,4,13532.02,Recovered
ICU03866,PAT08803,ADM003315,FAC004,DEP002,BED0580,2025-10-02 00:00:00,2025-10-05 19:11:59,Yes,46.9,Yes,7,18684.69,Recovered
ICU03868,PAT02334,ADM006018,FAC004,DEP004,BED0579,2025-09-26 00:00:00,2025-10-01 14:23:59,Yes,99.0,Yes,6,19115.45,Recovered
ICU03880,PAT02955,ADM004119,FAC003,DEP007,BED0422,2025-09-16 00:00:00,2025-09-19 19:11:59,No,0.0,No,8,17360.45,Recovered
ICU03882,PAT03296,ADM007492,FAC003,DEP003,BED0419,2025-03-15 00:00:00,2025-03-17 14:24:00,No,0.0,No,5,24022.53,Recovered
ICU03885,PAT01455,ADM009338,FAC003,DEP003,BED0416,2024-04-21 00:00:00,2024-04-21 14:23:59,No,0.0,No,1,35861.24,Recovered
ICU03893,PAT08626,ADM002434,FAC001,DEP001,BED0175,2025-12-05 00:00:00,2025-12-06 16:48:00,Yes,20.3,Yes,6,20912.7,Recovered
ICU03895,PAT13216,ADM011370,FAC003,DEP005,BED0422,2024-04-02 00:00:00,2024-04-08 04:48:00,No,0.0,Yes,4,19507.76,Recovered
ICU03897,PAT04833,ADM001420,FAC003,DEP007,BED0417,2025-06-05 00:00:00,2025-06-09 12:00:00,No,0.0,No,2,33388.24,Recovered
ICU03912,PAT10320,ADM009205,FAC005,DEP007,BED0739,2026-04-19 00:00:00,2026-04-21 02:24:00,No,0.0,No,7,25298.29,Recovered
ICU03914,PAT13918,ADM014175,FAC001,DEP003,BED0174,2025-01-17 00:00:00,2025-01-21 00:00:00,No,0.0,No,6,21390.04,Recovered
ICU03922,PAT02716,ADM003300,FAC005,DEP003,BED0735,2025-08-24 00:00:00,2025-08-25 09:35:59,No,0.0,No,8,19600.84,Transferred
ICU03928,PAT01770,ADM013448,FAC005,DEP008,BED0820,2023-02-11 00:00:00,2023-02-12 04:47:59,No,0.0,No,3,16743.45,Recovered
ICU03935,PAT07744,ADM014824,FAC001,DEP008,BED0170,2023-02-08 00:00:00,2023-02-08 21:36:00,No,0.0,No,6,13280.37,Recovered
ICU03948,PAT06299,ADM009394,FAC003,DEP005,BED0421,2023-02-13 00:00:00,2023-02-15 04:48:00,No,0.0,No,6,17265.02,Recovered
ICU03953,PAT02268,ADM009908,FAC005,DEP001,BED0740,2026-04-13 00:00:00,2026-04-15 04:48:00,Yes,33.9,Yes,6,13309.98,Recovered
ICU03955,PAT03729,ADM009498,FAC004,DEP002,BED0585,2022-03-20 00:00:00,2022-03-27 04:48:00,No,0.0,No,5,25315.1,Recovered
ICU03962,PAT07597,ADM008118,FAC002,DEP007,BED0295,2025-11-08 00:00:00,2025-11-09 09:35:59,No,0.0,Yes,4,12626.45,Recovered
ICU03970,PAT05768,ADM012174,FAC002,DEP006,BED0769,2026-11-14 00:00:00,2026-11-17 09:36:00,No,0.0,No,5,20764.34,Recovered
ICU03972,PAT09270,ADM008933,FAC005,DEP006,BED0736,2021-03-08 00:00:00,2021-03-13 02:23:59,No,0.0,No,5,27786.22,Recovered
ICU03978,PAT05013,ADM001596,FAC005,DEP005,BED0735,2025-06-06 00:00:00,2025-06-07 00:00:00,No,0.0,No,7,18121.77,Recovered
ICU03982,PAT05181,ADM014596,FAC004,DEP002,BED0577,2024-12-22 00:00:00,2024-12-27 12:00:00,No,0.0,Yes,3,24395.77,Deceased
ICU03985,PAT06696,ADM013560,FAC004,DEP002,BED0583,2024-01-08 00:00:00,2024-01-09 19:12:00,No,0.0,No,7,18129.19,Recovered
ICU03990,PAT04098,ADM013915,FAC002,DEP002,BED0289,2026-06-22 00:00:00,2026-06-30 07:12:00,No,0.0,Yes,5,21876.0,Recovered
ICU03993,PAT01622,ADM012554,FAC002,DEP006,BED0288,2023-04-27 00:00:00,2023-04-30 16:48:00,No,0.0,Yes,6,20247.55,Recovered
