facility_id,medicine_id,current_stock,reorder_level,reserved_stock,stock_status,available_stock
FAC001,MED0001,142,31,24,Available,118
FAC001,MED0002,36,69,22,Low Stock,14
FAC001,MED0003,131,55,8,Available,123
FAC001,MED0004,125,18,8,Available,117
FAC001,MED0005,111,10,14,Available,97
FAC001,MED0006,102,43,9,Available,93
FAC001,MED0007,184,33,4,Available,180
FAC001,MED0008,226,15,14,Available,212
FAC001,MED0009,138,77,25,Available,113
FAC001,MED0010,53,57,8,Low Stock,45
FAC001,MED0011,130,37,10,Available,120
FAC001,MED0012,80,76,9,Available,71
FAC001,MED0013,136,50,9,Available,127
FAC001,MED0014,156,38,19,Available,137
FAC001,MED0015,122,65,20,Available,102
FAC001,MED0016,123,60,22,Available,101
FAC001,MED0017,188,40,9,Available,179
FAC001,MED0018,115,26,17,Available,98
FAC001,MED0019,107,55,15,Available,92
FAC001,MED0020,77,49,27,Available,50
FAC001,MED0021,129,43,19,Available,110
FAC001,MED0022,168,10,11,Available,157
FAC001,MED0023,98,10,18,Available,80
FAC001,MED0024,101,17,17,Available,84
FAC001,MED0025,109,41,6,Available,103
FAC001,MED0026,85,70,11,Available,74
FAC001,MED0027,127,17,21,Available,106
FAC001,MED0028,172,78,12,Available,160
FAC001,MED0029,164,25,22,Available,142
FAC001,MED0030,196,65,22,Available,174
FAC001,MED0031,138,37,1,Available,137
FAC001,MED0032,124,24,27,Available,97
FAC001,MED0033,160,24,4,Available,156
FAC001,MED0034,94,43,13,Available,81
FAC001,MED0035,163,64,13,Available,150
FAC001,MED0036,138,31,14,Available,124
FAC001,MED0037,108,59,1,Available,107
FAC001,MED0038,97,54,11,Available,86
FAC001,MED0039,172,51,11,Available,161
FAC001,MED0040,167,66,27,Available,140
FAC001,MED0041,182,63,16,Available,166
FAC001,MED0042,160,44,0,Available,160
FAC001,MED0043,109,33,22,Available,87
FAC001,MED0044,115,72,0,Available,115
FAC001,MED0045,123,83,9,Available,114
FAC001,MED0046,179,30,18,Available,161
FAC001,MED0047,211,10,5,Available,206
FAC001,MED0048,79,68,15,Available,64
FAC001,MED0049,150,52,17,Available,133
FAC001,MED0050,163,27,6,Available,157
FAC001,MED0051,115,42,4,Available,111
FAC001,MED0052,115,41,18,Available,97
FAC001,MED0053,188,13,6,Available,182
FAC001,MED0054,150,24,15,Available,135
FAC001,MED0055,48,61,20,Low Stock,28
FAC001,MED0056,157,52,20,Available,137
FAC001,MED0057,214,47,21,Available,193
FAC001,MED0058,162,47,15,Available,147
FAC001,MED0059,92,67,21,Available,71
FAC001,MED0060,70,31,24,Available,46
FAC001,MED0061,219,38,18,Available,201
FAC001,MED0062,74,42,11,Available,63
FAC001,MED0063,154,35,14,Available,140
FAC001,MED0064,119,62,16,Available,103
FAC001,MED0065,123,60,17,Available,106
FAC001,MED0066,89,20,17,Available,72
FAC001,MED0067,115,77,21,Available,94
FAC001,MED0068,100,38,25,Available,75
FAC001,MED0069,119,43,4,Available,115
FAC001,MED0070,82,73,26,Available,56
FAC001,MED0071,184,39,18,Available,166
FAC001,MED0072,93,87,21,Available,72
FAC001,MED0073,115,58,15,Available,100
FAC001,MED0074,152,50,7,Available,145
FAC001,MED0075,183,18,10,Available,173
FAC001,MED0076,128,73,17,Available,111
FAC001,MED0077,79,34,18,Available,61
FAC001,MED0078,172,45,7,Available,165
FAC001,MED0079,178,61,1,Available,177
FAC001,MED0080,180,44,29,Available,151
FAC001,MED0081,43,40,18,Available,25
FAC001,MED0082,201,46,18,Available,183
FAC001,MED0083,128,30,20,Available,108
FAC001,MED0084,198,64,17,Available,181
FAC001,MED0085,130,61,9,Available,121
FAC001,MED0086,186,49,12,Available,174
FAC001,MED0087,152,40,14,Available,138
FAC001,MED0088,177,30,20,Available,157
FAC001,MED0089,183,48,3,Available,180
FAC001,MED0090,187,42,16,Available,171
FAC001,MED0091,166,37,22,Available,144
FAC001,MED0092,78,45,8,Available,70
FAC001,MED0093,84,28,22,Available,62
FAC001,MED0094,120,32,23,Available,97
FAC001,MED0095,30,53,20,Low Stock,10
FAC001,MED0096,133,40,13,Available,120
FAC001,MED0097,154,48,14,Available,140
FAC001,MED0098,87,39,21,Available,66
FAC001,MED0099,183,28,26,Available,157
FAC001,MED0100,10,48,10,Low Stock,0
FAC001,MED0101,142,84,10,Available,132
FAC001,MED0102,10,43,10,Low Stock,0
FAC001,MED0103,177,44,19,Available,158
FAC001,MED0104,169,36,13,Available,156
FAC001,MED0105,98,69,0,Available,98
FAC001,MED0106,62,13,12,Available,50
FAC001,MED0107,161,34,13,Available,148
FAC001,MED0108,181,78,3,Available,178
FAC001,MED0109,102,24,23,Available,79
FAC001,MED0110,209,52,15,Available,194
FAC001,MED0111,77,65,10,Available,67
FAC001,MED0112,30,69,17,Low Stock,13
FAC001,MED0113,75,55,20,Available,55
FAC001,MED0114,144,48,9,Available,135
FAC001,MED0115,63,58,12,Available,51
FAC001,MED0116,136,42,19,Available,117
FAC001,MED0117,113,44,7,Available,106
FAC001,MED0118,62,53,12,Available,50
FAC001,MED0119,247,90,18,Available,229
FAC001,MED0120,145,31,28,Available,117
FAC001,MED0121,10,67,10,Low Stock,0
FAC001,MED0122,23,57,9,Low Stock,14
FAC001,MED0123,174,73,19,Available,155
FAC001,MED0124,10,33,10,Low Stock,0
FAC001,MED0125,219,58,22,Available,197
FAC001,MED0126,83,60,16,Available,67
FAC001,MED0127,148,27,9,Available,139
FAC001,MED0128,86,31,14,Available,72
FAC001,MED0129,123,55,24,Available,99
FAC001,MED0130,83,36,12,Available,71
FAC001,MED0131,276,30,17,Available,259
FAC001,MED0132,97,44,20,Available,77
FAC001,MED0133,133,56,4,Available,129
FAC001,MED0134,42,58,8,Low Stock,34
FAC001,MED0135,95,60,27,Available,68
FAC001,MED0136,87,61,9,Available,78
FAC001,MED0137,37,14,22,Available,15
FAC001,MED0138,136,38,20,Available,116
FAC001,MED0139,151,10,14,Available,137
FAC001,MED0140,173,56,19,Available,154
FAC001,MED0141,131,24,7,Available,124
FAC001,MED0142,165,36,7,Available,158
FAC001,MED0143,135,39,25,Available,110
FAC001,MED0144,55,56,7,Low Stock,48
FAC001,MED0145,198,49,8,Available,190
FAC001,MED0146,106,56,5,Available,101
FAC001,MED0147,70,64,12,Available,58
FAC001,MED0148,151,73,5,Available,146
FAC001,MED0149,83,15,9,Available,74
FAC001,MED0150,112,31,15,Available,97
FAC001,MED0151,206,11,24,Available,182
FAC001,MED0152,141,31,13,Available,128
FAC001,MED0153,92,48,20,Available,72
FAC001,MED0154,89,10,22,Available,67
FAC001,MED0155,102,80,14,Available,88
FAC001,MED0156,31,67,15,Low Stock,16
FAC001,MED0157,22,30,8,Low Stock,14
FAC001,MED0158,123,50,7,Available,116
FAC001,MED0159,147,57,12,Available,135
FAC001,MED0160,92,17,23,Available,69
FAC001,MED0161,173,26,14,Available,159
FAC001,MED0162,178,46,17,Available,161
FAC001,MED0163,215,40,17,Available,198
FAC001,MED0164,193,51,7,Available,186
FAC001,MED0165,93,65,15,Available,78
FAC001,MED0166,98,69,0,Available,98
FAC001,MED0167,150,58,6,Available,144
FAC001,MED0168,79,28,9,Available,70
FAC001,MED0169,77,34,17,Available,60
FAC001,MED0170,90,61,24,Available,66
FAC001,MED0171,92,65,17,Available,75
FAC001,MED0172,154,50,16,Available,138
FAC001,MED0173,92,74,14,Available,78
FAC001,MED0174,118,58,14,Available,104
FAC001,MED0175,153,10,3,Available,150
FAC001,MED0176,100,42,6,Available,94
FAC001,MED0177,10,42,10,Low Stock,0
FAC001,MED0178,20,40,9,Low Stock,11
FAC001,MED0179,120,84,15,Available,105
FAC001,MED0180,41,32,17,Available,24
FAC001,MED0181,213,44,29,Available,184
FAC001,MED0182,107,34,0,Available,107
FAC001,MED0183,197,48,16,Available,181
FAC001,MED0184,143,78,7,Available,136
FAC001,MED0185,226,61,10,Available,216
FAC001,MED0186,132,45,7,Available,125
FAC001,MED0187,175,54,23,Available,152
FAC001,MED0188,120,37,13,Available,107
FAC001,MED0189,110,69,8,Available,102
FAC001,MED0190,181,14,16,Available,165
FAC001,MED0191,110,43,13,Available,97
FAC001,MED0192,107,57,11,Available,96
FAC001,MED0193,186,31,10,Available,176
FAC001,MED0194,74,23,25,Available,49
FAC001,MED0195,161,40,22,Available,139
FAC001,MED0196,68,35,9,Available,59
FAC001,MED0197,111,34,15,Available,96
FAC001,MED0198,90,90,17,Low Stock,73
FAC001,MED0199,195,16,19,Available,176
FAC001,MED0200,78,70,11,Available,67
FAC002,MED0001,189,49,14,Available,175
FAC002,MED0002,146,21,0,Available,146
FAC002,MED0003,29,56,10,Low Stock,19
FAC002,MED0004,111,74,14,Available,97
FAC002,MED0005,135,31,8,Available,127
FAC002,MED0006,137,38,24,Available,113
FAC002,MED0007,177,35,10,Available,167
FAC002,MED0008,214,41,13,Available,201
FAC002,MED0009,114,53,0,Available,114
FAC002,MED0010,97,34,14,Available,83
FAC002,MED0011,108,40,19,Available,89
FAC002,MED0012,82,49,2,Available,80
FAC002,MED0013,111,53,29,Available,82
FAC002,MED0014,64,18,7,Available,57
FAC002,MED0015,70,67,0,Available,70
FAC002,MED0016,111,35,12,Available,99
FAC002,MED0017,105,76,16,Available,89
FAC002,MED0018,164,37,18,Available,146
FAC002,MED0019,84,67,12,Available,72
FAC002,MED0020,126,38,15,Available,111
FAC002,MED0021,130,67,9,Available,121
FAC002,MED0022,183,39,18,Available,165
FAC002,MED0023,127,31,16,Available,111
FAC002,MED0024,119,61,18,Available,101
FAC002,MED0025,145,54,17,Available,128
FAC002,MED0026,165,69,14,Available,151
FAC002,MED0027,199,83,24,Available,175
FAC002,MED0028,149,70,15,Available,134
FAC002,MED0029,146,37,10,Available,136
FAC002,MED0030,10,63,6,Low Stock,4
FAC002,MED0031,173,45,16,Available,157
FAC002,MED0032,57,44,26,Available,31
FAC002,MED0033,140,10,35,Available,105
FAC002,MED0034,116,64,19,Available,97
FAC002,MED0035,10,39,10,Low Stock,0
FAC002,MED0036,76,67,32,Available,44
FAC002,MED0037,20,24,20,Low Stock,0
FAC002,MED0038,225,35,10,Available,215
FAC002,MED0039,44,50,0,Low Stock,44
FAC002,MED0040,150,39,11,Available,139
FAC002,MED0041,10,41,10,Low Stock,0
FAC002,MED0042,38,70,12,Low Stock,26
FAC002,MED0043,148,71,11,Available,137
FAC002,MED0044,97,27,8,Available,89
FAC002,MED0045,150,51,22,Available,128
FAC002,MED0046,143,53,16,Available,127
FAC002,MED0047,253,24,2,Available,251
FAC002,MED0048,118,62,11,Available,107
FAC002,MED0049,138,47,12,Available,126
FAC002,MED0050,160,31,11,Available,149
FAC002,MED0051,130,48,15,Available,115
FAC002,MED0052,196,63,11,Available,185
FAC002,MED0053,156,14,13,Available,143
FAC002,MED0054,181,37,8,Available,173
FAC002,MED0055,121,59,20,Available,101
FAC002,MED0056,161,53,19,Available,142
FAC002,MED0057,21,81,3,Low Stock,18
FAC002,MED0058,55,43,26,Available,29
FAC002,MED0059,135,64,18,Available,117
FAC002,MED0060,60,59,19,Available,41
FAC002,MED0061,159,80,17,Available,142
FAC002,MED0062,102,67,9,Available,93
FAC002,MED0063,10,52,6,Low Stock,4
FAC002,MED0064,159,22,16,Available,143
FAC002,MED0065,10,74,10,Low Stock,0
FAC002,MED0066,135,59,11,Available,124
FAC002,MED0067,39,36,20,Available,19
FAC002,MED0068,10,43,10,Low Stock,0
FAC002,MED0069,156,78,21,Available,135
FAC002,MED0070,78,46,23,Available,55
FAC002,MED0071,145,51,26,Available,119
FAC002,MED0072,145,54,9,Available,136
FAC002,MED0073,185,18,8,Available,177
FAC002,MED0074,152,13,8,Available,144
FAC002,MED0075,110,51,8,Available,102
FAC002,MED0076,172,17,15,Available,157
FAC002,MED0077,154,17,17,Available,137
FAC002,MED0078,94,49,15,Available,79
FAC002,MED0079,145,59,11,Available,134
FAC002,MED0080,125,26,5,Available,120
FAC002,MED0081,150,46,13,Available,137
FAC002,MED0082,168,29,11,Available,157
FAC002,MED0083,88,28,16,Available,72
FAC002,MED0084,156,60,21,Available,135
FAC002,MED0085,113,24,12,Available,101
FAC002,MED0086,145,37,18,Available,127
FAC002,MED0087,192,45,8,Available,184
FAC002,MED0088,10,53,10,Low Stock,0
FAC002,MED0089,133,31,9,Available,124
FAC002,MED0090,152,58,22,Available,130
FAC002,MED0091,178,65,13,Available,165
FAC002,MED0092,38,32,4,Available,34
FAC002,MED0093,183,42,6,Available,177
FAC002,MED0094,161,38,3,Available,158
FAC002,MED0095,181,23,14,Available,167
FAC002,MED0096,143,26,16,Available,127
FAC002,MED0097,104,84,15,Available,89
FAC002,MED0098,67,51,8,Available,59
FAC002,MED0099,155,47,23,Available,132
FAC002,MED0100,100,41,18,Available,82
FAC002,MED0101,136,41,5,Available,131
FAC002,MED0102,70,59,7,Available,63
FAC002,MED0103,99,55,21,Available,78
FAC002,MED0104,200,41,11,Available,189
FAC002,MED0105,112,49,21,Available,91
FAC002,MED0106,59,20,19,Available,40
FAC002,MED0107,106,54,18,Available,88
FAC002,MED0108,135,39,12,Available,123
FAC002,MED0109,158,72,13,Available,145
FAC002,MED0110,121,40,12,Available,109
FAC002,MED0111,199,60,9,Available,190
FAC002,MED0112,56,53,13,Available,43
FAC002,MED0113,106,46,14,Available,92
FAC002,MED0114,162,90,7,Available,155
FAC002,MED0115,145,61,6,Available,139
FAC002,MED0116,80,77,19,Available,61
FAC002,MED0117,142,90,17,Available,125
FAC002,MED0118,193,53,22,Available,171
FAC002,MED0119,119,52,6,Available,113
FAC002,MED0120,174,63,19,Available,155
FAC002,MED0121,49,74,7,Low Stock,42
FAC002,MED0122,169,23,29,Available,140
FAC002,MED0123,97,39,16,Available,81
FAC002,MED0124,179,34,18,Available,161
FAC002,MED0125,105,40,5,Available,100
FAC002,MED0126,119,46,23,Available,96
FAC002,MED0127,164,48,11,Available,153
FAC002,MED0128,80,39,12,Available,68
FAC002,MED0129,127,34,7,Available,120
FAC002,MED0130,113,62,12,Available,101
FAC002,MED0131,20,74,20,Low Stock,0
FAC002,MED0132,182,64,25,Available,157
FAC002,MED0133,145,25,20,Available,125
FAC002,MED0134,67,62,8,Available,59
FAC002,MED0135,127,51,11,Available,116
FAC002,MED0136,158,43,7,Available,151
FAC002,MED0137,135,31,17,Available,118
FAC002,MED0138,96,69,13,Available,83
FAC002,MED0139,90,71,17,Available,73
FAC002,MED0140,36,29,8,Available,28
FAC002,MED0141,32,42,17,Low Stock,15
FAC002,MED0142,201,37,9,Available,192
FAC002,MED0143,90,69,22,Available,68
FAC002,MED0144,40,28,10,Available,30
FAC002,MED0145,199,23,13,Available,186
FAC002,MED0146,66,35,15,Available,51
FAC002,MED0147,92,48,21,Available,71
FAC002,MED0148,181,33,10,Available,171
FAC002,MED0149,161,37,13,Available,148
FAC002,MED0150,94,54,4,Available,90
FAC002,MED0151,148,14,12,Available,136
FAC002,MED0152,129,27,11,Available,118
FAC002,MED0153,125,36,24,Available,101
FAC002,MED0154,145,62,23,Available,122
FAC002,MED0155,10,20,10,Low Stock,0
FAC002,MED0156,79,34,21,Available,58
FAC002,MED0157,106,67,0,Available,106
FAC002,MED0158,100,48,12,Available,88
FAC002,MED0159,96,53,11,Available,85
FAC002,MED0160,249,32,9,Available,240
FAC002,MED0161,132,61,13,Available,119
FAC002,MED0162,181,30,18,Available,163
FAC002,MED0163,85,41,16,Available,69
FAC002,MED0164,134,57,13,Available,121
FAC002,MED0165,92,37,22,Available,70
FAC002,MED0166,129,16,23,Available,106
FAC002,MED0167,210,58,8,Available,202
FAC002,MED0168,81,43,15,Available,66
FAC002,MED0169,174,55,3,Available,171
FAC002,MED0170,202,71,18,Available,184
FAC002,MED0171,173,25,18,Available,155
FAC002,MED0172,120,57,5,Available,115
FAC002,MED0173,206,29,12,Available,194
FAC002,MED0174,57,55,19,Available,38
FAC002,MED0175,111,20,17,Available,94
FAC002,MED0176,139,59,14,Available,125
FAC002,MED0177,117,61,17,Available,100
FAC002,MED0178,144,42,12,Available,132
FAC002,MED0179,171,35,16,Available,155
FAC002,MED0180,145,46,4,Available,141
FAC002,MED0181,158,58,19,Available,139
FAC002,MED0182,129,10,18,Available,111
FAC002,MED0183,221,28,13,Available,208
FAC002,MED0184,182,41,15,Available,167
FAC002,MED0185,118,49,5,Available,113
FAC002,MED0186,82,67,1,Available,81
FAC002,MED0187,113,77,11,Available,102
FAC002,MED0188,76,37,4,Available,72
FAC002,MED0189,110,60,12,Available,98
FAC002,MED0190,95,48,13,Available,82
FAC002,MED0191,153,46,12,Available,141
FAC002,MED0192,144,59,14,Available,130
FAC002,MED0193,243,70,5,Available,238
FAC002,MED0194,185,78,20,Available,165
FAC002,MED0195,101,34,24,Available,77
FAC002,MED0196,96,57,7,Available,89
FAC002,MED0197,225,56,9,Available,216
FAC002,MED0198,110,33,11,Available,99
FAC002,MED0199,142,55,14,Available,128
FAC002,MED0200,186,41,14,Available,172
FAC003,MED0001,73,78,13,Low Stock,60
FAC003,MED0002,90,24,9,Available,81
FAC003,MED0003,101,56,11,Available,90
FAC003,MED0004,55,54,13,Available,42
FAC003,MED0005,96,40,0,Available,96
FAC003,MED0006,158,56,22,Available,136
FAC003,MED0007,108,67,20,Available,88
FAC003,MED0008,208,65,13,Available,195
FAC003,MED0009,60,39,17,Available,43
FAC003,MED0010,127,60,0,Available,127
FAC003,MED0011,98,41,19,Available,79
FAC003,MED0012,145,37,16,Available,129
FAC003,MED0013,119,19,16,Available,103
FAC003,MED0014,34,49,20,Low Stock,14
FAC003,MED0015,177,43,12,Available,165
FAC003,MED0016,58,58,15,Low Stock,43
FAC003,MED0017,186,22,10,Available,176
FAC003,MED0018,160,69,11,Available,149
FAC003,MED0019,186,54,16,Available,170
FAC003,MED0020,284,49,24,Available,260
FAC003,MED0021,101,21,2,Available,99
FAC003,MED0022,213,28,12,Available,201
FAC003,MED0023,105,42,16,Available,89
FAC003,MED0024,137,59,10,Available,127
FAC003,MED0025,208,50,14,Available,194
FAC003,MED0026,111,37,11,Available,100
FAC003,MED0027,144,57,20,Available,124
FAC003,MED0028,62,60,4,Available,58
FAC003,MED0029,119,40,25,Available,94
FAC003,MED0030,83,36,18,Available,65
FAC003,MED0031,83,41,19,Available,64
FAC003,MED0032,115,71,4,Available,111
FAC003,MED0033,81,51,13,Available,68
FAC003,MED0034,68,46,16,Available,52
FAC003,MED0035,65,36,15,Available,50
FAC003,MED0036,122,43,18,Available,104
FAC003,MED0037,123,56,21,Available,102
FAC003,MED0038,143,54,21,Available,122
FAC003,MED0039,123,10,4,Available,119
FAC003,MED0040,127,30,25,Available,102
FAC003,MED0041,187,42,15,Available,172
FAC003,MED0042,179,49,18,Available,161
FAC003,MED0043,72,34,11,Available,61
FAC003,MED0044,90,76,9,Available,81
FAC003,MED0045,164,45,14,Available,150
FAC003,MED0046,181,55,7,Available,174
FAC003,MED0047,120,53,10,Available,110
FAC003,MED0048,99,64,3,Available,96
FAC003,MED0049,174,36,15,Available,159
FAC003,MED0050,114,48,18,Available,96
FAC003,MED0051,162,86,9,Available,153
FAC003,MED0052,128,81,16,Available,112
FAC003,MED0053,183,59,16,Available,167
FAC003,MED0054,207,40,13,Available,194
FAC003,MED0055,37,68,16,Low Stock,21
FAC003,MED0056,208,53,18,Available,190
FAC003,MED0057,224,32,14,Available,210
FAC003,MED0058,115,51,12,Available,103
FAC003,MED0059,141,33,7,Available,134
FAC003,MED0060,90,14,0,Available,90
FAC003,MED0061,139,43,14,Available,125
FAC003,MED0062,221,39,14,Available,207
FAC003,MED0063,145,35,22,Available,123
FAC003,MED0064,125,55,7,Available,118
FAC003,MED0065,183,54,25,Available,158
FAC003,MED0066,178,47,12,Available,166
FAC003,MED0067,155,43,15,Available,140
FAC003,MED0068,146,50,12,Available,134
FAC003,MED0069,69,13,10,Available,59
FAC003,MED0070,11,67,11,Low Stock,0
FAC003,MED0071,148,78,9,Available,139
FAC003,MED0072,63,60,18,Available,45
FAC003,MED0073,10,39,10,Low Stock,0
FAC003,MED0074,119,41,15,Available,104
FAC003,MED0075,111,47,28,Available,83
FAC003,MED0076,10,69,10,Low Stock,0
FAC003,MED0077,112,50,13,Available,99
FAC003,MED0078,117,60,17,Available,100
FAC003,MED0079,121,40,18,Available,103
FAC003,MED0080,192,48,8,Available,184
FAC003,MED0081,220,44,24,Available,196
FAC003,MED0082,152,34,16,Available,136
FAC003,MED0083,149,67,14,Available,135
FAC003,MED0084,147,38,5,Available,142
FAC003,MED0085,125,37,17,Available,108
FAC003,MED0086,235,57,17,Available,218
FAC003,MED0087,99,45,16,Available,83
FAC003,MED0088,33,30,24,Available,9
FAC003,MED0089,56,61,21,Low Stock,35
FAC003,MED0090,196,22,11,Available,185
FAC003,MED0091,111,51,4,Available,107
FAC003,MED0092,97,54,13,Available,84
FAC003,MED0093,10,10,10,Low Stock,0
FAC003,MED0094,38,70,8,Low Stock,30
FAC003,MED0095,89,13,16,Available,73
FAC003,MED0096,167,37,20,Available,147
FAC003,MED0097,128,59,16,Available,112
FAC003,MED0098,143,37,14,Available,129
FAC003,MED0099,96,88,17,Available,79
FAC003,MED0100,102,32,16,Available,86
FAC003,MED0101,98,59,13,Available,85
FAC003,MED0102,83,50,22,Available,61
FAC003,MED0103,171,52,0,Available,171
FAC003,MED0104,131,13,7,Available,124
FAC003,MED0105,141,16,2,Available,139
FAC003,MED0106,139,42,10,Available,129
FAC003,MED0107,59,65,11,Low Stock,48
FAC003,MED0108,146,43,15,Available,131
FAC003,MED0109,190,40,17,Available,173
FAC003,MED0110,68,21,19,Available,49
FAC003,MED0111,30,52,9,Low Stock,21
FAC003,MED0112,103,31,10,Available,93
FAC003,MED0113,106,22,2,Available,104
FAC003,MED0114,154,45,16,Available,138
FAC003,MED0115,182,57,9,Available,173
FAC003,MED0116,83,55,16,Available,67
FAC003,MED0117,45,64,14,Low Stock,31
FAC003,MED0118,129,51,17,Available,112
FAC003,MED0119,37,59,15,Low Stock,22
FAC003,MED0120,106,52,24,Available,82
FAC003,MED0121,132,74,19,Available,113
FAC003,MED0122,60,19,7,Available,53
FAC003,MED0123,70,27,8,Available,62
FAC003,MED0124,153,48,22,Available,131
FAC003,MED0125,186,74,12,Available,174
FAC003,MED0126,76,46,16,Available,60
FAC003,MED0127,235,72,12,Available,223
FAC003,MED0128,201,38,17,Available,184
FAC003,MED0129,132,53,20,Available,112
FAC003,MED0130,115,25,12,Available,103
FAC003,MED0131,10,24,10,Low Stock,0
FAC003,MED0132,168,47,16,Available,152
FAC003,MED0133,130,20,16,Available,114
FAC003,MED0134,105,54,21,Available,84
FAC003,MED0135,183,47,0,Available,183
FAC003,MED0136,155,26,22,Available,133
FAC003,MED0137,229,70,14,Available,215
FAC003,MED0138,61,55,11,Available,50
FAC003,MED0139,123,22,8,Available,115
FAC003,MED0140,39,18,20,Available,19
FAC003,MED0141,143,19,6,Available,137
FAC003,MED0142,122,42,22,Available,100
FAC003,MED0143,95,64,18,Available,77
FAC003,MED0144,117,83,19,Available,98
FAC003,MED0145,53,82,14,Low Stock,39
FAC003,MED0146,138,41,18,Available,120
FAC003,MED0147,78,49,18,Available,60
FAC003,MED0148,130,42,22,Available,108
FAC003,MED0149,86,74,16,Available,70
FAC003,MED0150,47,24,25,Available,22
FAC003,MED0151,149,33,11,Available,138
FAC003,MED0152,139,42,14,Available,125
FAC003,MED0153,171,81,18,Available,153
FAC003,MED0154,194,39,15,Available,179
FAC003,MED0155,160,45,1,Available,159
FAC003,MED0156,208,18,17,Available,191
FAC003,MED0157,74,39,19,Available,55
FAC003,MED0158,92,10,10,Available,82
FAC003,MED0159,129,41,26,Available,103
FAC003,MED0160,100,24,29,Available,71
FAC003,MED0161,188,55,6,Available,182
FAC003,MED0162,191,50,19,Available,172
FAC003,MED0163,103,40,22,Available,81
FAC003,MED0164,53,81,11,Low Stock,42
FAC003,MED0165,81,22,7,Available,74
FAC003,MED0166,207,42,8,Available,199
FAC003,MED0167,207,47,14,Available,193
FAC003,MED0168,138,19,22,Available,116
FAC003,MED0169,81,46,19,Available,62
FAC003,MED0170,109,38,15,Available,94
FAC003,MED0171,239,62,13,Available,226
FAC003,MED0172,87,45,10,Available,77
FAC003,MED0173,142,29,18,Available,124
FAC003,MED0174,10,47,6,Low Stock,4
FAC003,MED0175,36,59,9,Low Stock,27
FAC003,MED0176,107,18,3,Available,104
FAC003,MED0177,218,33,23,Available,195
FAC003,MED0178,94,36,18,Available,76
FAC003,MED0179,177,54,2,Available,175
FAC003,MED0180,200,27,18,Available,182
FAC003,MED0181,224,44,8,Available,216
FAC003,MED0182,77,56,5,Available,72
FAC003,MED0183,136,46,0,Available,136
FAC003,MED0184,105,40,17,Available,88
FAC003,MED0185,201,73,8,Available,193
FAC003,MED0186,165,73,16,Available,149
FAC003,MED0187,106,44,12,Available,94
FAC003,MED0188,190,56,14,Available,176
FAC003,MED0189,44,27,11,Available,33
FAC003,MED0190,156,58,17,Available,139
FAC003,MED0191,160,31,0,Available,160
FAC003,MED0192,103,21,14,Available,89
FAC003,MED0193,116,36,11,Available,105
FAC003,MED0194,129,20,9,Available,120
FAC003,MED0195,60,51,24,Available,36
FAC003,MED0196,152,31,14,Available,138
FAC003,MED0197,178,59,4,Available,174
FAC003,MED0198,45,77,14,Low Stock,31
FAC003,MED0199,86,81,26,Available,60
FAC003,MED0200,147,44,5,Available,142
FAC004,MED0001,66,60,15,Available,51
FAC004,MED0002,101,50,6,Available,95
FAC004,MED0003,94,86,19,Available,75
FAC004,MED0004,198,40,16,Available,182
FAC004,MED0005,175,78,27,Available,148
FAC004,MED0006,168,44,23,Available,145
FAC004,MED0007,99,10,16,Available,83
FAC004,MED0008,192,90,12,Available,180
FAC004,MED0009,112,33,6,Available,106
FAC004,MED0010,72,63,8,Available,64
FAC004,MED0011,224,21,18,Available,206
FAC004,MED0012,49,10,8,Available,41
FAC004,MED0013,92,34,18,Available,74
FAC004,MED0014,169,56,11,Available,158
FAC004,MED0015,87,34,15,Available,72
FAC004,MED0016,108,43,28,Available,80
FAC004,MED0017,107,34,2,Available,105
FAC004,MED0018,20,22,4,Low Stock,16
FAC004,MED0019,10,39,10,Low Stock,0
FAC004,MED0020,53,65,11,Low Stock,42
FAC004,MED0021,76,62,12,Available,64
FAC004,MED0022,178,35,10,Available,168
FAC004,MED0023,94,76,17,Available,77
FAC004,MED0024,177,50,14,Available,163
FAC004,MED0025,183,45,10,Available,173
FAC004,MED0026,164,31,21,Available,143
FAC004,MED0027,88,57,8,Available,80
FAC004,MED0028,117,14,24,Available,93
FAC004,MED0029,112,42,11,Available,101
FAC004,MED0030,83,66,11,Available,72
FAC004,MED0031,138,59,8,Available,130
FAC004,MED0032,128,45,24,Available,104
FAC004,MED0033,182,62,22,Available,160
FAC004,MED0034,226,61,13,Available,213
FAC004,MED0035,80,32,12,Available,68
FAC004,MED0036,255,42,13,Available,242
FAC004,MED0037,156,56,7,Available,149
FAC004,MED0038,156,51,20,Available,136
FAC004,MED0039,80,59,24,Available,56
FAC004,MED0040,103,50,16,Available,87
FAC004,MED0041,151,40,16,Available,135
FAC004,MED0042,16,77,7,Low Stock,9
FAC004,MED0043,190,42,13,Available,177
FAC004,MED0044,104,79,17,Available,87
FAC004,MED0045,143,71,0,Available,143
FAC004,MED0046,193,57,21,Available,172
FAC004,MED0047,122,36,10,Available,112
FAC004,MED0048,76,48,12,Available,64
FAC004,MED0049,26,37,18,Low Stock,8
FAC004,MED0050,115,22,13,Available,102
FAC004,MED0051,112,45,11,Available,101
FAC004,MED0052,190,70,10,Available,180
FAC004,MED0053,76,29,24,Available,52
FAC004,MED0054,132,71,10,Available,122
FAC004,MED0055,223,32,11,Available,212
FAC004,MED0056,44,30,19,Available,25
FAC004,MED0057,133,42,21,Available,112
FAC004,MED0058,54,78,12,Low Stock,42
FAC004,MED0059,46,53,8,Low Stock,38
FAC004,MED0060,137,43,11,Available,126
FAC004,MED0061,130,41,16,Available,114
FAC004,MED0062,13,40,10,Low Stock,3
FAC004,MED0063,197,34,20,Available,177
FAC004,MED0064,173,33,23,Available,150
FAC004,MED0065,123,54,15,Available,108
FAC004,MED0066,101,49,21,Available,80
FAC004,MED0067,109,60,18,Available,91
FAC004,MED0068,100,43,22,Available,78
FAC004,MED0069,246,24,2,Available,244
FAC004,MED0070,103,47,14,Available,89
FAC004,MED0071,180,41,13,Available,167
FAC004,MED0072,38,42,5,Low Stock,33
FAC004,MED0073,282,56,11,Available,271
FAC004,MED0074,179,79,11,Available,168
FAC004,MED0075,84,18,14,Available,70
FAC004,MED0076,162,33,17,Available,145
FAC004,MED0077,99,35,8,Available,91
FAC004,MED0078,96,43,7,Available,89
FAC004,MED0079,142,68,17,Available,125
FAC004,MED0080,128,45,21,Available,107
FAC004,MED0081,66,47,27,Available,39
FAC004,MED0082,154,42,16,Available,138
FAC004,MED0083,31,74,7,Low Stock,24
FAC004,MED0084,290,48,13,Available,277
FAC004,MED0085,52,32,28,Available,24
FAC004,MED0086,224,23,13,Available,211
FAC004,MED0087,29,53,14,Low Stock,15
FAC004,MED0088,159,66,22,Available,137
FAC004,MED0089,101,78,20,Available,81
FAC004,MED0090,134,26,22,Available,112
FAC004,MED0091,108,58,26,Available,82
FAC004,MED0092,126,10,13,Available,113
FAC004,MED0093,40,19,20,Available,20
FAC004,MED0094,142,51,19,Available,123
FAC004,MED0095,170,42,11,Available,159
FAC004,MED0096,250,47,19,Available,231
FAC004,MED0097,133,51,14,Available,119
FAC004,MED0098,129,63,30,Available,99
FAC004,MED0099,138,29,24,Available,114
FAC004,MED0100,196,65,7,Available,189
FAC004,MED0101,211,40,9,Available,202
FAC004,MED0102,222,34,18,Available,204
FAC004,MED0103,197,50,23,Available,174
FAC004,MED0104,64,59,13,Available,51
FAC004,MED0105,32,52,14,Low Stock,18
FAC004,MED0106,18,13,1,Available,17
FAC004,MED0107,205,29,14,Available,191
FAC004,MED0108,66,27,6,Available,60
FAC004,MED0109,128,41,18,Available,110
FAC004,MED0110,96,44,11,Available,85
FAC004,MED0111,69,44,18,Available,51
FAC004,MED0112,184,51,22,Available,162
FAC004,MED0113,114,26,14,Available,100
FAC004,MED0114,175,59,7,Available,168
FAC004,MED0115,188,90,2,Available,186
FAC004,MED0116,82,69,16,Available,66
FAC004,MED0117,83,44,18,Available,65
FAC004,MED0118,115,10,18,Available,97
FAC004,MED0119,70,46,19,Available,51
FAC004,MED0120,216,62,20,Available,196
FAC004,MED0121,136,53,19,Available,117
FAC004,MED0122,84,58,25,Available,59
FAC004,MED0123,185,45,16,Available,169
FAC004,MED0124,201,50,4,Available,197
FAC004,MED0125,101,78,2,Available,99
FAC004,MED0126,80,60,5,Available,75
FAC004,MED0127,167,32,12,Available,155
FAC004,MED0128,185,64,10,Available,175
FAC004,MED0129,45,30,12,Available,33
FAC004,MED0130,108,20,8,Available,100
FAC004,MED0131,10,46,10,Low Stock,0
FAC004,MED0132,71,90,9,Low Stock,62
FAC004,MED0133,179,21,26,Available,153
FAC004,MED0134,103,40,14,Available,89
FAC004,MED0135,176,39,16,Available,160
FAC004,MED0136,164,32,10,Available,154
FAC004,MED0137,57,54,16,Available,41
FAC004,MED0138,142,69,9,Available,133
FAC004,MED0139,197,35,13,Available,184
FAC004,MED0140,136,59,6,Available,130
FAC004,MED0141,141,53,2,Available,139
FAC004,MED0142,100,65,20,Available,80
FAC004,MED0143,145,39,20,Available,125
FAC004,MED0144,44,62,21,Low Stock,23
FAC004,MED0145,211,82,14,Available,197
FAC004,MED0146,167,66,6,Available,161
FAC004,MED0147,134,50,20,Available,114
FAC004,MED0148,65,60,10,Available,55
FAC004,MED0149,73,52,18,Available,55
FAC004,MED0150,197,10,11,Available,186
FAC004,MED0151,169,63,10,Available,159
FAC004,MED0152,35,52,12,Low Stock,23
FAC004,MED0153,129,34,8,Available,121
FAC004,MED0154,135,73,23,Available,112
FAC004,MED0155,71,17,1,Available,70
FAC004,MED0156,79,70,12,Available,67
FAC004,MED0157,115,15,16,Available,99
FAC004,MED0158,88,60,17,Available,71
FAC004,MED0159,169,12,15,Available,154
FAC004,MED0160,51,38,18,Available,33
FAC004,MED0161,183,20,12,Available,171
FAC004,MED0162,10,43,0,Low Stock,10
FAC004,MED0163,202,31,3,Available,199
FAC004,MED0164,36,51,21,Low Stock,15
FAC004,MED0165,145,34,14,Available,131
FAC004,MED0166,10,24,10,Low Stock,0
FAC004,MED0167,67,60,18,Available,49
FAC004,MED0168,115,44,18,Available,97
FAC004,MED0169,44,42,31,Available,13
FAC004,MED0170,144,50,19,Available,125
FAC004,MED0171,157,48,20,Available,137
FAC004,MED0172,101,49,15,Available,86
FAC004,MED0173,197,24,22,Available,175
FAC004,MED0174,131,89,14,Available,117
FAC004,MED0175,226,59,7,Available,219
FAC004,MED0176,264,33,19,Available,245
FAC004,MED0177,153,26,0,Available,153
FAC004,MED0178,148,40,25,Available,123
FAC004,MED0179,139,72,13,Available,126
FAC004,MED0180,26,47,22,Low Stock,4
FAC004,MED0181,134,27,19,Available,115
FAC004,MED0182,84,49,8,Available,76
FAC004,MED0183,181,70,19,Available,162
FAC004,MED0184,184,50,14,Available,170
FAC004,MED0185,206,48,29,Available,177
FAC004,MED0186,183,70,24,Available,159
FAC004,MED0187,100,87,0,Available,100
FAC004,MED0188,73,57,20,Available,53
FAC004,MED0189,192,87,12,Available,180
FAC004,MED0190,114,28,12,Available,102
FAC004,MED0191,128,57,5,Available,123
FAC004,MED0192,139,40,7,Available,132
FAC004,MED0193,127,45,7,Available,120
FAC004,MED0194,97,76,11,Available,86
FAC004,MED0195,94,36,10,Available,84
FAC004,MED0196,116,59,13,Available,103
FAC004,MED0197,131,71,22,Available,109
FAC004,MED0198,37,60,13,Low Stock,24
FAC004,MED0199,160,45,5,Available,155
FAC004,MED0200,135,30,19,Available,116
FAC005,MED0001,123,30,5,Available,118
FAC005,MED0002,30,42,25,Low Stock,5
FAC005,MED0003,131,70,13,Available,118
FAC005,MED0004,230,50,15,Available,215
FAC005,MED0005,51,52,15,Low Stock,36
FAC005,MED0006,157,68,20,Available,137
FAC005,MED0007,160,43,0,Available,160
FAC005,MED0008,144,45,17,Available,127
FAC005,MED0009,92,37,4,Available,88
FAC005,MED0010,23,63,15,Low Stock,8
FAC005,MED0011,140,59,4,Available,136
FAC005,MED0012,53,51,16,Available,37
FAC005,MED0013,68,68,2,Low Stock,66
FAC005,MED0014,148,25,16,Available,132
FAC005,MED0015,217,60,22,Available,195
FAC005,MED0016,94,61,16,Available,78
FAC005,MED0017,128,56,0,Available,128
FAC005,MED0018,126,39,14,Available,112
FAC005,MED0019,192,55,8,Available,184
FAC005,MED0020,162,38,15,Available,147
FAC005,MED0021,96,24,11,Available,85
FAC005,MED0022,109,13,20,Available,89
FAC005,MED0023,124,64,19,Available,105
FAC005,MED0024,147,18,9,Available,138
FAC005,MED0025,70,29,6,Available,64
FAC005,MED0026,174,47,12,Available,162
FAC005,MED0027,177,63,9,Available,168
FAC005,MED0028,209,60,11,Available,198
FAC005,MED0029,115,49,10,Available,105
FAC005,MED0030,142,25,19,Available,123
FAC005,MED0031,134,35,16,Available,118
FAC005,MED0032,67,58,13,Available,54
FAC005,MED0033,44,32,25,Available,19
FAC005,MED0034,83,43,15,Available,68
FAC005,MED0035,76,37,15,Available,61
FAC005,MED0036,175,55,6,Available,169
FAC005,MED0037,105,13,13,Available,92
FAC005,MED0038,105,21,9,Available,96
FAC005,MED0039,52,39,20,Available,32
FAC005,MED0040,110,66,15,Available,95
FAC005,MED0041,186,72,16,Available,170
FAC005,MED0042,65,28,11,Available,54
FAC005,MED0043,212,24,5,Available,207
FAC005,MED0044,53,20,4,Available,49
FAC005,MED0045,117,58,19,Available,98
FAC005,MED0046,129,49,17,Available,112
FAC005,MED0047,60,61,17,Low Stock,43
FAC005,MED0048,126,78,19,Available,107
FAC005,MED0049,199,62,1,Available,198
FAC005,MED0050,45,31,17,Available,28
FAC005,MED0051,84,56,12,Available,72
FAC005,MED0052,182,48,14,Available,168
FAC005,MED0053,174,37,8,Available,166
FAC005,MED0054,145,48,1,Available,144
FAC005,MED0055,203,31,8,Available,195
FAC005,MED0056,74,67,21,Available,53
FAC005,MED0057,143,10,15,Available,128
FAC005,MED0058,119,69,12,Available,107
FAC005,MED0059,144,44,16,Available,128
FAC005,MED0060,30,55,2,Low Stock,28
FAC005,MED0061,182,27,25,Available,157
FAC005,MED0062,196,55,11,Available,185
FAC005,MED0063,127,50,9,Available,118
FAC005,MED0064,140,37,17,Available,123
FAC005,MED0065,191,39,8,Available,183
FAC005,MED0066,42,47,12,Low Stock,30
FAC005,MED0067,209,21,19,Available,190
FAC005,MED0068,124,24,11,Available,113
FAC005,MED0069,197,63,24,Available,173
FAC005,MED0070,168,10,9,Available,159
FAC005,MED0071,202,56,10,Available,192
FAC005,MED0072,203,69,15,Available,188
FAC005,MED0073,90,82,16,Available,74
FAC005,MED0074,55,48,20,Available,35
FAC005,MED0075,229,48,17,Available,212
FAC005,MED0076,204,65,20,Available,184
FAC005,MED0077,166,68,8,Available,158
FAC005,MED0078,132,21,18,Available,114
FAC005,MED0079,194,29,12,Available,182
FAC005,MED0080,125,57,11,Available,114
FAC005,MED0081,135,32,22,Available,113
FAC005,MED0082,42,30,0,Available,42
FAC005,MED0083,98,30,12,Available,86
FAC005,MED0084,129,45,10,Available,119
FAC005,MED0085,116,54,9,Available,107
FAC005,MED0086,116,52,19,Available,97
FAC005,MED0087,133,43,16,Available,117
FAC005,MED0088,112,47,14,Available,98
FAC005,MED0089,124,14,21,Available,103
FAC005,MED0090,71,46,9,Available,62
FAC005,MED0091,92,70,14,Available,78
FAC005,MED0092,112,21,1,Available,111
FAC005,MED0093,119,18,21,Available,98
FAC005,MED0094,112,50,17,Available,95
FAC005,MED0095,73,60,18,Available,55
FAC005,MED0096,111,10,10,Available,101
FAC005,MED0097,58,27,28,Available,30
FAC005,MED0098,141,81,14,Available,127
FAC005,MED0099,135,57,30,Available,105
FAC005,MED0100,162,41,0,Available,162
FAC005,MED0101,74,28,22,Available,52
FAC005,MED0102,92,48,20,Available,72
FAC005,MED0103,134,56,5,Available,129
FAC005,MED0104,76,13,22,Available,54
FAC005,MED0105,67,68,8,Low Stock,59
FAC005,MED0106,69,62,9,Available,60
FAC005,MED0107,257,24,11,Available,246
FAC005,MED0108,46,64,13,Low Stock,33
FAC005,MED0109,138,54,5,Available,133
FAC005,MED0110,193,27,11,Available,182
FAC005,MED0111,136,60,4,Available,132
FAC005,MED0112,56,25,15,Available,41
FAC005,MED0113,137,48,17,Available,120
FAC005,MED0114,164,58,8,Available,156
FAC005,MED0115,181,37,13,Available,168
FAC005,MED0116,57,51,15,Available,42
FAC005,MED0117,109,27,12,Available,97
FAC005,MED0118,58,52,10,Available,48
FAC005,MED0119,109,39,18,Available,91
FAC005,MED0120,139,41,11,Available,128
FAC005,MED0121,104,70,5,Available,99
FAC005,MED0122,45,70,15,Low Stock,30
FAC005,MED0123,150,63,22,Available,128
FAC005,MED0124,133,59,12,Available,121
FAC005,MED0125,175,44,19,Available,156
FAC005,MED0126,136,53,23,Available,113
FAC005,MED0127,156,23,10,Available,146
FAC005,MED0128,125,33,13,Available,112
FAC005,MED0129,83,16,15,Available,68
FAC005,MED0130,67,24,16,Available,51
FAC005,MED0131,83,10,6,Available,77
FAC005,MED0132,141,63,22,Available,119
FAC005,MED0133,81,36,22,Available,59
FAC005,MED0134,116,46,15,Available,101
FAC005,MED0135,172,29,16,Available,156
FAC005,MED0136,143,41,22,Available,121
FAC005,MED0137,144,25,14,Available,130
FAC005,MED0138,162,35,0,Available,162
FAC005,MED0139,176,10,27,Available,149
FAC005,MED0140,95,80,12,Available,83
FAC005,MED0141,48,37,25,Available,23
FAC005,MED0142,126,90,19,Available,107
FAC005,MED0143,118,76,19,Available,99
FAC005,MED0144,141,44,6,Available,135
FAC005,MED0145,107,35,16,Available,91
FAC005,MED0146,125,40,7,Available,118
FAC005,MED0147,110,20,8,Available,102
FAC005,MED0148,116,56,16,Available,100
FAC005,MED0149,115,57,15,Available,100
FAC005,MED0150,218,90,15,Available,203
FAC005,MED0151,167,27,6,Available,161
FAC005,MED0152,127,36,11,Available,116
FAC005,MED0153,145,80,12,Available,133
FAC005,MED0154,64,69,21,Low Stock,43
FAC005,MED0155,85,61,10,Available,75
FAC005,MED0156,103,64,0,Available,103
FAC005,MED0157,129,52,23,Available,106
FAC005,MED0158,136,66,20,Available,116
FAC005,MED0159,80,32,18,Available,62
FAC005,MED0160,124,20,16,Available,108
FAC005,MED0161,114,53,9,Available,105
FAC005,MED0162,94,42,16,Available,78
FAC005,MED0163,70,36,29,Available,41
FAC005,MED0164,186,90,8,Available,178
FAC005,MED0165,10,60,6,Low Stock,4
FAC005,MED0166,113,51,6,Available,107
FAC005,MED0167,199,54,11,Available,188
FAC005,MED0168,146,35,12,Available,134
FAC005,MED0169,17,63,16,Low Stock,1
FAC005,MED0170,137,17,14,Available,123
FAC005,MED0171,207,50,14,Available,193
FAC005,MED0172,115,19,15,Available,100
FAC005,MED0173,86,35,14,Available,72
FAC005,MED0174,218,39,6,Available,212
FAC005,MED0175,127,43,19,Available,108
FAC005,MED0176,120,58,10,Available,110
FAC005,MED0177,83,61,9,Available,74
FAC005,MED0178,124,69,25,Available,99
FAC005,MED0179,231,22,6,Available,225
FAC005,MED0180,119,44,5,Available,114
FAC005,MED0181,137,62,22,Available,115
FAC005,MED0182,105,28,19,Available,86
FAC005,MED0183,202,25,14,Available,188
FAC005,MED0184,169,65,6,Available,163
FAC005,MED0185,177,14,1,Available,176
FAC005,MED0186,167,45,13,Available,154
FAC005,MED0187,168,73,28,Available,140
FAC005,MED0188,111,38,22,Available,89
FAC005,MED0189,49,72,21,Low Stock,28
FAC005,MED0190,184,34,25,Available,159
FAC005,MED0191,122,57,11,Available,111
FAC005,MED0192,28,55,24,Low Stock,4
FAC005,MED0193,158,23,6,Available,152
FAC005,MED0194,211,31,9,Available,202
FAC005,MED0195,136,46,8,Available,128
FAC005,MED0196,69,16,16,Available,53
FAC005,MED0197,17,46,13,Low Stock,4
FAC005,MED0198,85,47,0,Available,85
FAC005,MED0199,55,10,16,Available,39
FAC005,MED0200,114,28,17,Available,97
