medicine_id,medicine_name,category,dosage_form,strength,vendor_id,unit_cost
MED0001,Respiratory Medicine 0001,Respiratory,Syrup,250mg,VND015,1832.13
MED0002,Dermatology Medicine 0002,Dermatology,Cream,20mg,VND019,257.14
MED0003,IV Fluid Medicine 0003,IV Fluid,Cream,100mg,VND008,1772.52
MED0004,Gastrointestinal Medicine 0004,Gastrointestinal,Cream,20mg,VND024,2082.45
MED0005,Gastrointestinal Medicine 0005,Gastrointestinal,Capsule,100mg,VND021,1546.76
MED0006,Surgical Medicine 0006,Surgical,IV,250mg,VND012,65.47
MED0007,IV Fluid Medicine 0007,IV Fluid,Injection,20mg,VND028,2434.6
MED0008,Antidiabetic Medicine 0008,Antidiabetic,Syrup,100mg,VND025,123.75
MED0009,Antidiabetic Medicine 0009,Antidiabetic,Drops,250mg,VND009,170.11
MED0010,Antihypertensive Medicine 0010,Antihypertensive,Tablet,100mg,VND014,2022.53
MED0011,Emergency Medicine 0011,Emergency,Capsule,250mg,VND002,1713.11
MED0012,Pediatric Medicine 0012,Pediatric,Drops,100mg,VND029,2084.32
MED0013,Antidiabetic Medicine 0013,Antidiabetic,IV,10mg,VND004,462.13
MED0014,Antihypertensive Medicine 0014,Antihypertensive,Capsule,500mg,VND006,526.19
MED0015,Antihypertensive Medicine 0015,Antihypertensive,IV,250mg,VND018,1939.63
MED0016,Analgesic Medicine 0016,Analgesic,Capsule,500mg,VND004,1497.97
MED0017,Vitamin Medicine 0017,Vitamin,IV,100mg,VND025,2403.24
MED0018,Cardiac Medicine 0018,Cardiac,Cream,20mg,VND015,2073.21
MED0019,Surgical Medicine 0019,Surgical,Tablet,100mg,VND028,1360.4
MED0020,Emergency Medicine 0020,Emergency,Cream,250mg,VND001,46.97
MED0021,Emergency Medicine 0021,Emergency,Tablet,100mg,VND008,21.76
MED0022,IV Fluid Medicine 0022,IV Fluid,Injection,10mg,VND008,1824.69
MED0023,Antibiotic Medicine 0023,Antibiotic,Injection,250mg,VND010,901.3
MED0024,Emergency Medicine 0024,Emergency,Syrup,10mg,VND008,1128.03
MED0025,Antibiotic Medicine 0025,Antibiotic,Drops,500mg,VND024,1667.48
MED0026,Pediatric Medicine 0026,Pediatric,IV,50mg,VND003,1184.76
MED0027,Cardiac Medicine 0027,Cardiac,Drops,500mg,VND003,1903.88
MED0028,Surgical Medicine 0028,Surgical,Drops,500mg,VND007,108.76
MED0029,Surgical Medicine 0029,Surgical,Capsule,100mg,VND013,510.68
MED0030,Respiratory Medicine 0030,Respiratory,Tablet,100mg,VND029,1275.36
MED0031,Cardiac Medicine 0031,Cardiac,Drops,250mg,VND015,1890.83
MED0032,Antihypertensive Medicine 0032,Antihypertensive,Cream,50mg,VND019,409.76
MED0033,Analgesic Medicine 0033,Analgesic,Capsule,250mg,VND030,1586.44
MED0034,Gastrointestinal Medicine 0034,Gastrointestinal,Syrup,100mg,VND012,472.93
MED0035,IV Fluid Medicine 0035,IV Fluid,Capsule,100mg,VND025,800.46
MED0036,Antibiotic Medicine 0036,Antibiotic,Tablet,10mg,VND027,1072.35
MED0037,Antihypertensive Medicine 0037,Antihypertensive,Cream,10mg,VND003,25.32
MED0038,Vitamin Medicine 0038,Vitamin,Injection,10mg,VND030,561.49
MED0039,Antidiabetic Medicine 0039,Antidiabetic,Capsule,100mg,VND024,2357.73
MED0040,Gastrointestinal Medicine 0040,Gastrointestinal,Tablet,100mg,VND017,169.71
MED0041,Surgical Medicine 0041,Surgical,Syrup,100mg,VND030,1743.19
MED0042,Antidiabetic Medicine 0042,Antidiabetic,Tablet,250mg,VND017,2494.37
MED0043,IV Fluid Medicine 0043,IV Fluid,Tablet,20mg,VND002,1032.3
MED0044,Respiratory Medicine 0044,Respiratory,Cream,10mg,VND001,604.99
MED0045,Analgesic Medicine 0045,Analgesic,Cream,100mg,VND026,2464.24
MED0046,Respiratory Medicine 0046,Respiratory,Syrup,50mg,VND024,600.19
MED0047,Gastrointestinal Medicine 0047,Gastrointestinal,Cream,100mg,VND002,1586.76
MED0048,IV Fluid Medicine 0048,IV Fluid,Drops,10mg,VND009,807.38
MED0049,Gastrointestinal Medicine 0049,Gastrointestinal,Cream,50mg,VND020,820.29
MED0050,Antihypertensive Medicine 0050,Antihypertensive,Injection,20mg,VND003,2025.28
MED0051,Antihypertensive Medicine 0051,Antihypertensive,Drops,100mg,VND009,1729.82
MED0052,Respiratory Medicine 0052,Respiratory,Capsule,10mg,VND011,857.94
MED0053,Emergency Medicine 0053,Emergency,Capsule,500mg,VND010,650.79
MED0054,Pediatric Medicine 0054,Pediatric,Capsule,10mg,VND020,1327.89
MED0055,Analgesic Medicine 0055,Analgesic,Tablet,500mg,VND012,1399.27
MED0056,IV Fluid Medicine 0056,IV Fluid,Drops,10mg,VND009,878.23
MED0057,Antidiabetic Medicine 0057,Antidiabetic,Syrup,500mg,VND024,2220.32
MED0058,Antihypertensive Medicine 0058,Antihypertensive,Injection,10mg,VND008,1965.07
MED0059,Vitamin Medicine 0059,Vitamin,Syrup,500mg,VND003,935.73
MED0060,Emergency Medicine 0060,Emergency,Injection,10mg,VND029,715.53
MED0061,Analgesic Medicine 0061,Analgesic,Capsule,500mg,VND003,1632.69
MED0062,Emergency Medicine 0062,Emergency,Syrup,10mg,VND004,599.22
MED0063,Cardiac Medicine 0063,Cardiac,Syrup,50mg,VND017,775.69
MED0064,Pediatric Medicine 0064,Pediatric,Injection,50mg,VND022,668.88
MED0065,Gastrointestinal Medicine 0065,Gastrointestinal,IV,250mg,VND019,2230.98
MED0066,IV Fluid Medicine 0066,IV Fluid,Injection,20mg,VND021,1260.57
MED0067,Pediatric Medicine 0067,Pediatric,Drops,10mg,VND005,581.62
MED0068,Antidiabetic Medicine 0068,Antidiabetic,Syrup,50mg,VND017,116.66
MED0069,Pediatric Medicine 0069,Pediatric,Syrup,500mg,VND029,704.66
MED0070,Gastrointestinal Medicine 0070,Gastrointestinal,Injection,100mg,VND009,2383.06
MED0071,Dermatology Medicine 0071,Dermatology,Tablet,500mg,VND021,1434.15
MED0072,Pediatric Medicine 0072,Pediatric,Tablet,100mg,VND029,967.66
MED0073,Respiratory Medicine 0073,Respiratory,Tablet,50mg,VND018,1395.55
MED0074,Gastrointestinal Medicine 0074,Gastrointestinal,Capsule,50mg,VND008,183.48
MED0075,Analgesic Medicine 0075,Analgesic,Drops,500mg,VND023,357.09
MED0076,IV Fluid Medicine 0076,IV Fluid,Capsule,20mg,VND026,1854.0
MED0077,Antibiotic Medicine 0077,Antibiotic,Tablet,50mg,VND022,903.85
MED0078,Dermatology Medicine 0078,Dermatology,Capsule,20mg,VND003,646.47
MED0079,Vitamin Medicine 0079,Vitamin,Cream,100mg,VND026,20.92
MED0080,Antihypertensive Medicine 0080,Antihypertensive,Cream,100mg,VND001,184.78
MED0081,Pediatric Medicine 0081,Pediatric,Injection,100mg,VND002,242.2
MED0082,Respiratory Medicine 0082,Respiratory,Drops,500mg,VND019,1168.27
MED0083,Dermatology Medicine 0083,Dermatology,IV,20mg,VND026,84.01
MED0084,Antihypertensive Medicine 0084,Antihypertensive,Capsule,500mg,VND015,905.6
MED0085,Pediatric Medicine 0085,Pediatric,Cream,10mg,VND008,1926.82
MED0086,Pediatric Medicine 0086,Pediatric,Syrup,250mg,VND007,220.69
MED0087,Dermatology Medicine 0087,Dermatology,Syrup,500mg,VND015,1751.18
MED0088,Vitamin Medicine 0088,Vitamin,Syrup,250mg,VND018,1294.62
MED0089,Antidiabetic Medicine 0089,Antidiabetic,Tablet,50mg,VND028,1862.15
MED0090,Surgical Medicine 0090,Surgical,Cream,20mg,VND021,209.54
MED0091,Emergency Medicine 0091,Emergency,Syrup,250mg,VND001,439.85
MED0092,Antibiotic Medicine 0092,Antibiotic,Drops,20mg,VND030,241.93
MED0093,Emergency Medicine 0093,Emergency,Cream,250mg,VND001,2387.52
MED0094,Respiratory Medicine 0094,Respiratory,Drops,250mg,VND022,1827.26
MED0095,Antidiabetic Medicine 0095,Antidiabetic,Syrup,20mg,VND016,403.35
MED0096,Gastrointestinal Medicine 0096,Gastrointestinal,Tablet,250mg,VND014,236.76
MED0097,Antibiotic Medicine 0097,Antibiotic,IV,500mg,VND030,1761.52
MED0098,Pediatric Medicine 0098,Pediatric,Capsule,20mg,VND016,2018.83
MED0099,Antihypertensive Medicine 0099,Antihypertensive,Tablet,500mg,VND030,1627.24
MED0100,Surgical Medicine 0100,Surgical,Capsule,500mg,VND005,2217.61
MED0101,Antihypertensive Medicine 0101,Antihypertensive,Drops,20mg,VND026,2334.12
MED0102,Antibiotic Medicine 0102,Antibiotic,Cream,250mg,VND004,1542.7
MED0103,Respiratory Medicine 0103,Respiratory,Capsule,10mg,VND028,1467.75
MED0104,IV Fluid Medicine 0104,IV Fluid,Syrup,100mg,VND018,1436.83
MED0105,Antibiotic Medicine 0105,Antibiotic,Tablet,250mg,VND019,2053.03
MED0106,Pediatric Medicine 0106,Pediatric,Injection,10mg,VND001,1631.5
MED0107,IV Fluid Medicine 0107,IV Fluid,Syrup,250mg,VND013,542.76
MED0108,Analgesic Medicine 0108,Analgesic,Cream,50mg,VND018,1710.05
MED0109,Antibiotic Medicine 0109,Antibiotic,Capsule,250mg,VND026,1706.58
MED0110,Analgesic Medicine 0110,Analgesic,Injection,10mg,VND007,302.47
MED0111,Cardiac Medicine 0111,Cardiac,Capsule,250mg,VND011,2194.66
MED0112,Antihypertensive Medicine 0112,Antihypertensive,Tablet,250mg,VND029,710.83
MED0113,Surgical Medicine 0113,Surgical,Cream,10mg,VND024,2018.63
MED0114,Antibiotic Medicine 0114,Antibiotic,Injection,100mg,VND018,631.04
MED0115,Vitamin Medicine 0115,Vitamin,Drops,500mg,VND005,602.58
MED0116,Respiratory Medicine 0116,Respiratory,Cream,10mg,VND003,264.98
MED0117,Antibiotic Medicine 0117,Antibiotic,Tablet,500mg,VND020,2067.53
MED0118,Gastrointestinal Medicine 0118,Gastrointestinal,Cream,50mg,VND019,977.89
MED0119,Pediatric Medicine 0119,Pediatric,Cream,10mg,VND019,235.49
MED0120,Respiratory Medicine 0120,Respiratory,Syrup,500mg,VND020,1437.01
MED0121,Cardiac Medicine 0121,Cardiac,Cream,50mg,VND012,827.03
MED0122,IV Fluid Medicine 0122,IV Fluid,Cream,100mg,VND021,1980.61
MED0123,Emergency Medicine 0123,Emergency,Drops,250mg,VND021,1240.1
MED0124,Respiratory Medicine 0124,Respiratory,IV,20mg,VND005,1844.69
MED0125,Dermatology Medicine 0125,Dermatology,Injection,50mg,VND018,2421.88
MED0126,Emergency Medicine 0126,Emergency,Capsule,20mg,VND012,2168.24
MED0127,Gastrointestinal Medicine 0127,Gastrointestinal,Drops,500mg,VND013,562.66
MED0128,Emergency Medicine 0128,Emergency,Capsule,50mg,VND026,373.34
MED0129,Dermatology Medicine 0129,Dermatology,Cream,500mg,VND019,1456.61
MED0130,Dermatology Medicine 0130,Dermatology,Tablet,500mg,VND020,597.82
MED0131,Respiratory Medicine 0131,Respiratory,Tablet,250mg,VND004,880.74
MED0132,Pediatric Medicine 0132,Pediatric,Drops,50mg,VND029,949.95
MED0133,Respiratory Medicine 0133,Respiratory,Injection,20mg,VND026,830.99
MED0134,Antidiabetic Medicine 0134,Antidiabetic,Cream,250mg,VND018,1175.9
MED0135,Surgical Medicine 0135,Surgical,Syrup,100mg,VND008,300.88
MED0136,Emergency Medicine 0136,Emergency,Drops,10mg,VND003,1461.75
MED0137,Emergency Medicine 0137,Emergency,Drops,100mg,VND017,214.57
MED0138,Antibiotic Medicine 0138,Antibiotic,IV,250mg,VND006,2006.86
MED0139,Dermatology Medicine 0139,Dermatology,Cream,250mg,VND015,2228.73
MED0140,Gastrointestinal Medicine 0140,Gastrointestinal,Cream,50mg,VND028,191.9
MED0141,Antidiabetic Medicine 0141,Antidiabetic,Injection,100mg,VND025,1311.56
MED0142,Emergency Medicine 0142,Emergency,Tablet,500mg,VND015,1140.72
MED0143,Cardiac Medicine 0143,Cardiac,IV,500mg,VND003,2253.69
MED0144,Emergency Medicine 0144,Emergency,Injection,100mg,VND010,2376.43
MED0145,Vitamin Medicine 0145,Vitamin,IV,100mg,VND024,1553.37
MED0146,Vitamin Medicine 0146,Vitamin,Capsule,100mg,VND004,1163.54
MED0147,Surgical Medicine 0147,Surgical,Syrup,20mg,VND028,201.71
MED0148,Emergency Medicine 0148,Emergency,Syrup,50mg,VND022,88.53
MED0149,Emergency Medicine 0149,Emergency,Tablet,250mg,VND020,1510.13
MED0150,Dermatology Medicine 0150,Dermatology,Cream,500mg,VND003,2057.76
MED0151,Analgesic Medicine 0151,Analgesic,Injection,250mg,VND015,2298.59
MED0152,Surgical Medicine 0152,Surgical,IV,20mg,VND027,120.68
MED0153,Respiratory Medicine 0153,Respiratory,Tablet,500mg,VND001,1205.08
MED0154,Antibiotic Medicine 0154,Antibiotic,Injection,250mg,VND026,957.18
MED0155,Gastrointestinal Medicine 0155,Gastrointestinal,Injection,50mg,VND017,2097.12
MED0156,Analgesic Medicine 0156,Analgesic,Tablet,50mg,VND001,42.07
MED0157,Respiratory Medicine 0157,Respiratory,IV,100mg,VND017,1339.59
MED0158,Cardiac Medicine 0158,Cardiac,IV,50mg,VND021,1466.19
MED0159,Cardiac Medicine 0159,Cardiac,Cream,20mg,VND010,949.6
MED0160,Cardiac Medicine 0160,Cardiac,IV,10mg,VND014,634.59
MED0161,Dermatology Medicine 0161,Dermatology,Cream,100mg,VND030,2196.53
MED0162,Vitamin Medicine 0162,Vitamin,Capsule,100mg,VND008,63.28
MED0163,Surgical Medicine 0163,Surgical,Capsule,500mg,VND022,2079.78
MED0164,Analgesic Medicine 0164,Analgesic,Syrup,10mg,VND022,2420.19
MED0165,IV Fluid Medicine 0165,IV Fluid,Tablet,10mg,VND016,1204.27
MED0166,Respiratory Medicine 0166,Respiratory,Drops,250mg,VND021,1601.29
MED0167,IV Fluid Medicine 0167,IV Fluid,Injection,500mg,VND028,2451.31
MED0168,Analgesic Medicine 0168,Analgesic,Capsule,20mg,VND030,1390.6
MED0169,Antidiabetic Medicine 0169,Antidiabetic,Drops,20mg,VND020,1372.24
MED0170,Antibiotic Medicine 0170,Antibiotic,Drops,100mg,VND030,1558.24
MED0171,Antidiabetic Medicine 0171,Antidiabetic,Tablet,250mg,VND029,374.51
MED0172,Vitamin Medicine 0172,Vitamin,Tablet,20mg,VND017,651.55
MED0173,Vitamin Medicine 0173,Vitamin,Cream,20mg,VND006,1235.6
MED0174,Dermatology Medicine 0174,Dermatology,IV,50mg,VND011,606.44
MED0175,Antidiabetic Medicine 0175,Antidiabetic,Drops,10mg,VND023,327.09
MED0176,IV Fluid Medicine 0176,IV Fluid,IV,100mg,VND008,1743.68
MED0177,Emergency Medicine 0177,Emergency,Injection,50mg,VND027,1671.55
MED0178,Analgesic Medicine 0178,Analgesic,Cream,20mg,VND019,109.84
MED0179,Cardiac Medicine 0179,Cardiac,Capsule,100mg,VND010,449.11
MED0180,Cardiac Medicine 0180,Cardiac,IV,10mg,VND005,1156.26
MED0181,IV Fluid Medicine 0181,IV Fluid,Capsule,50mg,VND010,3000.0
MED0182,Gastrointestinal Medicine 0182,Gastrointestinal,Cream,10mg,VND031,1869.29
MED0183,Pediatric Medicine 0183,Pediatric,Cream,10mg,VND025,2504.1
MED0184,Dermatology Medicine 0184,Dermatology,Capsule,50mg,VND004,795.57
MED0185,Gastrointestinal Medicine 0185,Gastrointestinal,IV,250mg,VND026,3000.0
MED0186,Respiratory Medicine 0186,Respiratory,Tablet,500mg,VND001,532.5
MED0187,Dermatology Medicine 0187,Dermatology,Injection,100mg,VND017,2589.03
MED0188,Surgical Medicine 0188,Surgical,Drops,50mg,VND021,560.05
MED0189,Vitamin Medicine 0189,Vitamin,Cream,500mg,VND025,1427.15
MED0190,Antidiabetic Medicine 0190,Antidiabetic,Cream,20mg,VND003,817.83
MED0191,IV Fluid Medicine 0191,IV Fluid,Tablet,100mg,VND030,3000.0
MED0192,Antibiotic Medicine 0192,Antibiotic,Cream,20mg,VND011,1190.8
MED0193,Pediatric Medicine 0193,Pediatric,Syrup,100mg,VND016,3000.0
MED0194,Antidiabetic Medicine 0194,Antidiabetic,Drops,20mg,VND024,1833.68
MED0195,Emergency Medicine 0195,Emergency,Capsule,100mg,VND018,2225.34
MED0196,Antidiabetic Medicine 0196,Antidiabetic,IV,10mg,VND037,1756.94
MED0197,Pediatric Medicine 0197,Pediatric,Syrup,50mg,VND017,492.07
MED0198,Antidiabetic Medicine 0198,Antidiabetic,Capsule,50mg,VND035,1495.87
MED0199,Analgesic Medicine 0199,Analgesic,Capsule,20mg,VND035,1893.6
MED0200,Analgesic Medicine 0200,Analgesic,Capsule,20mg,VND032,1643.8
