batch_id,facility_id,medicine_id,vendor_id,expiry_date,batch_quantity,unit_cost
BATCH01783,FAC002,MED0006,VND012,2026-08-11,295,65.47
BATCH03918,FAC004,MED0167,VND028,2025-08-08,361,2451.31
BATCH00222,FAC005,MED0020,VND001,2026-01-23,427,46.97
BATCH02136,FAC001,MED0066,VND021,2026-11-04,255,1260.57
BATCH05225,FAC005,MED0048,VND027,2021-08-07,413,807.38
BATCH01169,FAC003,MED0171,VND029,2025-04-17,357,374.51
BATCH00880,FAC002,MED0139,VND015,2025-06-28,71,2228.73
BATCH00157,FAC002,MED0135,VND008,2026-09-28,490,300.88
BATCH01658,FAC004,MED0078,VND003,2026-07-14,429,646.47
BATCH00324,FAC001,MED0154,VND026,2026-11-14,397,957.18
BATCH05303,FAC002,MED0174,VND038,2023-11-17,95,606.44
BATCH02612,FAC001,MED0165,VND016,2026-10-09,365,1204.27
BATCH00812,FAC004,MED0125,VND018,2026-04-24,285,2421.88
BATCH00394,FAC001,MED0164,VND022,2025-04-19,43,2420.19
BATCH03594,FAC001,MED0061,VND003,2026-12-29,266,1632.69
BATCH02639,FAC003,MED0030,VND029,2026-10-03,77,1275.36
BATCH02188,FAC002,MED0144,VND010,2025-05-30,363,2376.43
BATCH05352,FAC004,MED0047,VND004,2023-03-03,238,1586.76
BATCH00320,FAC002,MED0171,VND029,2025-11-30,487,374.51
BATCH00168,FAC002,MED0095,VND016,2026-11-11,120,403.35
BATCH00747,FAC004,MED0045,VND026,2025-11-14,350,2464.24
BATCH05471,FAC005,MED0034,VND016,2027-04-22,300,472.93
BATCH03708,FAC003,MED0049,VND020,2026-12-13,400,820.29
BATCH02765,FAC005,MED0021,VND008,2026-03-09,371,21.76
BATCH05113,FAC003,MED0191,VND008,2024-03-28,1,3000.0
BATCH04007,FAC004,MED0086,VND025,2023-04-24,369,220.69
BATCH01872,FAC003,MED0076,VND026,2025-07-20,237,1854.0
BATCH05757,FAC001,MED0010,VND004,2022-04-01,353,2022.53
BATCH03194,FAC005,MED0098,VND016,2025-03-13,336,2018.83
BATCH03755,FAC005,MED0124,VND005,2026-01-13,74,1844.69
BATCH05626,FAC001,MED0093,VND007,2026-11-22,463,2387.52
BATCH04895,FAC003,MED0060,VND022,2024-10-16,1,715.53
BATCH04103,FAC004,MED0192,VND011,2028-01-09,500,1190.8
BATCH01262,FAC002,MED0013,VND004,2025-07-24,301,462.13
BATCH02339,FAC002,MED0065,VND019,2025-02-08,468,2230.98
BATCH00085,FAC001,MED0153,VND001,2025-09-24,357,1205.08
BATCH03822,FAC005,MED0010,VND014,2025-06-13,130,2022.53
BATCH02654,FAC001,MED0056,VND009,2025-11-29,314,878.23
BATCH05546,FAC001,MED0126,VND007,2026-07-29,41,2168.24
BATCH02747,FAC003,MED0113,VND024,2026-03-07,287,2018.63
BATCH02859,FAC001,MED0100,VND005,2026-10-31,126,2217.61
BATCH00997,FAC003,MED0045,VND026,2025-07-24,382,2464.24
BATCH00229,FAC005,MED0044,VND001,2026-07-11,464,604.99
BATCH03265,FAC002,MED0111,VND011,2025-10-25,271,2194.66
BATCH04829,FAC001,MED0050,VND008,2027-04-03,357,2025.28
BATCH03943,FAC004,MED0153,VND001,2025-02-10,58,1205.08
BATCH05460,FAC005,MED0138,VND004,2021-07-12,177,2006.86
BATCH03833,FAC004,MED0127,VND013,2026-10-31,340,562.66
BATCH01653,FAC005,MED0049,VND020,2025-06-11,112,820.29
BATCH00080,FAC005,MED0116,VND003,2026-02-02,304,264.98
BATCH00965,FAC003,MED0026,VND003,2025-07-29,88,1184.76
BATCH00927,FAC005,MED0045,VND026,2025-07-16,398,2464.24
BATCH00795,FAC004,MED0170,VND030,2025-02-08,347,1558.24
BATCH03380,FAC003,MED0108,VND018,2026-11-15,45,1710.05
BATCH03165,FAC001,MED0141,VND025,2025-04-26,166,1311.56
BATCH04658,FAC001,MED0005,VND019,2021-11-25,376,1546.76
BATCH03312,FAC002,MED0118,VND019,2025-10-23,31,977.89
BATCH03935,FAC005,MED0082,VND019,2025-07-21,71,1168.27
BATCH01075,FAC005,MED0133,VND026,2026-02-09,147,830.99
BATCH04841,FAC001,MED0173,VND020,2022-07-12,431,1235.6
BATCH04184,FAC004,MED0141,VND004,2022-11-14,290,1311.56
BATCH02025,FAC005,MED0044,VND001,2025-09-05,144,604.99
BATCH05678,FAC003,MED0025,VND028,2024-12-03,282,1667.48
BATCH04635,FAC003,MED0057,VND039,2025-03-24,296,2220.32
BATCH01746,FAC003,MED0128,VND026,2025-03-17,281,373.34
BATCH03144,FAC001,MED0023,VND010,2025-04-06,357,901.3
BATCH03264,FAC002,MED0109,VND026,2025-05-26,48,1706.58
BATCH03122,FAC001,MED0116,VND003,2025-04-25,16,264.98
BATCH01452,FAC004,MED0031,VND015,2026-02-04,269,1890.83
BATCH00440,FAC001,MED0041,VND030,2025-12-09,424,1743.19
BATCH03317,FAC003,MED0040,VND017,2026-12-14,410,169.71
BATCH04544,FAC002,MED0035,VND031,2028-03-08,96,800.46
BATCH02982,FAC001,MED0069,VND029,2026-09-09,29,704.66
BATCH02081,FAC004,MED0022,VND008,2026-06-04,482,1824.69
BATCH04021,FAC004,MED0152,VND035,2026-07-07,342,120.68
BATCH01455,FAC004,MED0037,VND003,2026-12-31,261,25.32
BATCH00255,FAC002,MED0132,VND029,2025-07-02,354,949.95
BATCH00466,FAC003,MED0155,VND017,2025-02-16,235,2097.12
BATCH02118,FAC005,MED0057,VND024,2026-09-03,429,2220.32
BATCH00507,FAC002,MED0028,VND007,2026-09-01,18,108.76
BATCH04272,FAC004,MED0071,VND030,2028-11-28,331,1434.15
BATCH04289,FAC002,MED0102,VND037,2025-03-20,224,1542.7
BATCH04214,FAC005,MED0108,VND016,2028-01-27,333,1710.05
BATCH00234,FAC004,MED0019,VND028,2025-04-13,494,1360.4
BATCH00554,FAC005,MED0033,VND030,2026-10-30,326,1586.44
BATCH05315,FAC005,MED0051,VND039,2024-05-18,342,1729.82
BATCH00545,FAC005,MED0031,VND015,2025-10-01,121,1890.83
BATCH03701,FAC001,MED0069,VND029,2025-07-09,411,704.66
BATCH03541,FAC004,MED0071,VND021,2025-05-09,187,1434.15
BATCH02789,FAC002,MED0075,VND023,2026-08-11,293,357.09
BATCH02865,FAC003,MED0030,VND029,2025-09-01,452,1275.36
BATCH02084,FAC002,MED0176,VND008,2026-11-24,337,1743.68
BATCH05543,FAC001,MED0072,VND003,2028-11-10,36,967.66
BATCH00309,FAC001,MED0092,VND030,2025-04-08,89,241.93
BATCH00711,FAC002,MED0164,VND022,2025-08-10,289,2420.19
BATCH04104,FAC001,MED0006,VND030,2023-11-13,197,65.47
BATCH01581,FAC005,MED0032,VND019,2026-03-04,138,409.76
BATCH01311,FAC003,MED0069,VND029,2025-10-27,35,704.66
BATCH00626,FAC001,MED0057,VND024,2026-05-06,177,2220.32
BATCH00024,FAC005,MED0094,VND022,2026-03-27,86,1827.26
BATCH02532,FAC001,MED0081,VND002,2026-09-05,458,242.2
BATCH01871,FAC003,MED0026,VND003,2025-10-25,367,1184.76
BATCH05111,FAC003,MED0013,VND008,2021-11-09,218,462.13
BATCH03489,FAC004,MED0154,VND026,2025-09-13,374,957.18
BATCH01171,FAC004,MED0131,VND004,2026-08-14,381,880.74
BATCH04746,FAC001,MED0124,VND014,2024-11-01,1,1844.69
BATCH02119,FAC002,MED0113,VND024,2026-08-02,400,2018.63
BATCH03019,FAC001,MED0104,VND018,2026-10-11,161,1436.83
BATCH01195,FAC005,MED0005,VND021,2026-01-17,337,1546.76
BATCH02246,FAC002,MED0004,VND024,2025-07-28,365,2082.45
BATCH02874,FAC004,MED0164,VND022,2026-03-25,244,2420.19
BATCH05640,FAC001,MED0184,VND012,2022-01-11,249,795.57
BATCH02550,FAC003,MED0157,VND017,2025-06-26,350,1339.59
BATCH03155,FAC001,MED0030,VND029,2025-07-28,428,1275.36
BATCH00094,FAC002,MED0145,VND024,2026-11-18,278,1553.37
BATCH02078,FAC004,MED0108,VND018,2025-12-13,143,1710.05
BATCH00470,FAC002,MED0139,VND015,2025-12-05,396,2228.73
BATCH00788,FAC005,MED0014,VND006,2026-08-02,469,526.19
BATCH01700,FAC004,MED0157,VND017,2025-06-25,34,1339.59
BATCH01838,FAC001,MED0133,VND026,2025-02-05,361,830.99
BATCH03064,FAC002,MED0154,VND026,2026-04-06,85,957.18
BATCH01707,FAC003,MED0059,VND003,2025-10-21,326,935.73
BATCH03968,FAC004,MED0013,VND004,2026-03-22,287,462.13
BATCH03863,FAC001,MED0148,VND022,2026-03-14,32,88.53
BATCH03665,FAC002,MED0073,VND018,2026-11-28,65,1395.55
BATCH05892,FAC001,MED0057,VND037,2028-05-07,352,2220.32
BATCH03205,FAC005,MED0013,VND004,2026-07-07,93,462.13
BATCH00605,FAC004,MED0082,VND019,2025-03-23,123,1168.27
BATCH04943,FAC001,MED0072,VND029,2025-12-23,50,967.66
BATCH01551,FAC004,MED0170,VND030,2026-01-24,149,1558.24
BATCH04709,FAC004,MED0189,VND029,2024-05-18,350,1427.15
BATCH04835,FAC001,MED0033,VND001,2025-06-09,373,1586.44
BATCH03186,FAC005,MED0057,VND024,2026-11-20,59,2220.32
BATCH04387,FAC003,MED0142,VND007,2028-04-17,112,1140.72
BATCH01587,FAC002,MED0122,VND021,2025-07-15,403,1980.61
BATCH03120,FAC001,MED0136,VND003,2025-10-22,34,1461.75
BATCH03400,FAC004,MED0073,VND018,2025-11-08,329,1395.55
BATCH00402,FAC005,MED0091,VND001,2025-12-03,372,439.85
BATCH00032,FAC001,MED0111,VND011,2026-02-24,397,2194.66
BATCH01484,FAC002,MED0042,VND017,2026-05-13,24,2494.37
BATCH02681,FAC002,MED0049,VND020,2026-05-07,342,820.29
BATCH00600,FAC004,MED0138,VND006,2025-02-22,139,2006.86
BATCH03150,FAC004,MED0094,VND022,2025-02-12,435,1827.26
BATCH05545,FAC005,MED0161,VND035,2026-12-01,200,2196.53
BATCH01861,FAC002,MED0044,VND001,2026-05-11,287,604.99
BATCH00566,FAC002,MED0132,VND029,2025-04-13,4,949.95
BATCH02214,FAC004,MED0083,VND026,2025-10-20,378,84.01
BATCH01967,FAC001,MED0080,VND001,2025-04-01,363,184.78
BATCH00866,FAC001,MED0074,VND008,2025-04-18,321,183.48
BATCH04608,FAC002,MED0082,VND015,2026-08-26,481,1168.27
BATCH02451,FAC001,MED0139,VND015,2026-10-05,248,2228.73
BATCH05693,FAC002,MED0136,VND019,2023-05-18,90,1461.75
BATCH00813,FAC003,MED0033,VND030,2026-11-09,334,1586.44
BATCH01478,FAC003,MED0086,VND007,2026-10-28,129,220.69
BATCH04735,FAC003,MED0026,VND031,2023-12-19,297,1184.76
BATCH02272,FAC002,MED0050,VND003,2025-06-22,370,2025.28
BATCH01039,FAC001,MED0146,VND004,2026-12-27,214,1163.54
BATCH04527,FAC001,MED0174,VND030,2023-12-04,351,606.44
BATCH00081,FAC004,MED0055,VND012,2025-09-07,300,1399.27
BATCH01205,FAC003,MED0050,VND003,2025-06-08,315,2025.28
BATCH03286,FAC005,MED0059,VND003,2026-12-03,323,935.73
BATCH01546,FAC003,MED0050,VND003,2025-08-20,422,2025.28
BATCH00178,FAC004,MED0092,VND030,2026-04-03,139,241.93
BATCH02586,FAC001,MED0122,VND021,2026-10-27,9,1980.61
BATCH05993,FAC004,MED0056,VND039,2028-03-08,500,878.23
BATCH04864,FAC005,MED0181,VND016,2026-08-13,1,3000.0
BATCH01439,FAC003,MED0111,VND011,2026-08-18,486,2194.66
BATCH00297,FAC004,MED0120,VND020,2025-10-09,407,1437.01
BATCH03616,FAC002,MED0093,VND001,2026-10-24,23,2387.52
BATCH03648,FAC004,MED0089,VND028,2026-02-11,471,1862.15
BATCH00158,FAC003,MED0113,VND024,2026-03-23,482,2018.63
BATCH01028,FAC003,MED0128,VND026,2026-09-26,246,373.34
BATCH00411,FAC003,MED0134,VND018,2026-08-19,355,1175.9
BATCH03959,FAC001,MED0013,VND004,2026-09-30,128,462.13
BATCH05938,FAC001,MED0042,VND028,2023-05-17,28,2494.37
BATCH04957,FAC003,MED0117,VND022,2021-06-26,241,2067.53
BATCH04757,FAC004,MED0160,VND015,2021-12-13,266,634.59
BATCH05448,FAC005,MED0146,VND033,2021-09-14,190,1163.54
BATCH02182,FAC003,MED0053,VND010,2025-10-23,313,650.79
BATCH05809,FAC002,MED0164,VND020,2023-08-04,277,2420.19
BATCH00811,FAC004,MED0042,VND017,2026-01-23,2,2494.37
BATCH04916,FAC002,MED0091,VND010,2028-10-05,127,439.85
BATCH04954,FAC004,MED0065,VND018,2024-11-21,393,2230.98
BATCH03734,FAC004,MED0157,VND017,2025-02-16,245,1339.59
BATCH05164,FAC004,MED0174,VND030,2024-05-01,156,606.44
BATCH02978,FAC004,MED0031,VND015,2026-05-10,32,1890.83
BATCH03796,FAC005,MED0152,VND027,2026-08-10,480,120.68
BATCH02169,FAC002,MED0041,VND030,2026-06-12,231,1743.19
BATCH03078,FAC003,MED0001,VND015,2026-09-15,165,1832.13
BATCH01695,FAC001,MED0148,VND022,2026-07-28,409,88.53
BATCH01025,FAC001,MED0026,VND003,2026-06-05,446,1184.76
BATCH03947,FAC004,MED0029,VND013,2025-10-19,384,510.68
BATCH02125,FAC003,MED0125,VND018,2026-02-17,72,2421.88
BATCH05295,FAC004,MED0089,VND014,2023-11-25,10,1862.15
BATCH02705,FAC004,MED0006,VND012,2026-04-27,279,65.47
BATCH01034,FAC004,MED0086,VND007,2025-08-06,421,220.69
BATCH05872,FAC001,MED0168,VND006,2028-05-30,136,1390.6
BATCH05365,FAC001,MED0083,VND002,2021-11-22,171,84.01
BATCH04160,FAC001,MED0199,VND019,2026-12-03,1,1893.6
BATCH01701,FAC001,MED0033,VND030,2026-05-01,250,1586.44
BATCH02914,FAC003,MED0053,VND010,2026-08-31,25,650.79
BATCH04879,FAC005,MED0073,VND010,2027-04-29,289,1395.55
BATCH03321,FAC004,MED0051,VND009,2026-04-18,129,1729.82
BATCH05027,FAC001,MED0197,VND012,2026-05-18,174,492.07
BATCH02583,FAC003,MED0157,VND017,2025-11-23,152,1339.59
BATCH05284,FAC001,MED0056,VND012,2026-01-26,225,878.23
BATCH04251,FAC004,MED0144,VND029,2021-09-17,466,2376.43
BATCH01187,FAC002,MED0116,VND003,2025-04-02,190,264.98
BATCH03738,FAC002,MED0094,VND022,2025-03-30,436,1827.26
BATCH00784,FAC001,MED0080,VND001,2026-01-24,259,184.78
BATCH04403,FAC003,MED0067,VND016,2022-05-01,1,581.62
BATCH00051,FAC005,MED0006,VND012,2025-08-11,38,65.47
BATCH00713,FAC001,MED0011,VND002,2026-11-14,222,1713.11
BATCH02307,FAC005,MED0139,VND015,2025-06-28,227,2228.73
BATCH03868,FAC001,MED0070,VND009,2025-04-09,253,2383.06
BATCH02447,FAC004,MED0048,VND009,2025-09-05,418,807.38
BATCH02241,FAC002,MED0176,VND008,2025-04-20,186,1743.68
BATCH04604,FAC005,MED0198,VND022,2022-01-15,139,1495.87
BATCH04791,FAC005,MED0128,VND006,2025-08-30,101,373.34
BATCH03104,FAC002,MED0046,VND024,2025-11-20,248,600.19
BATCH05567,FAC005,MED0035,VND002,2021-11-06,380,800.46
BATCH00677,FAC001,MED0147,VND028,2025-08-15,354,201.71
BATCH05557,FAC005,MED0117,VND014,2026-06-20,223,2067.53
BATCH03640,FAC001,MED0049,VND020,2025-04-19,298,820.29
BATCH02695,FAC001,MED0115,VND005,2026-01-26,113,602.58
BATCH02996,FAC001,MED0055,VND012,2025-10-30,358,1399.27
BATCH01563,FAC002,MED0157,VND017,2026-12-16,117,1339.59
BATCH03650,FAC002,MED0120,VND020,2026-01-12,320,1437.01
BATCH02466,FAC001,MED0095,VND016,2026-01-13,80,403.35
BATCH00347,FAC004,MED0048,VND009,2026-07-11,163,807.38
BATCH01497,FAC005,MED0121,VND012,2025-02-22,382,827.03
BATCH02345,FAC005,MED0010,VND014,2026-12-14,197,2022.53
BATCH03906,FAC004,MED0142,VND015,2026-01-18,100,1140.72
BATCH03659,FAC004,MED0006,VND012,2025-06-27,390,65.47
BATCH00623,FAC004,MED0156,VND001,2026-09-11,320,42.07
BATCH04097,FAC002,MED0199,VND018,2021-09-01,389,1893.6
BATCH01401,FAC002,MED0127,VND013,2025-12-14,79,562.66
BATCH03298,FAC002,MED0139,VND015,2026-06-10,271,2228.73
BATCH03986,FAC001,MED0125,VND018,2025-03-27,428,2421.88
BATCH05182,FAC005,MED0132,VND007,2026-06-09,190,949.95
BATCH04618,FAC001,MED0077,VND039,2026-10-27,304,903.85
BATCH00325,FAC001,MED0002,VND019,2026-07-18,271,257.14
BATCH02998,FAC002,MED0093,VND001,2025-04-28,241,2387.52
BATCH00038,FAC001,MED0099,VND030,2025-07-31,148,1627.24
BATCH05375,FAC003,MED0063,VND005,2026-02-22,487,775.69
BATCH04185,FAC004,MED0196,VND019,2026-10-02,408,1756.94
BATCH00531,FAC004,MED0145,VND024,2025-11-28,452,1553.37
BATCH02643,FAC003,MED0010,VND014,2025-06-26,267,2022.53
BATCH03681,FAC001,MED0113,VND024,2025-11-14,485,2018.63
BATCH02349,FAC002,MED0056,VND009,2026-08-27,370,878.23
BATCH02785,FAC004,MED0032,VND019,2026-12-18,132,409.76
BATCH05493,FAC002,MED0096,VND036,2026-08-05,1,236.76
BATCH02226,FAC004,MED0110,VND007,2026-10-14,252,302.47
BATCH01074,FAC003,MED0012,VND029,2026-12-21,465,2084.32
BATCH01198,FAC001,MED0095,VND016,2025-09-12,442,403.35
BATCH05139,FAC002,MED0111,VND002,2021-12-03,267,2194.66
BATCH00264,FAC001,MED0086,VND007,2025-10-12,497,220.69
BATCH01730,FAC003,MED0111,VND011,2025-09-03,347,2194.66
BATCH05329,FAC004,MED0039,VND014,2026-04-07,419,2357.73
BATCH00908,FAC002,MED0082,VND019,2026-05-23,167,1168.27
BATCH01336,FAC001,MED0123,VND021,2025-08-26,394,1240.1
BATCH01394,FAC002,MED0048,VND009,2026-02-13,250,807.38
BATCH00961,FAC005,MED0044,VND001,2026-10-16,50,604.99
BATCH00240,FAC002,MED0083,VND026,2026-11-07,446,84.01
BATCH00200,FAC005,MED0176,VND008,2025-12-02,341,1743.68
BATCH02418,FAC005,MED0179,VND010,2026-06-19,460,449.11
BATCH05470,FAC002,MED0191,VND011,2024-09-13,1,3000.0
BATCH04311,FAC002,MED0164,VND004,2022-04-30,302,2420.19
BATCH04715,FAC001,MED0186,VND021,2023-12-11,378,532.5
BATCH05791,FAC003,MED0177,VND034,2021-06-16,328,1671.55
BATCH00326,FAC002,MED0127,VND013,2026-06-24,36,562.66
BATCH02678,FAC004,MED0104,VND018,2025-10-01,482,1436.83
BATCH05824,FAC001,MED0091,VND030,2024-08-19,238,439.85
BATCH04419,FAC004,MED0197,VND037,2021-10-08,265,492.07
BATCH00102,FAC004,MED0043,VND002,2025-05-10,76,1032.3
BATCH01738,FAC001,MED0104,VND018,2025-03-13,244,1436.83
BATCH05262,FAC001,MED0054,VND029,2026-11-16,176,1327.89
BATCH00878,FAC001,MED0022,VND008,2025-06-13,77,1824.69
BATCH05893,FAC004,MED0080,VND006,2027-07-31,276,184.78
BATCH00409,FAC005,MED0056,VND009,2025-06-27,281,878.23
BATCH03746,FAC003,MED0083,VND026,2025-09-19,156,84.01
BATCH01245,FAC002,MED0020,VND001,2026-01-16,360,46.97
BATCH02288,FAC004,MED0126,VND012,2026-04-24,140,2168.24
BATCH01355,FAC003,MED0047,VND002,2026-06-28,128,1586.76
BATCH02858,FAC005,MED0037,VND003,2025-08-04,204,25.32
BATCH00894,FAC003,MED0022,VND008,2026-10-29,118,1824.69
BATCH01182,FAC005,MED0151,VND015,2026-04-13,133,2298.59
BATCH04656,FAC005,MED0146,VND026,2028-07-28,248,1163.54
BATCH05323,FAC003,MED0023,VND032,2027-02-08,237,901.3
BATCH03699,FAC002,MED0079,VND026,2026-01-30,327,20.92
BATCH04467,FAC004,MED0041,VND016,2026-08-13,142,1743.19
BATCH04326,FAC005,MED0076,VND012,2022-01-02,1,1854.0
BATCH00731,FAC003,MED0125,VND018,2026-07-21,69,2421.88
BATCH01033,FAC005,MED0023,VND010,2025-09-09,226,901.3
BATCH03067,FAC001,MED0133,VND026,2025-04-03,335,830.99
BATCH05659,FAC004,MED0019,VND030,2023-03-08,295,1360.4
BATCH04897,FAC002,MED0049,VND033,2028-01-19,433,820.29
BATCH00978,FAC003,MED0014,VND006,2025-04-10,74,526.19
BATCH04970,FAC002,MED0019,VND020,2026-03-18,199,1360.4
BATCH02623,FAC001,MED0047,VND002,2026-01-28,288,1586.76
BATCH01226,FAC004,MED0125,VND018,2026-03-27,12,2421.88
BATCH01210,FAC004,MED0175,VND023,2025-10-02,492,327.09
BATCH05481,FAC003,MED0084,VND036,2023-06-09,334,905.6
BATCH00587,FAC005,MED0104,VND018,2025-11-28,453,1436.83
BATCH05455,FAC005,MED0118,VND040,2027-07-08,184,977.89
BATCH02821,FAC003,MED0115,VND005,2026-11-25,114,602.58
BATCH05756,FAC003,MED0188,VND028,2024-06-13,52,560.05
BATCH02719,FAC004,MED0012,VND029,2025-08-21,389,2084.32
BATCH05625,FAC004,MED0071,VND005,2027-01-24,81,1434.15
BATCH01761,FAC003,MED0115,VND005,2025-05-22,346,602.58
BATCH03050,FAC003,MED0022,VND008,2026-08-07,129,1824.69
BATCH01870,FAC004,MED0042,VND017,2025-08-28,333,2494.37
BATCH01545,FAC005,MED0180,VND005,2026-09-10,354,1156.26
BATCH00473,FAC003,MED0142,VND015,2026-01-30,125,1140.72
BATCH05240,FAC002,MED0104,VND012,2027-04-30,110,1436.83
BATCH01159,FAC005,MED0097,VND030,2025-03-18,498,1761.52
BATCH00133,FAC001,MED0110,VND007,2025-04-05,29,302.47
BATCH01537,FAC001,MED0073,VND018,2026-12-21,47,1395.55
BATCH02489,FAC002,MED0002,VND019,2025-05-02,209,257.14
BATCH01633,FAC002,MED0172,VND017,2025-04-07,138,651.55
BATCH01322,FAC003,MED0029,VND013,2026-08-15,191,510.68
BATCH05428,FAC004,MED0050,VND023,2022-04-07,214,2025.28
BATCH01189,FAC001,MED0103,VND028,2026-05-10,46,1467.75
BATCH04379,FAC002,MED0087,VND006,2028-07-19,194,1751.18
BATCH03972,FAC003,MED0096,VND014,2025-08-11,435,236.76
BATCH04817,FAC003,MED0112,VND004,2021-10-14,319,710.83
BATCH00682,FAC003,MED0133,VND026,2026-11-29,267,830.99
BATCH01778,FAC001,MED0118,VND019,2026-12-25,426,977.89
BATCH04406,FAC005,MED0101,VND015,2022-04-25,387,2334.12
BATCH04601,FAC004,MED0128,VND036,2025-05-17,328,373.34
BATCH04563,FAC005,MED0113,VND014,2023-08-28,204,2018.63
BATCH02903,FAC004,MED0116,VND003,2025-07-02,351,264.98
BATCH05687,FAC002,MED0072,VND015,2023-05-10,138,967.66
BATCH03552,FAC004,MED0026,VND003,2025-11-18,355,1184.76
BATCH05643,FAC002,MED0082,VND031,2025-03-14,389,1168.27
BATCH01375,FAC003,MED0082,VND019,2026-10-18,62,1168.27
BATCH01946,FAC002,MED0103,VND028,2025-04-28,343,1467.75
BATCH00169,FAC005,MED0136,VND003,2026-04-15,287,1461.75
BATCH04072,FAC001,MED0175,VND012,2028-12-17,417,327.09
BATCH04748,FAC002,MED0039,VND035,2024-03-07,286,2357.73
BATCH00502,FAC002,MED0106,VND001,2025-04-09,90,1631.5
BATCH01804,FAC003,MED0101,VND026,2026-10-25,103,2334.12
BATCH00882,FAC001,MED0031,VND015,2026-03-14,343,1890.83
BATCH00707,FAC001,MED0103,VND028,2026-03-09,371,1467.75
BATCH03367,FAC001,MED0006,VND012,2025-08-16,52,65.47
BATCH02324,FAC004,MED0107,VND013,2025-08-11,261,542.76
BATCH02894,FAC003,MED0117,VND020,2026-07-09,219,2067.53
BATCH03817,FAC002,MED0024,VND008,2026-03-24,44,1128.03
BATCH02560,FAC002,MED0178,VND019,2025-08-20,248,109.84
BATCH00231,FAC002,MED0045,VND026,2025-11-25,417,2464.24
BATCH05092,FAC004,MED0134,VND024,2027-05-26,168,1175.9
BATCH01555,FAC001,MED0142,VND015,2026-05-21,71,1140.72
BATCH04240,FAC002,MED0062,VND030,2024-11-27,130,599.22
BATCH05095,FAC001,MED0006,VND019,2028-06-09,377,65.47
BATCH04787,FAC005,MED0039,VND033,2026-06-11,4,2357.73
BATCH03602,FAC004,MED0113,VND024,2025-02-24,377,2018.63
BATCH05218,FAC005,MED0026,VND007,2022-10-16,91,1184.76
BATCH05076,FAC004,MED0162,VND004,2023-05-06,280,63.28
BATCH00018,FAC003,MED0071,VND021,2025-05-20,431,1434.15
BATCH05176,FAC004,MED0152,VND012,2024-03-13,399,120.68
BATCH02869,FAC002,MED0097,VND030,2025-05-23,316,1761.52
BATCH01655,FAC003,MED0127,VND013,2025-04-03,259,562.66
BATCH01130,FAC003,MED0028,VND007,2025-07-23,375,108.76
BATCH02330,FAC004,MED0049,VND020,2026-07-12,209,820.29
BATCH01091,FAC001,MED0099,VND030,2025-12-21,323,1627.24
BATCH05604,FAC004,MED0148,VND008,2021-06-06,472,88.53
BATCH04459,FAC004,MED0145,VND017,2026-03-29,296,1553.37
BATCH01499,FAC001,MED0087,VND015,2026-08-21,206,1751.18
BATCH03034,FAC002,MED0175,VND023,2026-01-03,37,327.09
BATCH01882,FAC004,MED0127,VND013,2026-08-30,357,562.66
BATCH02663,FAC003,MED0049,VND020,2025-04-03,417,820.29
BATCH05114,FAC002,MED0002,VND003,2026-04-03,382,257.14
BATCH03414,FAC001,MED0174,VND011,2026-10-08,443,606.44
BATCH00697,FAC001,MED0124,VND005,2026-06-18,87,1844.69
BATCH04424,FAC005,MED0105,VND025,2024-04-22,249,2053.03
BATCH03485,FAC005,MED0080,VND001,2025-10-12,238,184.78
BATCH00536,FAC001,MED0148,VND022,2026-06-22,383,88.53
BATCH02628,FAC002,MED0042,VND017,2025-02-20,439,2494.37
BATCH03164,FAC004,MED0124,VND005,2026-02-19,375,1844.69
BATCH03493,FAC002,MED0134,VND018,2025-12-06,43,1175.9
BATCH03654,FAC005,MED0035,VND025,2026-03-31,66,800.46
BATCH02595,FAC005,MED0089,VND028,2025-01-31,496,1862.15
BATCH05718,FAC003,MED0034,VND007,2023-03-09,221,472.93
BATCH05511,FAC003,MED0144,VND013,2025-10-15,279,2376.43
BATCH01048,FAC001,MED0013,VND004,2025-06-22,98,462.13
BATCH05685,FAC001,MED0110,VND038,2021-11-24,116,302.47
BATCH05019,FAC001,MED0188,VND038,2024-08-07,391,560.05
BATCH00015,FAC002,MED0012,VND029,2025-04-20,17,2084.32
BATCH03743,FAC003,MED0005,VND021,2026-09-19,237,1546.76
BATCH04308,FAC003,MED0055,VND014,2024-02-02,115,1399.27
BATCH05874,FAC004,MED0136,VND030,2026-09-12,500,1461.75
BATCH02348,FAC003,MED0180,VND005,2025-03-09,119,1156.26
BATCH05691,FAC004,MED0127,VND012,2022-04-05,7,562.66
BATCH01565,FAC002,MED0086,VND007,2025-02-15,436,220.69
BATCH05620,FAC001,MED0115,VND026,2028-09-01,164,602.58
BATCH01865,FAC001,MED0121,VND012,2025-03-17,162,827.03
BATCH03095,FAC003,MED0001,VND015,2025-04-17,482,1832.13
BATCH00066,FAC003,MED0082,VND019,2025-03-12,205,1168.27
BATCH03404,FAC005,MED0038,VND030,2026-03-17,329,561.49
BATCH05410,FAC005,MED0068,VND037,2023-03-12,215,116.66
BATCH05855,FAC005,MED0181,VND009,2025-11-12,246,3000.0
BATCH02411,FAC004,MED0082,VND019,2025-05-08,151,1168.27
BATCH05770,FAC005,MED0070,VND021,2024-11-24,315,2383.06
BATCH02842,FAC004,MED0147,VND028,2025-08-06,62,201.71
BATCH02009,FAC004,MED0112,VND029,2025-10-15,21,710.83
BATCH01273,FAC001,MED0071,VND021,2026-02-03,278,1434.15
BATCH04946,FAC001,MED0117,VND028,2028-02-19,88,2067.53
BATCH01895,FAC004,MED0055,VND012,2026-08-22,88,1399.27
BATCH04318,FAC001,MED0087,VND004,2025-10-08,209,1751.18
BATCH01972,FAC001,MED0145,VND024,2025-06-23,236,1553.37
BATCH04096,FAC001,MED0154,VND016,2025-11-01,374,957.18
BATCH00089,FAC002,MED0050,VND003,2026-01-10,133,2025.28
BATCH03091,FAC004,MED0122,VND021,2026-07-15,157,1980.61
BATCH04884,FAC003,MED0094,VND026,2023-04-21,121,1827.26
BATCH01500,FAC005,MED0129,VND019,2026-11-27,207,1456.61
BATCH02900,FAC001,MED0144,VND010,2025-06-21,290,2376.43
BATCH01408,FAC004,MED0013,VND004,2025-07-20,23,462.13
BATCH03460,FAC002,MED0013,VND004,2026-04-20,139,462.13
BATCH03671,FAC005,MED0106,VND001,2025-02-11,162,1631.5
BATCH04699,FAC005,MED0136,VND017,2022-01-04,152,1461.75
BATCH05778,FAC005,MED0058,VND005,2026-07-01,442,1965.07
BATCH04504,FAC005,MED0078,VND014,2021-08-01,1,646.47
BATCH00764,FAC001,MED0128,VND026,2026-07-27,226,373.34
BATCH01663,FAC002,MED0030,VND029,2026-10-19,261,1275.36
BATCH00421,FAC002,MED0054,VND020,2025-12-28,341,1327.89
BATCH03015,FAC002,MED0110,VND007,2025-03-08,74,302.47
BATCH02585,FAC003,MED0152,VND027,2025-06-15,123,120.68
BATCH00374,FAC004,MED0031,VND015,2025-12-26,216,1890.83
BATCH05032,FAC004,MED0199,VND009,2028-07-08,202,1893.6
BATCH04535,FAC005,MED0168,VND033,2024-10-12,250,1390.6
BATCH02374,FAC003,MED0004,VND024,2026-06-16,494,2082.45
BATCH02768,FAC001,MED0123,VND021,2026-03-05,29,1240.1
BATCH03362,FAC004,MED0089,VND028,2026-06-24,255,1862.15
BATCH01833,FAC004,MED0029,VND013,2025-07-01,496,510.68
BATCH01621,FAC003,MED0155,VND017,2025-08-13,326,2097.12
BATCH03276,FAC005,MED0099,VND030,2026-03-21,40,1627.24
BATCH00539,FAC004,MED0118,VND019,2025-07-02,418,977.89
BATCH03551,FAC003,MED0066,VND021,2025-10-01,218,1260.57
BATCH00756,FAC005,MED0133,VND026,2026-08-14,48,830.99
BATCH03607,FAC004,MED0131,VND004,2025-10-05,78,880.74
BATCH00535,FAC003,MED0055,VND012,2026-07-29,223,1399.27
BATCH01449,FAC004,MED0143,VND003,2026-01-05,476,2253.69
BATCH00916,FAC004,MED0088,VND018,2026-02-20,135,1294.62
BATCH03128,FAC004,MED0138,VND006,2026-10-05,457,2006.86
BATCH04940,FAC004,MED0129,VND024,2028-05-12,443,1456.61
BATCH05418,FAC004,MED0035,VND029,2026-09-14,167,800.46
BATCH00182,FAC001,MED0086,VND007,2025-11-17,267,220.69
BATCH01770,FAC001,MED0133,VND026,2025-11-13,305,830.99
BATCH04610,FAC001,MED0120,VND033,2022-12-24,378,1437.01
BATCH02830,FAC004,MED0059,VND003,2025-12-12,160,935.73
BATCH03314,FAC001,MED0017,VND025,2026-08-22,500,2403.24
BATCH05458,FAC003,MED0188,VND014,2027-04-15,279,560.05
BATCH01193,FAC005,MED0170,VND030,2025-03-23,428,1558.24
BATCH04082,FAC002,MED0144,VND033,2028-05-09,500,2376.43
BATCH02128,FAC004,MED0053,VND010,2026-04-25,494,650.79
BATCH05396,FAC005,MED0040,VND031,2024-10-06,407,169.71
BATCH00477,FAC003,MED0029,VND013,2026-06-22,272,510.68
BATCH04921,FAC005,MED0021,VND018,2026-03-22,336,21.76
BATCH01324,FAC003,MED0105,VND019,2026-07-18,315,2053.03
BATCH00260,FAC004,MED0072,VND029,2025-11-03,472,967.66
BATCH00280,FAC003,MED0059,VND003,2025-08-01,194,935.73
BATCH00562,FAC001,MED0003,VND008,2026-01-20,230,1772.52
BATCH04285,FAC001,MED0139,VND021,2022-06-12,103,2228.73
BATCH00199,FAC004,MED0139,VND015,2026-10-24,342,2228.73
BATCH03930,FAC004,MED0018,VND015,2026-01-17,496,2073.21
BATCH04378,FAC003,MED0111,VND040,2026-11-05,427,2194.66
BATCH02276,FAC002,MED0039,VND024,2026-12-13,396,2357.73
BATCH01741,FAC005,MED0058,VND008,2026-11-16,285,1965.07
BATCH01892,FAC004,MED0098,VND016,2026-10-09,467,2018.83
BATCH01860,FAC001,MED0032,VND019,2026-06-01,329,409.76
BATCH04615,FAC002,MED0150,VND024,2023-10-31,161,2057.76
BATCH05904,FAC001,MED0115,VND009,2025-01-22,484,602.58
BATCH03027,FAC001,MED0117,VND020,2025-09-17,339,2067.53
BATCH01384,FAC002,MED0083,VND026,2026-08-02,248,84.01
BATCH02092,FAC001,MED0160,VND014,2026-03-26,290,634.59
BATCH03077,FAC002,MED0082,VND019,2026-07-12,340,1168.27
BATCH04334,FAC005,MED0160,VND038,2021-09-12,454,634.59
BATCH03199,FAC002,MED0075,VND023,2026-04-07,44,357.09
BATCH01600,FAC002,MED0083,VND026,2026-02-14,293,84.01
BATCH02575,FAC003,MED0119,VND019,2025-11-05,299,235.49
BATCH01727,FAC001,MED0019,VND028,2025-02-15,401,1360.4
BATCH03238,FAC004,MED0015,VND018,2025-07-06,448,1939.63
BATCH05247,FAC003,MED0075,VND007,2028-03-12,396,357.09
BATCH05694,FAC004,MED0100,VND013,2021-06-24,108,2217.61
BATCH04667,FAC004,MED0132,VND016,2027-07-10,263,949.95
BATCH04793,FAC002,MED0121,VND040,2026-08-05,390,827.03
BATCH01224,FAC005,MED0041,VND030,2026-05-31,168,1743.19
BATCH01298,FAC001,MED0123,VND021,2025-09-27,485,1240.1
BATCH02776,FAC004,MED0134,VND018,2026-04-06,488,1175.9
BATCH00016,FAC003,MED0117,VND020,2026-09-14,393,2067.53
BATCH05426,FAC003,MED0087,VND011,2025-05-07,95,1751.18
BATCH00352,FAC002,MED0005,VND021,2026-04-21,409,1546.76
BATCH05405,FAC003,MED0096,VND032,2024-12-31,222,236.76
BATCH01363,FAC004,MED0111,VND011,2025-10-01,317,2194.66
BATCH02171,FAC004,MED0062,VND004,2026-12-03,113,599.22
BATCH02032,FAC003,MED0019,VND028,2025-02-03,163,1360.4
BATCH03814,FAC005,MED0128,VND026,2026-05-30,130,373.34
BATCH01023,FAC004,MED0166,VND021,2025-10-17,319,1601.29
BATCH00372,FAC004,MED0100,VND005,2025-03-22,307,2217.61
BATCH02245,FAC001,MED0083,VND026,2025-06-24,188,84.01
BATCH02314,FAC004,MED0157,VND017,2025-11-23,307,1339.59
BATCH05861,FAC003,MED0190,VND021,2023-03-22,407,817.83
BATCH03797,FAC002,MED0116,VND003,2026-05-25,100,264.98
BATCH03800,FAC004,MED0169,VND020,2025-09-19,134,1372.24
BATCH05805,FAC004,MED0014,VND023,2024-08-26,450,526.19
BATCH00743,FAC004,MED0044,VND001,2026-02-21,288,604.99
BATCH01269,FAC001,MED0051,VND009,2025-03-08,438,1729.82
BATCH02601,FAC003,MED0058,VND008,2025-02-10,141,1965.07
BATCH01618,FAC001,MED0026,VND003,2025-07-15,327,1184.76
BATCH00806,FAC002,MED0104,VND018,2026-03-31,267,1436.83
BATCH04797,FAC004,MED0084,VND007,2022-03-15,335,905.6
BATCH00684,FAC004,MED0076,VND026,2025-03-30,117,1854.0
BATCH04984,FAC001,MED0048,VND029,2025-09-30,81,807.38
BATCH03560,FAC005,MED0155,VND017,2026-02-12,479,2097.12
BATCH03853,FAC001,MED0062,VND004,2026-07-26,172,599.22
BATCH03806,FAC005,MED0121,VND012,2026-04-16,220,827.03
BATCH05564,FAC001,MED0106,VND003,2028-08-02,432,1631.5
BATCH04707,FAC003,MED0023,VND021,2022-11-07,309,901.3
BATCH04370,FAC002,MED0190,VND036,2026-08-13,293,817.83
BATCH05013,FAC002,MED0178,VND021,2024-07-26,334,109.84
BATCH03857,FAC001,MED0126,VND012,2025-12-03,394,2168.24
BATCH03860,FAC002,MED0095,VND016,2025-06-07,428,403.35
BATCH00009,FAC005,MED0038,VND030,2025-12-14,489,561.49
BATCH01863,FAC002,MED0087,VND015,2026-02-06,186,1751.18
BATCH02820,FAC004,MED0129,VND019,2025-09-02,111,1456.61
BATCH01352,FAC005,MED0124,VND005,2025-02-25,145,1844.69
BATCH00577,FAC003,MED0047,VND002,2026-08-11,197,1586.76
BATCH00627,FAC002,MED0039,VND024,2025-05-05,376,2357.73
BATCH03619,FAC001,MED0140,VND028,2025-12-15,229,191.9
BATCH05532,FAC003,MED0157,VND010,2022-01-22,277,1339.59
BATCH00427,FAC002,MED0073,VND018,2026-02-07,438,1395.55
BATCH00034,FAC003,MED0142,VND015,2026-04-30,258,1140.72
BATCH01047,FAC001,MED0046,VND024,2026-08-27,304,600.19
BATCH00045,FAC003,MED0010,VND014,2025-06-10,262,2022.53
BATCH03340,FAC001,MED0051,VND009,2025-05-22,161,1729.82
BATCH01045,FAC002,MED0170,VND030,2025-09-17,147,1558.24
BATCH01102,FAC005,MED0041,VND030,2025-07-06,164,1743.19
BATCH01050,FAC002,MED0101,VND026,2026-09-09,415,2334.12
BATCH01884,FAC002,MED0066,VND021,2026-02-21,76,1260.57
BATCH04472,FAC004,MED0069,VND022,2023-10-26,478,704.66
BATCH04634,FAC001,MED0015,VND004,2021-12-15,391,1939.63
BATCH01744,FAC001,MED0009,VND009,2025-05-09,339,170.11
BATCH02578,FAC004,MED0012,VND029,2025-11-25,381,2084.32
BATCH00064,FAC002,MED0003,VND008,2026-10-06,179,1772.52
BATCH04354,FAC004,MED0179,VND009,2028-08-03,1,449.11
BATCH03071,FAC002,MED0160,VND014,2026-11-24,202,634.59
BATCH05330,FAC003,MED0014,VND008,2024-10-13,214,526.19
BATCH02618,FAC003,MED0151,VND015,2026-02-05,183,2298.59
BATCH01120,FAC001,MED0151,VND015,2025-05-05,209,2298.59
BATCH02500,FAC002,MED0126,VND012,2025-01-31,173,2168.24
BATCH03393,FAC003,MED0044,VND001,2026-09-09,301,604.99
BATCH00706,FAC001,MED0026,VND003,2026-03-19,132,1184.76
BATCH04987,FAC005,MED0097,VND012,2023-07-19,280,1761.52
BATCH04963,FAC002,MED0200,VND002,2027-06-13,126,1643.8
BATCH03269,FAC003,MED0124,VND005,2025-10-23,196,1844.69
BATCH04011,FAC004,MED0085,VND012,2024-01-11,275,1926.82
BATCH01613,FAC003,MED0026,VND003,2026-12-23,243,1184.76
BATCH04223,FAC001,MED0149,VND016,2027-06-10,120,1510.13
BATCH01974,FAC004,MED0169,VND020,2026-06-06,313,1372.24
BATCH04816,FAC003,MED0164,VND014,2025-10-21,335,2420.19
BATCH05560,FAC003,MED0166,VND036,2024-02-15,429,1601.29
BATCH03933,FAC003,MED0128,VND026,2025-07-04,390,373.34
BATCH01316,FAC002,MED0172,VND017,2026-02-25,388,651.55
BATCH05688,FAC001,MED0073,VND005,2028-04-02,122,1395.55
BATCH05695,FAC005,MED0125,VND034,2027-10-21,288,2421.88
BATCH02799,FAC001,MED0060,VND029,2025-07-01,415,715.53
BATCH05783,FAC005,MED0163,VND029,2022-10-28,360,2079.78
BATCH03837,FAC001,MED0125,VND018,2025-09-22,324,2421.88
BATCH04763,FAC003,MED0054,VND021,2023-01-21,322,1327.89
BATCH00748,FAC005,MED0163,VND022,2026-08-18,111,2079.78
BATCH04242,FAC004,MED0008,VND023,2028-06-12,206,123.75
BATCH00474,FAC001,MED0091,VND001,2026-12-13,111,439.85
BATCH03444,FAC004,MED0019,VND028,2026-05-28,221,1360.4
BATCH05674,FAC003,MED0011,VND005,2028-03-14,1,1713.11
BATCH00298,FAC001,MED0091,VND001,2025-08-03,405,439.85
BATCH00304,FAC002,MED0163,VND022,2026-08-14,463,2079.78
BATCH02477,FAC005,MED0049,VND020,2026-09-15,433,820.29
BATCH02378,FAC003,MED0103,VND028,2026-08-29,51,1467.75
BATCH03535,FAC001,MED0121,VND012,2025-12-30,350,827.03
BATCH03310,FAC001,MED0095,VND016,2026-08-14,77,403.35
BATCH03870,FAC001,MED0102,VND004,2026-01-13,175,1542.7
BATCH04129,FAC001,MED0111,VND017,2028-09-12,127,2194.66
BATCH03617,FAC003,MED0016,VND004,2026-10-09,126,1497.97
BATCH02686,FAC001,MED0109,VND026,2025-09-03,88,1706.58
BATCH00241,FAC003,MED0036,VND027,2025-10-22,13,1072.35
BATCH05738,FAC001,MED0161,VND005,2023-05-09,311,2196.53
BATCH02293,FAC001,MED0077,VND022,2026-05-30,339,903.85
BATCH01672,FAC004,MED0024,VND008,2025-05-09,124,1128.03
BATCH02100,FAC004,MED0010,VND014,2026-08-19,376,2022.53
BATCH05061,FAC005,MED0196,VND027,2027-01-25,431,1756.94
BATCH01176,FAC001,MED0152,VND027,2025-05-07,221,120.68
BATCH03934,FAC002,MED0115,VND005,2026-06-23,202,602.58
BATCH04384,FAC001,MED0087,VND018,2025-06-24,107,1751.18
BATCH03083,FAC002,MED0164,VND022,2025-06-30,50,2420.19
BATCH02863,FAC005,MED0163,VND022,2026-01-13,86,2079.78
BATCH05592,FAC002,MED0152,VND020,2022-12-01,338,120.68
BATCH05711,FAC005,MED0112,VND010,2025-12-02,148,710.83
BATCH05177,FAC003,MED0178,VND035,2026-10-18,252,109.84
BATCH01648,FAC001,MED0156,VND001,2025-07-12,458,42.07
BATCH03415,FAC003,MED0025,VND024,2025-06-23,374,1667.48
BATCH00334,FAC004,MED0114,VND018,2026-03-11,294,631.04
BATCH02603,FAC002,MED0027,VND003,2025-04-29,215,1903.88
BATCH05868,FAC004,MED0045,VND024,2026-05-11,500,2464.24
BATCH02158,FAC002,MED0016,VND004,2026-12-09,405,1497.97
BATCH01162,FAC003,MED0157,VND017,2026-09-12,370,1339.59
BATCH03575,FAC004,MED0048,VND009,2026-02-18,241,807.38
BATCH04477,FAC003,MED0149,VND008,2022-02-13,41,1510.13
BATCH04582,FAC005,MED0143,VND035,2027-11-15,127,2253.69
BATCH04951,FAC004,MED0067,VND019,2028-10-13,206,581.62
BATCH03003,FAC003,MED0167,VND028,2025-08-24,408,2451.31
BATCH00248,FAC005,MED0152,VND027,2026-08-01,436,120.68
BATCH04877,FAC004,MED0111,VND001,2028-11-25,1,2194.66
BATCH03530,FAC002,MED0148,VND022,2026-02-24,169,88.53
BATCH00801,FAC004,MED0079,VND026,2026-06-28,458,20.92
BATCH01685,FAC003,MED0154,VND026,2025-05-10,356,957.18
BATCH04682,FAC004,MED0064,VND006,2027-05-23,273,668.88
BATCH04197,FAC002,MED0128,VND032,2022-10-22,283,373.34
BATCH01922,FAC004,MED0084,VND015,2025-07-22,186,905.6
BATCH02210,FAC002,MED0130,VND020,2026-03-16,331,597.82
BATCH01222,FAC005,MED0050,VND003,2026-09-16,20,2025.28
BATCH04004,FAC003,MED0183,VND010,2028-08-30,309,2504.1
BATCH01514,FAC003,MED0058,VND008,2026-09-27,268,1965.07
BATCH04352,FAC002,MED0085,VND034,2021-06-19,500,1926.82
BATCH01254,FAC003,MED0132,VND029,2025-09-27,309,949.95
BATCH05331,FAC003,MED0197,VND003,2026-01-04,284,492.07
BATCH05170,FAC002,MED0075,VND017,2025-10-30,33,357.09
BATCH00599,FAC002,MED0087,VND015,2025-10-03,465,1751.18
BATCH01610,FAC002,MED0078,VND003,2026-10-30,440,646.47
BATCH00316,FAC004,MED0150,VND003,2025-04-27,439,2057.76
BATCH05243,FAC002,MED0097,VND024,2024-09-10,347,1761.52
BATCH02277,FAC001,MED0061,VND003,2026-06-15,321,1632.69
BATCH00150,FAC002,MED0121,VND012,2025-11-26,279,827.03
BATCH04734,FAC002,MED0048,VND025,2022-01-17,425,807.38
BATCH01845,FAC005,MED0159,VND010,2026-09-04,357,949.6
BATCH00291,FAC002,MED0051,VND009,2026-11-07,375,1729.82
BATCH00454,FAC004,MED0032,VND019,2025-06-08,120,409.76
BATCH05962,FAC004,MED0004,VND039,2027-05-13,421,2082.45
BATCH04809,FAC004,MED0115,VND007,2028-06-27,425,602.58
BATCH03397,FAC003,MED0063,VND017,2025-03-23,441,775.69
BATCH00692,FAC002,MED0003,VND008,2026-12-24,155,1772.52
BATCH01145,FAC005,MED0067,VND005,2026-07-31,181,581.62
BATCH01635,FAC003,MED0086,VND007,2025-03-18,19,220.69
BATCH04193,FAC002,MED0118,VND014,2021-10-18,209,977.89
BATCH01781,FAC002,MED0074,VND008,2026-04-05,352,183.48
BATCH04971,FAC004,MED0045,VND028,2022-09-26,166,2464.24
BATCH03652,FAC002,MED0023,VND010,2025-10-22,251,901.3
BATCH00656,FAC003,MED0090,VND021,2026-02-02,229,209.54
BATCH03136,FAC001,MED0163,VND022,2025-06-03,50,2079.78
BATCH01903,FAC005,MED0149,VND020,2025-12-23,225,1510.13
BATCH04428,FAC003,MED0170,VND025,2025-06-29,486,1558.24
BATCH01040,FAC005,MED0009,VND009,2025-11-21,222,170.11
BATCH04630,FAC004,MED0123,VND023,2028-09-15,351,1240.1
BATCH01412,FAC005,MED0025,VND024,2026-04-09,298,1667.48
BATCH05748,FAC004,MED0146,VND008,2028-01-14,1,1163.54
BATCH01673,FAC003,MED0002,VND019,2026-09-18,463,257.14
BATCH05096,FAC005,MED0068,VND009,2027-08-07,210,116.66
BATCH01371,FAC001,MED0068,VND017,2025-06-30,115,116.66
BATCH05083,FAC001,MED0139,VND035,2026-08-31,1,2228.73
BATCH03134,FAC003,MED0143,VND003,2026-03-04,493,2253.69
BATCH02381,FAC001,MED0009,VND009,2026-08-03,31,170.11
BATCH03721,FAC004,MED0099,VND030,2026-02-19,455,1627.24
BATCH04092,FAC005,MED0136,VND034,2028-08-17,409,1461.75
BATCH05007,FAC004,MED0140,VND003,2026-04-02,420,191.9
BATCH01624,FAC001,MED0027,VND003,2026-10-25,290,1903.88
BATCH03670,FAC002,MED0095,VND016,2026-02-04,423,403.35
BATCH00382,FAC005,MED0131,VND004,2025-07-05,417,880.74
BATCH03115,FAC002,MED0173,VND006,2026-08-10,122,1235.6
BATCH01821,FAC002,MED0060,VND029,2026-04-26,310,715.53
BATCH03631,FAC001,MED0120,VND020,2026-11-10,329,1437.01
BATCH00423,FAC005,MED0149,VND020,2025-09-17,284,1510.13
BATCH00809,FAC004,MED0151,VND015,2025-09-28,457,2298.59
BATCH01380,FAC003,MED0086,VND007,2025-02-05,16,220.69
BATCH01670,FAC001,MED0056,VND009,2025-05-06,68,878.23
BATCH02099,FAC001,MED0079,VND026,2025-02-02,135,20.92
BATCH05526,FAC002,MED0131,VND028,2024-05-22,283,880.74
BATCH00125,FAC004,MED0102,VND004,2026-01-01,438,1542.7
BATCH00103,FAC005,MED0003,VND008,2026-01-18,125,1772.52
BATCH04059,FAC001,MED0073,VND006,2023-07-02,263,1395.55
BATCH01733,FAC002,MED0170,VND030,2025-11-12,285,1558.24
BATCH03036,FAC003,MED0089,VND028,2025-06-02,276,1862.15
BATCH02916,FAC001,MED0074,VND008,2026-10-19,153,183.48
BATCH00487,FAC001,MED0163,VND022,2026-09-08,1,2079.78
BATCH01129,FAC005,MED0116,VND003,2025-04-03,113,264.98
BATCH03618,FAC002,MED0087,VND015,2025-09-16,197,1751.18
BATCH01515,FAC005,MED0072,VND029,2025-10-26,391,967.66
BATCH00136,FAC005,MED0109,VND026,2026-09-28,253,1706.58
BATCH02599,FAC003,MED0097,VND030,2025-11-26,181,1761.52
BATCH02003,FAC004,MED0066,VND021,2026-01-01,194,1260.57
BATCH02834,FAC005,MED0150,VND003,2025-03-05,182,2057.76
BATCH01818,FAC002,MED0104,VND018,2025-04-04,14,1436.83
BATCH00753,FAC003,MED0070,VND009,2025-12-30,141,2383.06
BATCH04002,FAC005,MED0046,VND033,2025-03-17,115,600.19
BATCH05028,FAC005,MED0140,VND014,2025-05-15,421,191.9
BATCH01104,FAC001,MED0062,VND004,2026-06-08,218,599.22
BATCH05371,FAC005,MED0037,VND027,2023-10-21,228,25.32
BATCH02317,FAC001,MED0147,VND028,2026-08-11,352,201.71
BATCH01919,FAC005,MED0075,VND023,2025-09-24,145,357.09
BATCH01544,FAC005,MED0150,VND003,2026-08-08,306,2057.76
BATCH03668,FAC002,MED0169,VND020,2026-06-07,57,1372.24
BATCH04442,FAC002,MED0009,VND021,2026-06-03,298,170.11
BATCH03707,FAC005,MED0162,VND008,2026-04-25,68,63.28
BATCH01177,FAC002,MED0175,VND023,2025-12-28,157,327.09
BATCH01560,FAC003,MED0058,VND008,2025-10-07,149,1965.07
BATCH05664,FAC005,MED0126,VND020,2022-05-15,230,2168.24
BATCH00145,FAC005,MED0076,VND026,2026-02-08,434,1854.0
BATCH00381,FAC003,MED0049,VND020,2026-04-02,346,820.29
BATCH01434,FAC002,MED0151,VND015,2025-12-11,132,2298.59
BATCH01096,FAC003,MED0085,VND008,2026-11-04,230,1926.82
BATCH05414,FAC005,MED0092,VND035,2022-11-21,1,241.93
BATCH00122,FAC001,MED0100,VND005,2025-04-01,50,2217.61
BATCH05566,FAC005,MED0167,VND038,2025-08-16,158,2451.31
BATCH00612,FAC004,MED0047,VND002,2026-02-15,11,1586.76
BATCH04825,FAC001,MED0195,VND005,2027-02-06,219,2225.34
BATCH01942,FAC004,MED0094,VND022,2025-09-02,354,1827.26
BATCH00419,FAC002,MED0092,VND030,2026-02-13,168,241.93
BATCH02253,FAC001,MED0103,VND028,2025-12-06,322,1467.75
BATCH01351,FAC002,MED0139,VND015,2026-08-24,190,2228.73
BATCH02304,FAC004,MED0053,VND010,2025-11-26,6,650.79
BATCH05434,FAC002,MED0034,VND017,2026-06-29,241,472.93
BATCH04259,FAC001,MED0112,VND028,2022-09-06,384,710.83
BATCH01979,FAC003,MED0178,VND019,2026-11-22,189,109.84
BATCH04480,FAC001,MED0045,VND009,2024-07-16,250,2464.24
BATCH01303,FAC002,MED0013,VND004,2026-01-07,91,462.13
BATCH03056,FAC002,MED0135,VND008,2026-08-16,235,300.88
BATCH00249,FAC001,MED0027,VND003,2026-06-04,442,1903.88
BATCH01398,FAC001,MED0144,VND010,2025-02-05,480,2376.43
BATCH04029,FAC005,MED0002,VND037,2027-04-21,309,257.14
BATCH00448,FAC001,MED0120,VND020,2026-11-15,488,1437.01
BATCH01426,FAC005,MED0038,VND030,2025-07-25,417,561.49
BATCH04687,FAC005,MED0168,VND002,2028-07-21,255,1390.6
BATCH01200,FAC001,MED0030,VND029,2025-10-17,52,1275.36
BATCH01422,FAC001,MED0028,VND007,2026-01-02,266,108.76
BATCH04558,FAC003,MED0071,VND027,2023-09-06,153,1434.15
BATCH03765,FAC002,MED0148,VND022,2026-05-05,190,88.53
BATCH03917,FAC003,MED0051,VND009,2025-05-15,251,1729.82
BATCH04474,FAC002,MED0143,VND025,2022-07-02,110,2253.69
BATCH04665,FAC004,MED0038,VND032,2027-01-25,367,561.49
BATCH04728,FAC003,MED0071,VND031,2025-12-26,333,1434.15
BATCH04114,FAC001,MED0055,VND023,2023-05-12,384,1399.27
BATCH03510,FAC005,MED0158,VND021,2025-02-14,269,1466.19
BATCH02886,FAC005,MED0155,VND017,2026-11-08,223,2097.12
BATCH01536,FAC005,MED0046,VND024,2025-04-09,34,600.19
BATCH00415,FAC003,MED0056,VND009,2025-05-26,141,878.23
BATCH04586,FAC005,MED0033,VND038,2023-03-30,282,1586.44
BATCH01721,FAC005,MED0014,VND006,2025-07-25,6,526.19
BATCH00655,FAC001,MED0027,VND003,2025-08-02,78,1903.88
BATCH03561,FAC004,MED0075,VND023,2025-10-08,486,357.09
BATCH01003,FAC001,MED0037,VND003,2025-02-27,404,25.32
BATCH04455,FAC002,MED0192,VND012,2023-02-28,330,1190.8
BATCH03373,FAC001,MED0062,VND004,2026-01-06,384,599.22
BATCH03974,FAC005,MED0167,VND028,2026-12-20,288,2451.31
BATCH05913,FAC001,MED0144,VND004,2025-05-04,257,2376.43
BATCH01488,FAC003,MED0073,VND018,2025-11-17,94,1395.55
BATCH00590,FAC001,MED0180,VND005,2025-07-04,54,1156.26
BATCH02087,FAC004,MED0104,VND018,2025-12-26,305,1436.83
BATCH03609,FAC004,MED0078,VND003,2026-05-07,254,646.47
BATCH04517,FAC002,MED0077,VND034,2027-04-23,134,903.85
BATCH01601,FAC002,MED0007,VND028,2026-03-17,327,2434.6
BATCH05290,FAC004,MED0165,VND034,2026-01-28,5,1204.27
BATCH02837,FAC003,MED0070,VND009,2025-06-20,245,2383.06
BATCH02358,FAC003,MED0021,VND008,2026-01-22,200,21.76
BATCH00995,FAC004,MED0056,VND009,2026-04-12,443,878.23
BATCH02198,FAC003,MED0096,VND014,2025-09-01,264,236.76
BATCH01880,FAC003,MED0106,VND001,2025-12-10,124,1631.5
BATCH04565,FAC003,MED0200,VND015,2028-08-10,192,1643.8
BATCH01372,FAC002,MED0168,VND030,2025-10-24,105,1390.6
BATCH01874,FAC001,MED0041,VND030,2026-03-04,193,1743.19
BATCH00209,FAC005,MED0044,VND001,2025-07-24,61,604.99
BATCH04813,FAC005,MED0154,VND005,2028-09-27,233,957.18
BATCH04241,FAC001,MED0179,VND010,2023-04-23,213,449.11
BATCH00426,FAC002,MED0089,VND028,2026-07-16,230,1862.15
BATCH05787,FAC001,MED0128,VND026,2021-08-12,249,373.34
BATCH01407,FAC003,MED0126,VND012,2026-03-22,212,2168.24
BATCH05649,FAC002,MED0062,VND001,2023-10-08,265,599.22
BATCH01109,FAC005,MED0045,VND026,2025-06-09,260,2464.24
BATCH05273,FAC001,MED0143,VND008,2021-09-08,245,2253.69
BATCH00111,FAC004,MED0114,VND018,2026-04-11,235,631.04
BATCH03075,FAC005,MED0156,VND001,2025-03-31,28,42.07
BATCH05826,FAC001,MED0102,VND024,2024-11-06,147,1542.7
BATCH02264,FAC003,MED0002,VND019,2025-10-18,135,257.14
BATCH02549,FAC002,MED0010,VND014,2025-12-31,121,2022.53
BATCH02035,FAC005,MED0162,VND008,2026-02-28,165,63.28
BATCH01173,FAC004,MED0095,VND016,2025-07-17,178,403.35
BATCH03769,FAC002,MED0106,VND001,2025-10-15,178,1631.5
BATCH02446,FAC001,MED0068,VND017,2025-09-13,86,116.66
BATCH03183,FAC002,MED0050,VND003,2026-11-12,174,2025.28
BATCH02946,FAC005,MED0145,VND024,2026-08-18,335,1553.37
BATCH04592,FAC002,MED0085,VND022,2027-11-20,233,1926.82
BATCH04590,FAC001,MED0134,VND007,2026-07-10,45,1175.9
BATCH03612,FAC003,MED0083,VND026,2026-05-06,494,84.01
BATCH03938,FAC002,MED0001,VND015,2026-03-10,499,1832.13
BATCH02147,FAC003,MED0038,VND030,2025-09-20,249,561.49
BATCH05752,FAC003,MED0195,VND020,2027-02-17,349,2225.34
BATCH01469,FAC005,MED0061,VND003,2025-07-08,66,1632.69
BATCH00438,FAC005,MED0173,VND006,2026-03-31,395,1235.6
BATCH05788,FAC002,MED0013,VND019,2024-11-11,99,462.13
BATCH01058,FAC002,MED0059,VND003,2025-07-11,136,935.73
BATCH02796,FAC005,MED0144,VND010,2026-07-06,162,2376.43
BATCH00108,FAC003,MED0035,VND025,2026-02-10,11,800.46
BATCH03553,FAC001,MED0106,VND001,2026-12-21,443,1631.5
BATCH00030,FAC002,MED0087,VND015,2026-10-27,85,1751.18
BATCH02233,FAC001,MED0128,VND026,2025-04-17,331,373.34
BATCH00890,FAC004,MED0053,VND010,2026-07-21,77,650.79
BATCH03066,FAC004,MED0134,VND018,2025-03-21,276,1175.9
BATCH01631,FAC004,MED0044,VND001,2025-11-20,134,604.99
BATCH00752,FAC005,MED0169,VND020,2026-09-20,158,1372.24
BATCH02359,FAC005,MED0011,VND002,2025-03-30,471,1713.11
BATCH00585,FAC004,MED0081,VND002,2026-11-03,9,242.2
BATCH01935,FAC003,MED0085,VND008,2026-01-27,458,1926.82
BATCH04983,FAC002,MED0133,VND030,2022-03-16,293,830.99
BATCH02351,FAC004,MED0151,VND015,2026-07-22,90,2298.59
BATCH05606,FAC002,MED0136,VND001,2026-05-31,175,1461.75
BATCH05215,FAC001,MED0029,VND007,2026-12-14,268,510.68
BATCH03847,FAC004,MED0087,VND015,2025-08-08,474,1751.18
BATCH05119,FAC003,MED0112,VND020,2023-04-21,206,710.83
BATCH05949,FAC001,MED0193,VND040,2023-09-19,372,3000.0
BATCH02318,FAC002,MED0140,VND028,2026-09-13,160,191.9
BATCH01345,FAC001,MED0039,VND024,2025-08-29,470,2357.73
BATCH03442,FAC001,MED0012,VND029,2026-07-14,306,2084.32
BATCH04636,FAC001,MED0015,VND016,2028-02-09,99,1939.63
BATCH05871,FAC003,MED0038,VND036,2025-09-07,180,561.49
BATCH00970,FAC004,MED0145,VND024,2025-12-09,430,1553.37
BATCH00180,FAC005,MED0127,VND013,2026-07-30,107,562.66
BATCH02795,FAC005,MED0078,VND003,2026-12-18,497,646.47
BATCH01508,FAC005,MED0174,VND011,2026-08-30,498,606.44
BATCH04047,FAC002,MED0044,VND018,2024-12-22,317,604.99
BATCH02139,FAC003,MED0171,VND029,2025-03-27,114,374.51
BATCH05829,FAC002,MED0049,VND031,2023-06-06,413,820.29
BATCH03488,FAC002,MED0178,VND019,2026-11-06,293,109.84
BATCH04537,FAC003,MED0144,VND036,2024-10-20,67,2376.43
BATCH05287,FAC003,MED0032,VND011,2022-08-31,475,409.76
BATCH05496,FAC004,MED0041,VND037,2026-03-31,409,1743.19
BATCH01868,FAC002,MED0069,VND029,2025-09-10,164,704.66
BATCH00091,FAC002,MED0141,VND025,2026-10-22,3,1311.56
BATCH02816,FAC005,MED0087,VND015,2026-03-25,188,1751.18
BATCH03410,FAC001,MED0164,VND022,2025-06-15,406,2420.19
BATCH02406,FAC002,MED0107,VND013,2025-06-15,329,542.76
BATCH02472,FAC002,MED0022,VND008,2025-04-04,66,1824.69
BATCH00625,FAC002,MED0002,VND019,2026-04-11,28,257.14
BATCH00070,FAC002,MED0072,VND029,2026-05-04,283,967.66
BATCH03625,FAC003,MED0009,VND009,2025-02-18,172,170.11
BATCH01506,FAC005,MED0014,VND006,2026-07-04,283,526.19
BATCH03492,FAC004,MED0027,VND003,2026-11-27,394,1903.88
BATCH05138,FAC005,MED0137,VND028,2021-08-14,72,214.57
BATCH04670,FAC001,MED0031,VND005,2024-07-02,131,1890.83
BATCH00765,FAC005,MED0019,VND028,2025-05-25,262,1360.4
BATCH00294,FAC004,MED0055,VND012,2026-09-08,185,1399.27
BATCH04353,FAC004,MED0132,VND034,2027-07-15,500,949.95
BATCH00446,FAC002,MED0137,VND017,2025-04-21,330,214.57
BATCH00469,FAC005,MED0158,VND021,2025-12-27,387,1466.19
BATCH03436,FAC005,MED0104,VND018,2026-10-22,264,1436.83
BATCH01220,FAC003,MED0026,VND003,2025-12-30,222,1184.76
BATCH00433,FAC003,MED0085,VND008,2026-12-05,233,1926.82
BATCH03188,FAC004,MED0016,VND004,2026-12-31,181,1497.97
BATCH01489,FAC003,MED0020,VND001,2025-06-25,483,46.97
BATCH03548,FAC003,MED0090,VND021,2025-11-16,298,209.54
BATCH03752,FAC001,MED0168,VND030,2025-08-22,35,1390.6
BATCH00578,FAC004,MED0141,VND025,2026-07-01,88,1311.56
BATCH02174,FAC004,MED0140,VND028,2025-03-04,335,191.9
BATCH00246,FAC003,MED0112,VND029,2025-07-14,41,710.83
BATCH04191,FAC004,MED0074,VND023,2027-04-01,275,183.48
BATCH00368,FAC002,MED0151,VND015,2026-01-24,490,2298.59
BATCH04569,FAC002,MED0031,VND025,2028-01-30,57,1890.83
BATCH02901,FAC004,MED0150,VND003,2026-08-01,162,2057.76
BATCH01612,FAC003,MED0093,VND001,2025-11-27,395,2387.52
BATCH02846,FAC005,MED0099,VND030,2026-09-21,268,1627.24
BATCH03785,FAC003,MED0048,VND009,2026-07-23,270,807.38
BATCH04210,FAC004,MED0041,VND033,2025-04-30,170,1743.19
BATCH05501,FAC005,MED0108,VND031,2028-10-27,371,1710.05
BATCH01243,FAC002,MED0028,VND007,2025-10-30,172,108.76
BATCH02371,FAC002,MED0108,VND018,2026-10-02,479,1710.05
BATCH04270,FAC004,MED0062,VND006,2024-02-05,234,599.22
BATCH04473,FAC005,MED0104,VND039,2023-07-08,304,1436.83
BATCH04386,FAC001,MED0089,VND013,2024-11-27,258,1862.15
BATCH00556,FAC005,MED0109,VND026,2025-04-08,29,1706.58
BATCH02164,FAC003,MED0142,VND015,2025-03-15,379,1140.72
BATCH05969,FAC001,MED0066,VND003,2026-06-20,113,1260.57
BATCH05960,FAC002,MED0080,VND013,2027-12-06,79,184.78
BATCH04743,FAC002,MED0071,VND033,2026-03-10,171,1434.15
BATCH05852,FAC005,MED0160,VND039,2024-04-14,142,634.59
BATCH04276,FAC004,MED0022,VND002,2023-10-31,313,1824.69
BATCH01964,FAC004,MED0179,VND010,2026-12-07,418,449.11
BATCH04265,FAC003,MED0148,VND016,2024-12-30,231,88.53
BATCH03290,FAC001,MED0129,VND019,2025-04-09,340,1456.61
BATCH05585,FAC002,MED0011,VND015,2023-03-24,153,1713.11
BATCH00152,FAC005,MED0175,VND023,2025-09-15,199,327.09
BATCH04675,FAC001,MED0054,VND011,2028-11-29,360,1327.89
BATCH04733,FAC003,MED0157,VND014,2025-09-10,171,1339.59
BATCH04759,FAC005,MED0149,VND029,2027-05-03,377,1510.13
BATCH05271,FAC005,MED0181,VND005,2027-10-25,500,3000.0
BATCH04215,FAC003,MED0198,VND001,2028-05-27,348,1495.87
BATCH03495,FAC003,MED0083,VND026,2026-03-28,320,84.01
BATCH05831,FAC001,MED0028,VND014,2028-01-11,243,108.76
BATCH03693,FAC005,MED0039,VND024,2025-08-06,360,2357.73
BATCH04621,FAC003,MED0134,VND034,2022-01-15,242,1175.9
BATCH03608,FAC003,MED0011,VND002,2026-02-12,471,1713.11
BATCH01756,FAC003,MED0018,VND015,2025-09-26,218,2073.21
BATCH05274,FAC004,MED0093,VND009,2023-08-21,314,2387.52
BATCH04560,FAC001,MED0071,VND038,2028-07-01,143,1434.15
BATCH00749,FAC004,MED0121,VND012,2026-11-29,345,827.03
BATCH05781,FAC005,MED0119,VND032,2027-11-06,134,235.49
BATCH01534,FAC003,MED0166,VND021,2026-05-30,112,1601.29
BATCH01043,FAC003,MED0165,VND016,2026-05-27,189,1204.27
BATCH05492,FAC002,MED0057,VND008,2027-09-07,322,2220.32
BATCH03880,FAC005,MED0003,VND008,2025-09-02,252,1772.52
BATCH02664,FAC003,MED0060,VND029,2025-03-11,433,715.53
BATCH05107,FAC001,MED0151,VND036,2025-11-19,372,2298.59
BATCH01558,FAC002,MED0165,VND016,2025-09-28,218,1204.27
BATCH00492,FAC003,MED0165,VND016,2026-06-21,367,1204.27
BATCH04374,FAC002,MED0093,VND019,2027-02-02,221,2387.52
BATCH03383,FAC005,MED0163,VND022,2026-02-07,486,2079.78
BATCH05528,FAC002,MED0101,VND031,2026-05-21,278,2334.12
BATCH00472,FAC003,MED0085,VND008,2026-01-26,211,1926.82
BATCH05304,FAC001,MED0083,VND025,2027-03-11,349,84.01
BATCH02313,FAC004,MED0117,VND020,2026-02-05,2,2067.53
BATCH05598,FAC005,MED0176,VND005,2025-01-17,270,1743.68
BATCH00808,FAC004,MED0179,VND010,2025-05-21,21,449.11
BATCH05671,FAC002,MED0050,VND038,2022-07-15,20,2025.28
BATCH04880,FAC002,MED0174,VND032,2022-03-03,351,606.44
BATCH00897,FAC004,MED0114,VND018,2026-08-14,146,631.04
BATCH05372,FAC001,MED0033,VND022,2025-04-10,316,1586.44
BATCH02504,FAC003,MED0002,VND019,2025-08-08,273,257.14
BATCH05684,FAC003,MED0053,VND037,2024-11-29,235,650.79
BATCH04323,FAC005,MED0161,VND035,2025-08-22,163,2196.53
BATCH00355,FAC004,MED0060,VND029,2025-04-24,330,715.53
BATCH00252,FAC005,MED0067,VND005,2025-12-20,480,581.62
BATCH00186,FAC001,MED0101,VND026,2025-09-14,338,2334.12
BATCH02379,FAC004,MED0161,VND030,2025-11-22,72,2196.53
BATCH01184,FAC004,MED0152,VND027,2026-08-23,66,120.68
BATCH02111,FAC005,MED0104,VND018,2026-03-02,72,1436.83
BATCH04275,FAC001,MED0176,VND029,2024-08-06,230,1743.68
BATCH00228,FAC003,MED0008,VND025,2026-03-18,12,123.75
BATCH02154,FAC001,MED0132,VND029,2025-03-27,490,949.95
BATCH05768,FAC002,MED0117,VND008,2025-08-31,325,2067.53
BATCH01296,FAC002,MED0129,VND019,2025-07-16,472,1456.61
BATCH05932,FAC002,MED0195,VND001,2022-02-20,121,2225.34
BATCH04852,FAC003,MED0103,VND009,2027-05-23,334,1467.75
BATCH03939,FAC004,MED0006,VND012,2026-08-22,356,65.47
BATCH05461,FAC005,MED0034,VND038,2025-08-04,364,472.93
BATCH02803,FAC002,MED0151,VND015,2025-09-13,85,2298.59
BATCH03185,FAC003,MED0166,VND021,2026-03-17,384,1601.29
BATCH01906,FAC003,MED0008,VND025,2025-05-26,191,123.75
BATCH05037,FAC003,MED0100,VND010,2021-10-05,360,2217.61
BATCH02224,FAC005,MED0042,VND017,2025-05-30,227,2494.37
BATCH03839,FAC004,MED0018,VND015,2026-07-02,300,2073.21
BATCH03182,FAC001,MED0164,VND022,2026-05-29,226,2420.19
BATCH00293,FAC005,MED0038,VND030,2026-08-17,111,561.49
BATCH02722,FAC002,MED0029,VND013,2025-02-26,198,510.68
BATCH00550,FAC004,MED0092,VND030,2025-03-22,116,241.93
BATCH04255,FAC005,MED0003,VND039,2026-11-01,445,1772.52
BATCH05530,FAC003,MED0162,VND026,2023-11-14,281,63.28
BATCH01570,FAC004,MED0120,VND020,2025-12-29,432,1437.01
BATCH01076,FAC001,MED0158,VND021,2026-04-20,357,1466.19
BATCH04441,FAC003,MED0192,VND009,2028-07-29,270,1190.8
BATCH02448,FAC005,MED0002,VND019,2025-12-19,59,257.14
BATCH01323,FAC003,MED0106,VND001,2025-08-08,12,1631.5
BATCH05060,FAC004,MED0040,VND005,2028-07-01,360,169.71
BATCH02969,FAC003,MED0052,VND011,2025-06-08,6,857.94
BATCH03210,FAC003,MED0061,VND003,2025-09-28,335,1632.69
BATCH02671,FAC005,MED0156,VND001,2025-08-19,96,42.07
BATCH02421,FAC005,MED0004,VND024,2026-07-12,245,2082.45
BATCH03735,FAC004,MED0068,VND017,2025-08-13,132,116.66
BATCH05110,FAC005,MED0133,VND010,2021-10-06,348,830.99
BATCH03054,FAC004,MED0008,VND025,2025-10-10,245,123.75
BATCH02835,FAC004,MED0042,VND017,2025-07-17,379,2494.37
BATCH03718,FAC004,MED0122,VND021,2025-03-17,397,1980.61
BATCH03338,FAC005,MED0157,VND017,2025-08-18,255,1339.59
BATCH03197,FAC002,MED0054,VND020,2026-02-13,189,1327.89
BATCH04867,FAC005,MED0172,VND027,2022-02-17,243,651.55
BATCH03741,FAC003,MED0027,VND003,2025-03-24,152,1903.88
BATCH04887,FAC003,MED0017,VND033,2028-04-26,320,2403.24
BATCH05801,FAC004,MED0153,VND019,2021-12-11,442,1205.08
BATCH01143,FAC003,MED0169,VND020,2025-10-10,374,1372.24
BATCH04644,FAC005,MED0070,VND036,2023-03-07,219,2383.06
BATCH00933,FAC004,MED0119,VND019,2025-07-18,425,235.49
BATCH00614,FAC005,MED0157,VND017,2025-07-16,117,1339.59
BATCH02228,FAC001,MED0101,VND026,2025-03-25,44,2334.12
BATCH04739,FAC002,MED0170,VND001,2023-03-02,298,1558.24
BATCH03241,FAC002,MED0043,VND002,2025-02-24,424,1032.3
BATCH03470,FAC002,MED0127,VND013,2025-05-26,98,562.66
BATCH05051,FAC001,MED0131,VND013,2028-01-10,318,880.74
BATCH04692,FAC005,MED0155,VND003,2025-08-27,500,2097.12
BATCH03816,FAC003,MED0002,VND019,2026-10-29,53,257.14
BATCH04102,FAC001,MED0173,VND037,2023-01-15,444,1235.6
BATCH05408,FAC002,MED0195,VND011,2022-07-22,182,2225.34
BATCH00506,FAC003,MED0149,VND020,2025-09-14,202,1510.13
BATCH01510,FAC001,MED0056,VND009,2025-06-06,398,878.23
BATCH01667,FAC005,MED0124,VND005,2026-07-15,73,1844.69
BATCH00273,FAC002,MED0003,VND008,2026-06-09,215,1772.52
BATCH02116,FAC004,MED0090,VND021,2025-07-17,122,209.54
BATCH05165,FAC001,MED0166,VND003,2026-10-07,135,1601.29
BATCH04506,FAC004,MED0013,VND038,2023-07-22,423,462.13
BATCH01486,FAC002,MED0164,VND022,2026-12-22,485,2420.19
BATCH04302,FAC005,MED0178,VND004,2028-01-30,249,109.84
BATCH00702,FAC001,MED0016,VND004,2026-12-21,194,1497.97
BATCH03834,FAC004,MED0053,VND010,2026-01-14,240,650.79
BATCH03590,FAC004,MED0043,VND002,2026-07-05,84,1032.3
BATCH00107,FAC003,MED0087,VND015,2025-12-01,441,1751.18
BATCH05048,FAC005,MED0106,VND010,2024-07-07,318,1631.5
BATCH05001,FAC002,MED0009,VND013,2028-04-12,426,170.11
BATCH05318,FAC005,MED0081,VND030,2027-11-22,419,242.2
BATCH04768,FAC005,MED0068,VND022,2026-02-21,426,116.66
BATCH05242,FAC003,MED0189,VND003,2027-08-28,135,1427.15
BATCH03850,FAC004,MED0027,VND003,2026-07-20,13,1903.88
BATCH00953,FAC002,MED0111,VND011,2026-09-19,463,2194.66
BATCH02365,FAC003,MED0169,VND020,2025-12-30,221,1372.24
BATCH03896,FAC005,MED0018,VND015,2025-02-22,434,2073.21
BATCH03840,FAC003,MED0031,VND015,2026-08-11,4,1890.83
BATCH02651,FAC001,MED0007,VND028,2025-02-07,182,2434.6
BATCH03227,FAC001,MED0054,VND020,2025-10-30,98,1327.89
BATCH04931,FAC003,MED0092,VND007,2025-01-16,147,241.93
BATCH02911,FAC005,MED0041,VND030,2026-04-15,434,1743.19
BATCH01085,FAC001,MED0024,VND008,2026-02-11,298,1128.03
BATCH03540,FAC005,MED0089,VND028,2026-08-31,369,1862.15
BATCH03545,FAC005,MED0021,VND008,2026-03-09,289,21.76
BATCH04642,FAC005,MED0034,VND017,2024-12-06,103,472.93
BATCH01421,FAC004,MED0145,VND024,2026-05-10,296,1553.37
BATCH02771,FAC003,MED0008,VND025,2026-06-26,286,123.75
BATCH01787,FAC003,MED0130,VND020,2025-12-07,111,597.82
BATCH04481,FAC003,MED0125,VND002,2025-11-25,343,2421.88
BATCH01889,FAC001,MED0129,VND019,2026-07-15,243,1456.61
BATCH05662,FAC004,MED0152,VND020,2024-04-18,207,120.68
BATCH05650,FAC001,MED0037,VND025,2021-12-28,281,25.32
BATCH00417,FAC002,MED0008,VND025,2025-03-26,203,123.75
BATCH01216,FAC003,MED0030,VND029,2025-06-02,149,1275.36
BATCH04839,FAC004,MED0172,VND040,2022-09-04,500,651.55
BATCH05747,FAC004,MED0158,VND010,2022-02-23,456,1466.19
BATCH00565,FAC004,MED0075,VND023,2025-12-13,311,357.09
BATCH00479,FAC001,MED0063,VND017,2025-10-24,130,775.69
BATCH05838,FAC004,MED0150,VND026,2025-04-23,281,2057.76
BATCH00143,FAC003,MED0132,VND029,2025-02-05,21,949.95
BATCH01213,FAC003,MED0163,VND022,2025-12-04,121,2079.78
BATCH05298,FAC003,MED0089,VND004,2025-01-05,169,1862.15
BATCH01098,FAC004,MED0040,VND017,2026-03-14,297,169.71
BATCH02143,FAC005,MED0173,VND006,2026-05-30,306,1235.6
BATCH00606,FAC004,MED0080,VND001,2025-05-06,98,184.78
BATCH03787,FAC001,MED0022,VND008,2026-12-20,352,1824.69
BATCH02576,FAC002,MED0173,VND006,2025-12-30,322,1235.6
BATCH00498,FAC001,MED0056,VND009,2026-12-26,125,878.23
BATCH02543,FAC002,MED0047,VND002,2025-09-06,13,1586.76
BATCH04482,FAC001,MED0191,VND023,2025-08-13,306,3000.0
BATCH05222,FAC001,MED0016,VND018,2025-03-21,326,1497.97
BATCH02464,FAC004,MED0062,VND004,2026-02-02,263,599.22
BATCH00722,FAC002,MED0064,VND022,2025-04-02,78,668.88
BATCH01087,FAC004,MED0064,VND022,2025-02-10,408,668.88
BATCH01026,FAC002,MED0104,VND018,2025-08-30,119,1436.83
BATCH01358,FAC003,MED0052,VND011,2025-11-22,100,857.94
BATCH03257,FAC003,MED0001,VND015,2026-04-16,321,1832.13
BATCH02813,FAC003,MED0063,VND017,2025-08-14,301,775.69
BATCH03399,FAC003,MED0167,VND028,2026-05-08,452,2451.31
BATCH04812,FAC002,MED0144,VND002,2022-08-27,242,2376.43
BATCH04833,FAC001,MED0092,VND008,2028-05-18,165,241.93
BATCH02893,FAC003,MED0101,VND026,2026-01-10,415,2334.12
BATCH03408,FAC005,MED0027,VND003,2025-04-28,431,1903.88
BATCH02958,FAC003,MED0166,VND021,2025-07-06,187,1601.29
BATCH04752,FAC003,MED0115,VND025,2027-11-12,23,602.58
BATCH00337,FAC005,MED0011,VND002,2025-04-09,270,1713.11
BATCH05258,FAC005,MED0112,VND032,2028-03-01,287,710.83
BATCH01965,FAC003,MED0131,VND004,2026-12-29,405,880.74
BATCH03558,FAC005,MED0041,VND030,2026-06-08,395,1743.19
BATCH01562,FAC002,MED0097,VND030,2026-04-12,383,1761.52
BATCH01739,FAC004,MED0042,VND017,2025-05-30,4,2494.37
BATCH04363,FAC003,MED0039,VND001,2022-11-16,266,2357.73
BATCH02440,FAC005,MED0147,VND028,2026-05-04,76,201.71
BATCH02019,FAC001,MED0129,VND019,2026-07-12,490,1456.61
BATCH03097,FAC004,MED0125,VND018,2026-07-18,378,2421.88
BATCH00725,FAC004,MED0177,VND027,2026-01-21,434,1671.55
BATCH00766,FAC003,MED0170,VND030,2026-05-24,435,1558.24
BATCH00287,FAC001,MED0152,VND027,2026-05-20,122,120.68
BATCH00308,FAC002,MED0118,VND019,2025-09-08,396,977.89
BATCH05211,FAC003,MED0150,VND020,2024-05-11,390,2057.76
BATCH04669,FAC004,MED0110,VND020,2023-10-11,216,302.47
BATCH05436,FAC005,MED0123,VND013,2028-08-08,500,1240.1
BATCH01731,FAC005,MED0105,VND019,2025-04-07,339,2053.03
BATCH04410,FAC001,MED0053,VND004,2022-12-13,248,650.79
BATCH05086,FAC002,MED0151,VND021,2024-02-08,106,2298.59
BATCH01472,FAC004,MED0179,VND010,2026-03-05,101,449.11
BATCH00072,FAC003,MED0029,VND013,2026-06-04,387,510.68
BATCH01567,FAC003,MED0115,VND005,2026-08-05,472,602.58
BATCH00712,FAC003,MED0154,VND026,2026-11-23,263,957.18
BATCH03711,FAC003,MED0158,VND021,2025-05-17,299,1466.19
BATCH01021,FAC001,MED0094,VND022,2026-09-21,232,1827.26
BATCH01346,FAC001,MED0074,VND008,2026-01-01,6,183.48
BATCH04999,FAC005,MED0092,VND017,2025-03-18,306,241.93
BATCH03159,FAC002,MED0158,VND021,2026-05-02,8,1466.19
BATCH00738,FAC004,MED0032,VND019,2025-04-21,171,409.76
BATCH05401,FAC003,MED0186,VND027,2023-07-06,270,532.5
BATCH02433,FAC003,MED0044,VND001,2026-11-12,174,604.99
BATCH05804,FAC001,MED0124,VND031,2027-05-19,37,1844.69
BATCH05571,FAC002,MED0042,VND038,2025-07-14,430,2494.37
BATCH01236,FAC005,MED0091,VND001,2026-07-07,26,439.85
BATCH02260,FAC005,MED0093,VND001,2025-10-21,291,2387.52
BATCH05480,FAC004,MED0016,VND024,2025-06-17,231,1497.97
BATCH04380,FAC004,MED0046,VND018,2023-09-08,260,600.19
BATCH03951,FAC003,MED0077,VND022,2026-12-19,322,903.85
BATCH05489,FAC004,MED0189,VND029,2024-02-06,378,1427.15
BATCH00979,FAC004,MED0176,VND008,2025-06-19,445,1743.68
BATCH04624,FAC004,MED0122,VND008,2028-01-10,500,1980.61
BATCH05109,FAC002,MED0053,VND037,2027-01-06,254,650.79
BATCH02023,FAC005,MED0022,VND008,2026-05-31,131,1824.69
BATCH03521,FAC001,MED0069,VND029,2026-01-18,303,704.66
BATCH05282,FAC005,MED0114,VND032,2028-11-03,297,631.04
BATCH00345,FAC002,MED0058,VND008,2026-12-29,45,1965.07
BATCH05000,FAC004,MED0058,VND011,2028-02-16,246,1965.07
BATCH00912,FAC004,MED0066,VND021,2026-02-23,470,1260.57
BATCH02437,FAC005,MED0001,VND015,2026-05-29,386,1832.13
BATCH00048,FAC001,MED0103,VND028,2025-11-21,6,1467.75
BATCH04081,FAC004,MED0149,VND040,2021-07-07,248,1510.13
BATCH05196,FAC004,MED0161,VND030,2028-03-31,161,2196.53
BATCH00444,FAC005,MED0061,VND003,2026-01-19,9,1632.69
BATCH03593,FAC004,MED0084,VND015,2026-03-17,226,905.6
BATCH03131,FAC005,MED0085,VND008,2025-05-04,169,1926.82
BATCH02487,FAC005,MED0014,VND006,2026-12-24,193,526.19
BATCH05709,FAC001,MED0083,VND015,2022-09-24,500,84.01
BATCH01894,FAC003,MED0005,VND021,2025-08-25,278,1546.76
BATCH03018,FAC003,MED0170,VND030,2025-09-26,82,1558.24
BATCH01221,FAC001,MED0039,VND024,2025-12-13,146,2357.73
BATCH03831,FAC003,MED0066,VND021,2026-08-21,191,1260.57
BATCH02269,FAC001,MED0021,VND008,2026-01-21,180,21.76
BATCH01056,FAC001,MED0012,VND029,2025-05-17,199,2084.32
BATCH00849,FAC002,MED0007,VND028,2026-03-15,222,2434.6
BATCH03893,FAC003,MED0061,VND003,2026-01-23,314,1632.69
BATCH05847,FAC005,MED0151,VND020,2024-09-13,407,2298.59
BATCH03878,FAC001,MED0030,VND029,2026-04-22,26,1275.36
BATCH02743,FAC005,MED0132,VND029,2025-10-10,294,949.95
BATCH05607,FAC001,MED0019,VND036,2021-12-03,359,1360.4
BATCH04281,FAC003,MED0169,VND014,2028-04-21,132,1372.24
BATCH01329,FAC002,MED0015,VND018,2026-06-06,406,1939.63
BATCH02875,FAC004,MED0132,VND029,2026-07-20,390,949.95
BATCH04631,FAC002,MED0019,VND037,2023-07-14,71,1360.4
BATCH00777,FAC005,MED0170,VND030,2026-05-12,219,1558.24
BATCH05677,FAC002,MED0170,VND018,2022-12-08,400,1558.24
BATCH00184,FAC002,MED0033,VND030,2026-12-05,79,1586.44
BATCH03130,FAC001,MED0004,VND024,2025-11-01,133,2082.45
BATCH04099,FAC005,MED0014,VND025,2025-03-02,99,526.19
BATCH01194,FAC001,MED0114,VND018,2025-11-21,47,631.04
BATCH03649,FAC005,MED0104,VND018,2026-07-29,374,1436.83
BATCH00735,FAC005,MED0106,VND001,2026-02-05,261,1631.5
BATCH01836,FAC001,MED0122,VND021,2025-07-24,189,1980.61
BATCH02273,FAC002,MED0041,VND030,2026-10-04,241,1743.19
BATCH03794,FAC003,MED0080,VND001,2026-03-24,447,184.78
BATCH00486,FAC004,MED0178,VND019,2025-08-06,174,109.84
BATCH01164,FAC004,MED0091,VND001,2026-02-10,180,439.85
BATCH00453,FAC004,MED0044,VND001,2025-09-06,413,604.99
BATCH02299,FAC001,MED0117,VND020,2026-07-11,357,2067.53
BATCH04595,FAC002,MED0139,VND011,2024-12-14,153,2228.73
BATCH00031,FAC004,MED0002,VND019,2025-08-12,217,257.14
BATCH00790,FAC002,MED0162,VND008,2025-06-30,262,63.28
BATCH05099,FAC005,MED0168,VND030,2027-02-06,323,1390.6
BATCH01966,FAC002,MED0086,VND007,2026-03-11,25,220.69
BATCH01110,FAC002,MED0039,VND024,2026-08-11,270,2357.73
BATCH00101,FAC003,MED0149,VND020,2025-10-27,445,1510.13
BATCH03971,FAC003,MED0118,VND019,2025-06-22,302,977.89
BATCH03013,FAC005,MED0103,VND028,2026-04-27,366,1467.75
BATCH03168,FAC005,MED0159,VND010,2026-03-10,66,949.6
BATCH04725,FAC001,MED0054,VND002,2026-04-26,321,1327.89
BATCH01771,FAC003,MED0050,VND003,2025-06-24,499,2025.28
BATCH01920,FAC005,MED0057,VND024,2025-12-13,106,2220.32
BATCH03756,FAC002,MED0021,VND008,2025-10-27,321,21.76
BATCH04542,FAC003,MED0038,VND007,2025-04-25,151,561.49
BATCH00862,FAC005,MED0015,VND018,2025-07-23,63,1939.63
BATCH01502,FAC003,MED0082,VND019,2025-02-21,14,1168.27
BATCH00904,FAC003,MED0161,VND030,2026-04-13,339,2196.53
BATCH05056,FAC004,MED0026,VND030,2024-02-03,500,1184.76
BATCH00110,FAC003,MED0152,VND027,2026-08-15,143,120.68
BATCH05369,FAC004,MED0059,VND028,2026-04-05,139,935.73
BATCH05873,FAC001,MED0197,VND008,2023-09-08,370,492.07
BATCH05035,FAC003,MED0064,VND024,2027-12-31,333,668.88
BATCH04398,FAC001,MED0039,VND005,2027-12-24,253,2357.73
BATCH01927,FAC002,MED0151,VND015,2026-03-28,273,2298.59
BATCH02134,FAC003,MED0064,VND022,2025-07-11,115,668.88
BATCH03526,FAC005,MED0127,VND013,2025-11-12,181,562.66
BATCH05862,FAC005,MED0185,VND039,2022-04-04,179,3000.0
BATCH04651,FAC002,MED0111,VND003,2027-09-02,455,2194.66
BATCH03672,FAC001,MED0054,VND020,2025-02-16,262,1327.89
