po_id,facility_id,vendor_id,medicine_id,order_date,ordered_quantity,order_value,po_status
PO01802,FAC005,VND038,MED0157,2025-07-12,500,669795.0,Delivered
PO01191,FAC004,VND028,MED0007,2025-09-14,473,1151565.8,Partially Delivered
PO01818,FAC004,VND020,MED0146,2021-01-17,49,57013.46,Delivered
PO00252,FAC001,VND029,MED0171,2025-06-12,335,125460.85,Delivered
PO02506,FAC005,VND029,MED0067,2025-06-25,132,76773.84,Pending
PO01118,FAC004,VND005,MED0180,2025-07-04,769,889163.94,Delivered
PO01412,FAC002,VND003,MED0050,2025-01-08,886,1794398.08,Pending
PO02114,FAC004,VND011,MED0150,2021-01-28,500,1028880.0,Delivered
PO00409,FAC004,VND019,MED0119,2025-08-19,668,157307.32,Delivered
PO02580,FAC002,VND038,MED0106,2021-09-18,500,815750.0,Delivered
PO02255,FAC004,VND014,MED0105,2021-03-16,388,796575.64,Pending
PO00053,FAC003,VND019,MED0119,2025-01-20,93,21900.57,Delivered
PO00645,FAC002,VND019,MED0002,2025-01-22,203,52199.42,Delivered
PO01764,FAC002,VND028,MED0154,2023-03-06,405,387657.9,Delivered
PO02777,FAC005,VND006,MED0174,2026-10-18,424,257130.56,Delivered
PO00901,FAC002,VND026,MED0076,2025-06-11,369,684126.0,Delivered
PO01074,FAC004,VND029,MED0069,2025-07-17,454,319915.64,Partially Delivered
PO00473,FAC003,VND008,MED0022,2025-12-13,631,1151379.39,Delivered
PO02739,FAC005,VND028,MED0081,2022-10-18,500,121100.0,Delivered
PO02547,FAC003,VND037,MED0109,2026-12-09,391,667272.78,Pending
PO00045,FAC003,VND009,MED0051,2025-11-15,501,866639.82,Delivered
PO00290,FAC004,VND016,MED0098,2025-08-07,938,1893662.54,Delivered
PO00913,FAC002,VND021,MED0158,2025-07-29,477,699372.63,Delivered
PO02084,FAC005,VND002,MED0108,2026-11-01,500,855025.0,Delivered
PO01361,FAC003,VND021,MED0071,2025-07-05,81,116166.15,Pending
PO02896,FAC002,VND010,MED0076,2022-02-22,37,68598.0,Partially Delivered
PO02604,FAC001,VND005,MED0013,2025-09-20,500,231065.0,Delivered
PO01227,FAC001,VND029,MED0132,2025-10-23,361,342931.95,Delivered
PO00297,FAC003,VND003,MED0116,2025-09-16,533,141234.34,Pending
PO01242,FAC001,VND003,MED0027,2025-04-20,167,317947.96,Partially Delivered
PO01006,FAC004,VND008,MED0022,2025-05-19,28,51091.32,Delivered
PO01666,FAC005,VND021,MED0140,2023-10-26,288,55267.2,Cancelled
PO00747,FAC004,VND013,MED0029,2025-04-30,71,36258.28,Partially Delivered
PO02852,FAC003,VND040,MED0007,2024-06-27,381,927582.6,Cancelled
PO00292,FAC005,VND018,MED0125,2025-04-24,213,515860.44,Delivered
PO00782,FAC005,VND010,MED0023,2025-03-07,744,670567.2,Partially Delivered
PO02145,FAC003,VND030,MED0059,2022-09-23,237,221768.01,Cancelled
PO00323,FAC005,VND017,MED0172,2025-08-13,491,319911.05,Delivered
PO00299,FAC005,VND026,MED0109,2025-10-06,788,1344785.04,Delivered
PO01299,FAC004,VND024,MED0057,2025-11-25,742,1647477.44,Delivered
PO00195,FAC003,VND015,MED0087,2025-02-24,360,630424.8,Delivered
PO00064,FAC004,VND010,MED0179,2025-06-08,638,286532.18,Delivered
PO00394,FAC001,VND015,MED0139,2025-11-30,641,1428615.93,Delivered
PO00728,FAC004,VND001,MED0020,2025-05-28,96,4509.12,Partially Delivered
PO01584,FAC003,VND027,MED0101,2024-01-02,467,1090034.04,Partially Delivered
PO01548,FAC004,VND040,MED0039,2023-06-08,500,1178865.0,Delivered
PO02426,FAC004,VND032,MED0015,2025-11-16,160,310340.8,Delivered
PO00015,FAC002,VND026,MED0128,2025-03-27,803,299792.02,Delivered
PO02568,FAC004,VND018,MED0138,2026-01-17,500,1003430.0,Partially Delivered
PO01601,FAC003,VND004,MED0104,2023-05-02,469,673873.27,Delivered
PO01091,FAC001,VND021,MED0122,2025-04-18,535,1059626.35,Partially Delivered
PO02112,FAC002,VND012,MED0115,2025-11-26,500,301290.0,Pending
PO00204,FAC005,VND006,MED0173,2025-06-16,432,533779.2,Delivered
PO02419,FAC003,VND018,MED0063,2022-08-27,201,155913.69,Delivered
PO00153,FAC003,VND014,MED0010,2025-12-22,30,60675.9,Delivered
PO02902,FAC005,VND030,MED0010,2022-08-25,500,1011265.0,Delivered
PO01360,FAC001,VND005,MED0180,2025-03-07,21,24281.46,Delivered
PO00773,FAC005,VND030,MED0168,2025-11-23,787,1094402.2,Delivered
PO02679,FAC004,VND001,MED0016,2023-05-30,500,748985.0,Delivered
PO01002,FAC005,VND015,MED0084,2025-08-03,348,315148.8,Delivered
PO00719,FAC001,VND012,MED0121,2025-11-21,519,429228.57,Partially Delivered
PO00613,FAC001,VND017,MED0172,2025-07-28,981,639170.55,Delivered
PO00843,FAC003,VND011,MED0111,2025-01-30,582,1277292.12,Partially Delivered
PO00267,FAC003,VND021,MED0158,2025-10-11,553,810803.07,Delivered
PO00052,FAC003,VND025,MED0008,2025-05-14,728,90090.0,Cancelled
PO01196,FAC005,VND019,MED0129,2025-05-12,161,234514.21,Delivered
PO01271,FAC005,VND009,MED0009,2025-08-05,507,86245.77,Pending
PO01492,FAC005,VND005,MED0124,2025-03-02,872,1608569.68,Pending
PO01583,FAC002,VND025,MED0086,2025-04-04,280,61793.2,Pending
PO00522,FAC003,VND019,MED0118,2025-05-26,657,642473.73,Delivered
PO01695,FAC003,VND003,MED0177,2026-12-02,500,835775.0,Delivered
PO02664,FAC001,VND034,MED0070,2021-11-15,113,269285.78,Delivered
PO02749,FAC001,VND023,MED0070,2026-06-13,1,2383.06,Delivered
PO01922,FAC004,VND007,MED0186,2026-09-25,1,532.5,Delivered
PO00103,FAC003,VND008,MED0074,2025-08-31,797,146233.56,Delivered
PO00696,FAC003,VND003,MED0059,2025-09-17,87,81408.51,Delivered
PO02333,FAC001,VND014,MED0071,2025-04-14,330,473269.5,Partially Delivered
PO02725,FAC004,VND029,MED0107,2024-04-26,500,271380.0,Partially Delivered
PO02273,FAC004,VND019,MED0050,2025-01-29,500,1012640.0,Delivered
PO02483,FAC003,VND002,MED0164,2022-06-15,500,1210095.0,Delivered
PO01843,FAC003,VND037,MED0152,2026-02-26,1,120.68,Delivered
PO01831,FAC003,VND027,MED0131,2024-05-27,1,880.74,Partially Delivered
PO00795,FAC002,VND005,MED0067,2025-07-14,208,120976.96,Pending
PO01821,FAC004,VND035,MED0003,2022-05-16,500,886260.0,Delivered
PO02002,FAC001,VND032,MED0063,2026-03-20,242,187716.98,Delivered
PO00145,FAC005,VND030,MED0168,2025-03-31,57,79264.2,Delivered
PO02526,FAC004,VND027,MED0026,2026-03-13,147,174159.72,Delivered
PO01331,FAC004,VND022,MED0077,2025-03-25,962,869503.7,Delivered
PO02478,FAC004,VND008,MED0044,2022-02-15,114,68968.86,Delivered
PO02882,FAC003,VND018,MED0152,2024-03-18,500,60340.0,Delivered
PO00322,FAC002,VND029,MED0112,2025-07-16,514,365366.62,Pending
PO01262,FAC001,VND020,MED0117,2025-10-27,360,744310.8,Pending
PO02415,FAC002,VND004,MED0078,2022-06-16,454,293497.38,Delivered
PO01270,FAC003,VND008,MED0003,2025-03-01,769,1363067.88,Delivered
PO01761,FAC004,VND015,MED0193,2026-01-11,60,180000.0,Delivered
PO00417,FAC001,VND021,MED0005,2025-01-27,667,1031688.92,Cancelled
PO02632,FAC002,VND036,MED0152,2022-09-25,413,49840.84,Partially Delivered
PO02292,FAC001,VND026,MED0035,2026-04-01,1,800.46,Delivered
PO00175,FAC004,VND029,MED0030,2025-05-12,415,529274.4,Partially Delivered
PO01726,FAC002,VND002,MED0080,2024-04-23,500,92390.0,Pending
PO02176,FAC001,VND029,MED0169,2024-12-03,500,686120.0,Pending
PO00046,FAC005,VND021,MED0123,2025-01-30,624,773822.4,Pending
PO00686,FAC004,VND003,MED0136,2025-04-26,444,649017.0,Partially Delivered
PO01608,FAC003,VND002,MED0046,2026-07-19,476,285690.44,Pending
PO01232,FAC004,VND023,MED0175,2025-02-12,691,226019.19,Delivered
PO00863,FAC003,VND026,MED0109,2025-01-06,767,1308946.86,Delivered
PO01966,FAC003,VND018,MED0031,2022-05-27,148,279842.84,Delivered
PO00332,FAC005,VND003,MED0150,2025-06-26,49,100830.24,Partially Delivered
PO00094,FAC005,VND004,MED0131,2025-09-08,97,85431.78,Delivered
PO01642,FAC003,VND030,MED0102,2022-01-03,227,350192.9,Delivered
PO02987,FAC003,VND015,MED0138,2023-02-15,500,1003430.0,Delivered
PO00507,FAC002,VND029,MED0072,2025-08-22,628,607690.48,Pending
PO02910,FAC002,VND013,MED0002,2025-11-18,500,128570.0,Delivered
PO02046,FAC001,VND034,MED0152,2026-06-20,254,30652.72,Delivered
PO00496,FAC005,VND020,MED0049,2025-12-04,629,515962.41,Pending
PO02133,FAC003,VND023,MED0064,2022-12-03,331,221399.28,Partially Delivered
PO00001,FAC004,VND010,MED0053,2025-07-06,174,113237.46,Pending
PO00315,FAC004,VND012,MED0034,2025-04-11,640,302675.2,Delivered
PO01273,FAC001,VND029,MED0030,2025-07-30,609,776694.24,Delivered
PO01942,FAC004,VND023,MED0170,2024-06-20,313,487729.12,Delivered
PO02968,FAC001,VND013,MED0008,2022-07-22,467,57791.25,Delivered
PO01317,FAC003,VND020,MED0169,2025-02-15,708,971545.92,Pending
PO00756,FAC002,VND018,MED0088,2025-03-10,476,616239.12,Delivered
PO01771,FAC003,VND017,MED0151,2025-07-03,101,232157.59,Delivered
PO01201,FAC005,VND001,MED0091,2025-04-22,87,38266.95,Delivered
PO02175,FAC005,VND018,MED0185,2025-10-14,500,1500000.0,Delivered
PO01992,FAC002,VND010,MED0004,2023-08-31,1,2082.45,Delivered
PO00880,FAC003,VND005,MED0124,2025-04-06,902,1663910.38,Delivered
PO00766,FAC001,VND020,MED0049,2025-11-20,121,99255.09,Partially Delivered
PO00928,FAC004,VND018,MED0108,2025-05-27,368,629298.4,Partially Delivered
PO02378,FAC002,VND003,MED0071,2023-05-08,500,717075.0,Delivered
PO01375,FAC004,VND017,MED0068,2025-03-28,55,6416.3,Cancelled
PO01815,FAC004,VND015,MED0105,2025-10-16,255,523522.65,Pending
PO01799,FAC004,VND015,MED0136,2021-07-21,500,730875.0,Pending
PO00930,FAC001,VND029,MED0030,2025-09-24,430,548404.8,Pending
PO00437,FAC003,VND028,MED0089,2025-09-10,818,1523238.7,Delivered
PO00197,FAC003,VND001,MED0153,2025-01-26,658,792942.64,Partially Delivered
PO01763,FAC004,VND027,MED0078,2024-02-23,500,323235.0,Delivered
PO01065,FAC001,VND001,MED0020,2025-09-10,779,36589.63,Delivered
PO02343,FAC001,VND001,MED0150,2023-08-29,337,693465.12,Cancelled
PO02529,FAC005,VND009,MED0195,2022-10-28,431,959121.54,Pending
PO01269,FAC003,VND003,MED0061,2025-03-30,828,1351867.32,Delivered
PO02324,FAC002,VND013,MED0167,2025-10-07,500,1225655.0,Delivered
PO02780,FAC002,VND004,MED0049,2023-08-21,203,166518.87,Delivered
PO02226,FAC004,VND025,MED0183,2026-05-06,500,1252050.0,Delivered
PO00451,FAC003,VND010,MED0053,2025-03-06,841,547314.39,Pending
PO02165,FAC002,VND015,MED0065,2022-12-03,339,756302.22,Partially Delivered
PO02373,FAC005,VND029,MED0194,2026-07-09,500,916840.0,Delivered
PO02013,FAC002,VND002,MED0127,2022-05-31,1,562.66,Pending
PO00271,FAC003,VND021,MED0090,2025-09-01,124,25982.96,Delivered
PO01841,FAC002,VND016,MED0040,2021-04-05,500,84855.0,Delivered
PO02935,FAC004,VND021,MED0093,2024-05-02,177,422591.04,Delivered
PO00979,FAC002,VND030,MED0168,2025-05-30,995,1383647.0,Delivered
PO02167,FAC003,VND013,MED0078,2025-08-14,500,323235.0,Delivered
PO00355,FAC001,VND030,MED0092,2025-10-31,915,221365.95,Delivered
PO01877,FAC001,VND031,MED0181,2024-11-03,464,1392000.0,Delivered
PO00185,FAC002,VND007,MED0110,2025-04-01,297,89833.59,Delivered
PO02745,FAC002,VND007,MED0137,2024-12-16,500,107285.0,Delivered
PO01615,FAC003,VND037,MED0190,2021-11-04,500,408915.0,Partially Delivered
PO02760,FAC002,VND017,MED0147,2022-10-21,252,50830.92,Pending
PO01707,FAC001,VND009,MED0107,2023-03-13,281,152515.56,Cancelled
PO01862,FAC004,VND009,MED0036,2024-09-30,394,422505.9,Delivered
PO00247,FAC003,VND023,MED0075,2025-02-28,85,30352.65,Delivered
PO00556,FAC003,VND019,MED0032,2025-08-22,810,331905.6,Delivered
PO01753,FAC004,VND006,MED0135,2021-05-04,271,81538.48,Delivered
PO01365,FAC002,VND027,MED0152,2025-10-09,372,44892.96,Delivered
PO00068,FAC001,VND024,MED0039,2025-09-24,127,299431.71,Delivered
PO02619,FAC003,VND019,MED0134,2023-06-08,333,391574.7,Pending
PO02285,FAC001,VND039,MED0065,2026-12-06,356,794228.88,Delivered
PO00533,FAC004,VND010,MED0179,2025-08-11,609,273507.99,Delivered
PO02874,FAC004,VND034,MED0151,2023-08-16,350,804506.5,Delivered
PO02706,FAC002,VND028,MED0023,2024-01-17,340,306442.0,Delivered
PO01503,FAC003,VND014,MED0173,2024-12-06,175,216230.0,Delivered
PO00762,FAC002,VND029,MED0069,2025-12-31,851,599665.66,Delivered
PO02753,FAC004,VND011,MED0094,2022-08-19,321,586550.46,Delivered
PO01212,FAC002,VND019,MED0129,2025-01-17,340,495247.4,Delivered
PO02244,FAC005,VND040,MED0130,2026-09-08,500,298910.0,Delivered
PO01794,FAC001,VND006,MED0089,2022-11-03,500,931075.0,Delivered
PO00536,FAC002,VND016,MED0098,2025-03-13,980,1978453.4,Delivered
PO01747,FAC003,VND030,MED0085,2023-10-24,368,709069.76,Pending
PO00464,FAC004,VND030,MED0092,2025-12-19,491,118787.63,Pending
PO02678,FAC001,VND040,MED0084,2023-06-28,500,452800.0,Cancelled
PO01840,FAC002,VND024,MED0145,2021-12-03,272,422516.64,Cancelled
PO02863,FAC002,VND030,MED0016,2024-10-14,500,748985.0,Pending
PO00125,FAC004,VND024,MED0025,2025-05-16,315,525256.2,Delivered
PO00179,FAC001,VND003,MED0050,2025-07-15,612,1239471.36,Delivered
PO00193,FAC003,VND015,MED0151,2025-10-23,419,963109.21,Cancelled
PO02308,FAC001,VND004,MED0147,2023-01-30,500,100855.0,Delivered
PO01430,FAC001,VND026,MED0128,2025-03-23,84,31360.56,Delivered
PO01692,FAC004,VND034,MED0091,2023-04-13,173,76094.05,Delivered
PO00742,FAC004,VND016,MED0165,2025-09-09,752,905611.04,Delivered
PO01035,FAC003,VND028,MED0147,2025-12-01,987,199087.77,Delivered
PO01967,FAC001,VND039,MED0056,2023-04-24,75,65867.25,Delivered
PO00479,FAC001,VND011,MED0052,2025-01-19,994,852792.36,Delivered
PO01028,FAC005,VND001,MED0153,2025-08-08,761,917065.88,Delivered
PO02602,FAC001,VND024,MED0196,2023-11-04,1,1756.94,Partially Delivered
PO00369,FAC002,VND006,MED0138,2025-09-23,496,995402.56,Pending
PO02524,FAC002,VND027,MED0147,2024-09-18,481,97022.51,Cancelled
PO00846,FAC002,VND008,MED0003,2025-03-02,434,769273.68,Delivered
PO00257,FAC005,VND024,MED0057,2025-04-10,913,2027152.16,Cancelled
PO01223,FAC005,VND017,MED0042,2025-08-02,775,1933136.75,Delivered
PO01993,FAC003,VND012,MED0024,2025-12-18,443,499717.29,Pending
PO00212,FAC005,VND008,MED0021,2025-02-27,295,6419.2,Delivered
PO02690,FAC004,VND031,MED0134,2021-04-22,500,587950.0,Pending
PO01950,FAC001,VND012,MED0007,2025-05-05,354,861848.4,Delivered
PO01363,FAC002,VND029,MED0171,2025-06-18,645,241558.95,Delivered
PO02152,FAC005,VND015,MED0058,2022-11-10,116,227948.12,Delivered
PO02154,FAC003,VND027,MED0043,2021-01-12,500,516150.0,Delivered
PO00568,FAC002,VND021,MED0122,2025-12-12,363,718961.43,Pending
PO02207,FAC001,VND023,MED0127,2023-05-25,246,138414.36,Delivered
PO02094,FAC002,VND019,MED0046,2022-09-19,397,238275.43,Pending
PO01711,FAC001,VND031,MED0037,2023-05-19,272,6887.04,Delivered
PO01264,FAC004,VND001,MED0153,2025-06-02,114,137379.12,Pending
PO02124,FAC004,VND040,MED0080,2021-05-19,500,92390.0,Delivered
PO00799,FAC003,VND005,MED0180,2025-03-18,780,901882.8,Delivered
PO00081,FAC005,VND008,MED0022,2025-04-15,612,1116710.28,Partially Delivered
PO00033,FAC004,VND003,MED0078,2025-04-30,74,47838.78,Pending
PO00415,FAC001,VND021,MED0066,2025-06-03,610,768947.7,Delivered
PO01805,FAC003,VND012,MED0161,2021-06-14,482,1058727.46,Delivered
PO02214,FAC002,VND024,MED0087,2025-10-29,403,705725.54,Delivered
PO01322,FAC002,VND018,MED0108,2025-09-06,167,285578.35,Delivered
PO01568,FAC003,VND021,MED0197,2022-08-13,438,215526.66,Delivered
PO00784,FAC001,VND008,MED0085,2025-05-29,472,909459.04,Delivered
PO02992,FAC005,VND003,MED0113,2025-03-29,500,1009315.0,Pending
PO01413,FAC003,VND028,MED0007,2025-11-21,391,951928.6,Delivered
PO00458,FAC004,VND002,MED0043,2025-12-04,803,828936.9,Pending
PO00140,FAC003,VND018,MED0015,2025-08-21,89,172627.07,Delivered
PO02231,FAC004,VND022,MED0193,2022-08-13,391,1173000.0,Partially Delivered
PO01026,FAC005,VND020,MED0054,2025-03-09,143,189888.27,Pending
PO00089,FAC005,VND015,MED0139,2025-03-14,608,1355067.84,Cancelled
PO01443,FAC005,VND023,MED0075,2025-11-06,167,59634.03,Delivered
PO01832,FAC001,VND020,MED0182,2021-08-07,272,508446.88,Pending
PO02577,FAC004,VND037,MED0064,2023-01-25,500,334440.0,Partially Delivered
PO00255,FAC003,VND002,MED0043,2025-06-05,168,173426.4,Delivered
PO00606,FAC002,VND017,MED0040,2025-02-07,625,106068.75,Delivered
PO01045,FAC003,VND001,MED0106,2025-08-01,421,686861.5,Delivered
PO00569,FAC002,VND029,MED0030,2025-12-15,504,642781.44,Delivered
PO01733,FAC001,VND028,MED0171,2021-10-22,500,187255.0,Delivered
PO02543,FAC002,VND005,MED0002,2025-01-31,321,82541.94,Delivered
PO00858,FAC002,VND014,MED0160,2025-12-20,830,526709.7,Pending
PO02473,FAC002,VND035,MED0194,2022-11-23,146,267717.28,Delivered
PO00818,FAC005,VND004,MED0146,2025-06-27,360,418874.4,Pending
PO02031,FAC004,VND035,MED0117,2023-08-19,486,1004819.58,Delivered
PO01878,FAC005,VND022,MED0066,2024-01-18,500,630285.0,Delivered
PO00142,FAC002,VND008,MED0085,2025-03-17,279,537582.78,Delivered
PO00444,FAC005,VND025,MED0141,2025-07-17,318,417076.08,Delivered
PO01175,FAC005,VND005,MED0124,2025-10-20,698,1287593.62,Delivered
PO00487,FAC005,VND019,MED0082,2025-10-01,217,253514.59,Partially Delivered
PO00882,FAC002,VND001,MED0080,2025-06-23,393,72618.54,Delivered
PO02565,FAC005,VND021,MED0078,2022-09-29,192,124122.24,Partially Delivered
PO01085,FAC003,VND011,MED0111,2025-05-10,987,2166129.42,Delivered
PO01300,FAC003,VND030,MED0038,2025-08-30,495,277937.55,Partially Delivered
PO00176,FAC004,VND004,MED0146,2025-08-30,474,551517.96,Partially Delivered
PO01095,FAC005,VND021,MED0071,2025-06-11,244,349932.6,Delivered
PO02701,FAC004,VND030,MED0061,2022-01-18,500,816345.0,Delivered
PO02847,FAC005,VND039,MED0186,2025-09-30,402,214065.0,Pending
PO01964,FAC001,VND006,MED0106,2026-02-11,500,815750.0,Partially Delivered
PO02682,FAC003,VND020,MED0189,2021-01-03,500,713575.0,Delivered
PO02098,FAC003,VND033,MED0153,2022-05-09,500,602540.0,Delivered
PO02156,FAC003,VND011,MED0050,2026-01-21,500,1012640.0,Delivered
PO01557,FAC002,VND025,MED0046,2022-09-30,500,300095.0,Delivered
PO01671,FAC004,VND012,MED0166,2023-12-18,411,658130.19,Cancelled
PO00178,FAC001,VND020,MED0169,2025-11-27,61,83706.64,Pending
PO01079,FAC001,VND009,MED0070,2025-11-29,208,495676.48,Partially Delivered
PO00599,FAC005,VND008,MED0074,2025-07-12,801,146967.48,Partially Delivered
PO02191,FAC004,VND026,MED0039,2023-01-03,500,1178865.0,Delivered
PO02532,FAC002,VND026,MED0050,2024-06-20,95,192401.6,Pending
PO02668,FAC002,VND035,MED0141,2023-11-24,500,655780.0,Pending
PO02787,FAC003,VND017,MED0013,2024-03-14,301,139101.13,Pending
PO00480,FAC001,VND017,MED0042,2025-04-11,22,54876.14,Delivered
PO01968,FAC004,VND025,MED0151,2023-12-13,234,537870.06,Pending
PO01058,FAC002,VND015,MED0084,2025-06-01,868,786060.8,Delivered
PO02269,FAC005,VND022,MED0181,2023-03-15,155,465000.0,Pending
PO00534,FAC001,VND013,MED0029,2025-12-20,320,163417.6,Pending
PO01104,FAC001,VND007,MED0028,2025-09-21,920,100059.2,Delivered
PO01107,FAC004,VND021,MED0158,2025-12-01,944,1384083.36,Delivered
PO02928,FAC004,VND017,MED0192,2023-04-03,270,321516.0,Delivered
PO01124,FAC004,VND026,MED0154,2025-10-31,276,264181.68,Partially Delivered
PO00943,FAC002,VND029,MED0072,2025-05-16,385,372549.1,Cancelled
PO00163,FAC004,VND017,MED0172,2025-04-05,949,618320.95,Delivered
PO01552,FAC005,VND023,MED0103,2025-07-30,500,733875.0,Delivered
PO00966,FAC001,VND015,MED0084,2025-08-12,832,753459.2,Delivered
PO00472,FAC001,VND021,MED0005,2025-09-30,700,1082732.0,Delivered
PO00845,FAC004,VND008,MED0058,2025-10-09,151,296725.57,Partially Delivered
PO00999,FAC004,VND029,MED0072,2025-01-06,27,26126.82,Partially Delivered
PO01905,FAC003,VND015,MED0004,2021-12-19,500,1041225.0,Delivered
PO00031,FAC001,VND017,MED0040,2025-05-24,811,137634.81,Pending
PO02891,FAC004,VND029,MED0014,2022-10-04,500,263095.0,Pending
PO00424,FAC004,VND019,MED0032,2025-10-24,557,228236.32,Cancelled
PO00512,FAC004,VND007,MED0110,2025-07-23,839,253772.33,Partially Delivered
PO02759,FAC002,VND036,MED0002,2023-04-27,500,128570.0,Delivered
PO02738,FAC001,VND001,MED0149,2021-11-26,94,141952.22,Delivered
PO01394,FAC001,VND019,MED0118,2025-02-08,801,783289.89,Delivered
PO01587,FAC003,VND036,MED0135,2025-04-09,137,41220.56,Delivered
PO01930,FAC005,VND006,MED0189,2024-10-14,155,221208.25,Delivered
PO02498,FAC001,VND012,MED0138,2022-10-20,500,1003430.0,Pending
PO00788,FAC004,VND004,MED0062,2025-04-03,141,84490.02,Delivered
PO02637,FAC003,VND035,MED0159,2021-07-30,500,474800.0,Delivered
PO02539,FAC005,VND008,MED0177,2024-03-01,500,835775.0,Delivered
PO00403,FAC005,VND017,MED0155,2025-02-09,569,1193261.28,Delivered
PO00434,FAC003,VND004,MED0146,2025-02-01,904,1051840.16,Cancelled
PO01152,FAC001,VND015,MED0031,2025-03-27,839,1586406.37,Partially Delivered
PO00074,FAC005,VND017,MED0042,2025-03-05,255,636064.35,Delivered
PO01537,FAC001,VND020,MED0164,2026-10-07,284,687333.96,Cancelled
PO02710,FAC001,VND001,MED0057,2026-12-03,500,1110160.0,Delivered
PO00622,FAC005,VND021,MED0158,2025-03-09,983,1441264.77,Delivered
PO01438,FAC002,VND009,MED0056,2025-05-31,808,709609.84,Delivered
PO01560,FAC002,VND031,MED0173,2022-01-12,476,588145.6,Delivered
PO01567,FAC001,VND026,MED0055,2023-06-23,500,699635.0,Pending
PO00325,FAC003,VND025,MED0008,2025-05-28,607,75116.25,Delivered
PO00333,FAC004,VND026,MED0101,2025-06-27,449,1048019.88,Delivered
PO01393,FAC003,VND001,MED0020,2025-07-03,522,24518.34,Delivered
PO00651,FAC003,VND029,MED0132,2025-08-02,733,696313.35,Delivered
PO02237,FAC005,VND037,MED0038,2024-08-18,500,280745.0,Delivered
PO01534,FAC001,VND004,MED0055,2022-06-20,500,699635.0,Delivered
PO02164,FAC005,VND023,MED0012,2025-03-13,500,1042160.0,Pending
PO00544,FAC004,VND008,MED0024,2025-07-15,240,270727.2,Delivered
PO02959,FAC003,VND014,MED0089,2026-02-14,500,931075.0,Partially Delivered
PO01819,FAC002,VND023,MED0110,2026-07-15,500,151235.0,Partially Delivered
PO01625,FAC002,VND011,MED0175,2026-01-23,418,136723.62,Delivered
PO01178,FAC002,VND015,MED0084,2025-05-10,114,103238.4,Delivered
PO00680,FAC003,VND001,MED0153,2025-03-19,253,304885.24,Delivered
PO02097,FAC004,VND016,MED0132,2026-07-20,1,949.95,Delivered
PO02030,FAC003,VND038,MED0030,2025-12-09,491,626201.76,Delivered
PO01660,FAC003,VND015,MED0004,2025-06-22,474,987081.3,Delivered
PO01638,FAC005,VND016,MED0126,2023-01-02,500,1084120.0,Pending
PO00240,FAC001,VND026,MED0154,2025-05-26,206,197179.08,Delivered
PO02125,FAC003,VND010,MED0048,2024-06-09,500,403690.0,Delivered
PO02620,FAC001,VND014,MED0017,2025-03-12,500,1201620.0,Partially Delivered
PO02291,FAC002,VND017,MED0114,2023-05-25,500,315520.0,Pending
PO00765,FAC005,VND013,MED0127,2025-09-01,538,302711.08,Partially Delivered
PO01129,FAC004,VND019,MED0065,2025-03-12,906,2021267.88,Delivered
PO01886,FAC002,VND028,MED0054,2024-01-17,500,663945.0,Delivered
PO01117,FAC001,VND018,MED0088,2025-12-31,816,1056409.92,Delivered
PO01103,FAC005,VND015,MED0151,2025-10-06,308,707965.72,Delivered
PO02848,FAC004,VND038,MED0177,2022-01-11,500,835775.0,Pending
PO02331,FAC001,VND033,MED0035,2023-03-10,163,130474.98,Partially Delivered
PO01362,FAC002,VND011,MED0052,2025-04-29,160,137270.4,Pending
PO02317,FAC005,VND003,MED0045,2023-12-06,470,1158192.8,Delivered
PO01408,FAC005,VND010,MED0179,2025-12-08,921,413630.31,Partially Delivered
PO02530,FAC005,VND010,MED0154,2025-03-06,500,478590.0,Delivered
PO00344,FAC001,VND001,MED0020,2025-03-29,662,31094.14,Delivered
PO01106,FAC002,VND005,MED0180,2025-01-28,198,228939.48,Delivered
PO02593,FAC003,VND033,MED0041,2022-04-15,500,871595.0,Cancelled
PO00558,FAC003,VND020,MED0120,2025-12-14,575,826280.75,Delivered
PO01476,FAC003,VND017,MED0172,2025-02-28,803,523194.65,Partially Delivered
PO02704,FAC003,VND022,MED0139,2022-01-27,470,1047503.1,Delivered
PO00595,FAC002,VND030,MED0097,2025-07-06,971,1710435.92,Delivered
PO01558,FAC001,VND040,MED0163,2025-12-22,156,324445.68,Delivered
PO00412,FAC004,VND018,MED0088,2025-09-07,874,1131497.88,Delivered
PO01056,FAC003,VND019,MED0002,2025-05-04,733,188483.62,Delivered
PO02474,FAC002,VND030,MED0020,2023-12-14,164,7703.08,Delivered
PO00109,FAC001,VND012,MED0006,2025-11-19,855,55976.85,Delivered
PO02026,FAC004,VND009,MED0165,2024-03-11,452,544330.04,Delivered
PO02707,FAC005,VND010,MED0158,2025-06-16,500,733095.0,Delivered
PO00319,FAC003,VND008,MED0024,2025-01-11,44,49633.32,Delivered
PO02719,FAC001,VND031,MED0106,2022-01-30,500,815750.0,Delivered
PO00841,FAC004,VND005,MED0124,2025-07-11,359,662243.71,Delivered
PO02958,FAC004,VND010,MED0149,2024-05-08,199,300515.87,Delivered
PO01352,FAC002,VND003,MED0050,2025-02-06,406,822263.68,Delivered
PO02826,FAC004,VND034,MED0043,2025-05-20,283,292140.9,Delivered
PO02367,FAC001,VND026,MED0157,2022-06-17,500,669795.0,Delivered
PO01883,FAC005,VND027,MED0077,2026-12-15,235,212404.75,Partially Delivered
PO00681,FAC002,VND017,MED0172,2025-06-25,992,646337.6,Delivered
PO00730,FAC004,VND024,MED0004,2025-05-14,604,1257799.8,Delivered
PO00790,FAC003,VND022,MED0148,2025-01-27,850,75250.5,Delivered
PO01814,FAC001,VND036,MED0191,2026-04-04,500,1500000.0,Delivered
PO01346,FAC004,VND008,MED0058,2025-07-14,683,1342142.81,Partially Delivered
PO01869,FAC005,VND030,MED0179,2023-08-11,403,180991.33,Delivered
PO02070,FAC003,VND005,MED0102,2022-09-14,398,613994.6,Cancelled
PO00433,FAC004,VND001,MED0106,2025-10-25,950,1549925.0,Delivered
PO00565,FAC001,VND001,MED0044,2025-12-25,319,192991.81,Delivered
PO01749,FAC001,VND011,MED0020,2022-04-11,474,22263.78,Delivered
PO01777,FAC004,VND025,MED0045,2025-01-29,500,1232120.0,Delivered
PO00071,FAC003,VND001,MED0020,2025-08-30,807,37904.79,Delivered
PO01789,FAC004,VND012,MED0005,2022-09-11,500,773380.0,Delivered
PO01230,FAC005,VND012,MED0126,2025-03-27,679,1472234.96,Delivered
PO01513,FAC004,VND039,MED0007,2025-05-09,500,1217300.0,Delivered
PO00057,FAC003,VND014,MED0160,2025-04-25,571,362350.89,Delivered
PO01602,FAC002,VND025,MED0107,2022-07-21,500,271380.0,Delivered
PO00652,FAC001,VND008,MED0085,2025-08-11,457,880556.74,Delivered
PO02177,FAC004,VND033,MED0189,2026-02-01,94,134152.1,Partially Delivered
PO00898,FAC001,VND026,MED0076,2025-01-11,782,1449828.0,Partially Delivered
PO00786,FAC004,VND028,MED0167,2025-02-27,965,2365514.15,Delivered
PO00310,FAC001,VND015,MED0018,2025-12-09,984,2040038.64,Delivered
PO02405,FAC005,VND027,MED0019,2021-01-15,287,390434.8,Delivered
PO01742,FAC001,VND033,MED0033,2023-01-11,500,793220.0,Pending
PO00908,FAC005,VND003,MED0050,2025-08-24,776,1571617.28,Partially Delivered
PO00603,FAC004,VND011,MED0111,2025-02-10,654,1435307.64,Delivered
PO01179,FAC004,VND029,MED0171,2025-06-24,242,90631.42,Delivered
PO02298,FAC005,VND008,MED0084,2025-04-08,500,452800.0,Delivered
PO01746,FAC004,VND024,MED0157,2023-10-04,500,669795.0,Delivered
PO01162,FAC001,VND004,MED0016,2025-10-17,707,1059064.79,Delivered
PO01510,FAC001,VND007,MED0085,2024-02-19,382,736045.24,Delivered
PO02096,FAC001,VND021,MED0154,2026-06-24,196,187607.28,Partially Delivered
PO01578,FAC002,VND032,MED0060,2023-12-14,500,357765.0,Partially Delivered
PO00573,FAC001,VND024,MED0057,2025-01-05,204,452945.28,Partially Delivered
PO00555,FAC004,VND017,MED0042,2025-02-23,102,254425.74,Partially Delivered
PO00946,FAC001,VND028,MED0140,2025-01-22,233,44712.7,Delivered
PO02997,FAC005,VND022,MED0091,2025-07-02,297,130635.45,Delivered
PO00875,FAC002,VND010,MED0159,2025-09-14,348,330460.8,Delivered
PO02995,FAC004,VND033,MED0064,2022-05-23,427,285611.76,Delivered
PO01570,FAC004,VND007,MED0047,2024-12-31,500,793380.0,Delivered
PO02669,FAC002,VND027,MED0026,2023-03-31,429,508262.04,Delivered
PO02628,FAC003,VND022,MED0020,2024-11-15,500,23485.0,Pending
PO01554,FAC003,VND018,MED0001,2024-07-25,18,32978.34,Delivered
PO00121,FAC002,VND010,MED0179,2025-11-08,978,439229.58,Delivered
PO02660,FAC004,VND017,MED0053,2025-10-17,392,255109.68,Delivered
PO00810,FAC002,VND020,MED0049,2025-01-21,801,657052.29,Delivered
PO02187,FAC005,VND008,MED0004,2026-02-27,500,1041225.0,Delivered
PO01619,FAC005,VND016,MED0130,2026-05-09,496,296518.72,Delivered
PO00314,FAC005,VND015,MED0001,2025-03-25,635,1163402.55,Delivered
PO01563,FAC002,VND008,MED0109,2025-04-29,500,853290.0,Delivered
PO00234,FAC001,VND030,MED0168,2025-09-08,977,1358616.2,Delivered
PO00508,FAC003,VND029,MED0171,2025-08-15,777,290994.27,Pending
PO01337,FAC005,VND030,MED0092,2025-10-04,553,133787.29,Delivered
PO01386,FAC002,VND026,MED0083,2025-11-08,900,75609.0,Delivered
PO00112,FAC001,VND019,MED0178,2025-07-15,89,9775.76,Delivered
PO01579,FAC001,VND036,MED0133,2026-01-28,247,205254.53,Delivered
PO00411,FAC003,VND003,MED0136,2025-08-29,208,304044.0,Pending
PO00219,FAC002,VND006,MED0138,2025-01-09,592,1188061.12,Delivered
PO02115,FAC001,VND035,MED0081,2021-12-22,418,101239.6,Delivered
PO01308,FAC002,VND001,MED0093,2025-12-03,462,1103034.24,Delivered
PO01081,FAC003,VND025,MED0008,2025-11-20,64,7920.0,Delivered
PO00760,FAC002,VND018,MED0108,2025-03-18,621,1061941.05,Delivered
PO00912,FAC004,VND028,MED0167,2025-05-13,893,2189019.83,Pending
PO00808,FAC002,VND022,MED0094,2025-07-02,88,160798.88,Delivered
PO00440,FAC004,VND001,MED0093,2025-03-18,226,539579.52,Delivered
PO00545,FAC001,VND029,MED0072,2025-11-21,388,375452.08,Delivered
PO00486,FAC003,VND019,MED0002,2025-04-27,894,229883.16,Delivered
PO02476,FAC002,VND015,MED0043,2024-09-26,335,345820.5,Delivered
PO00388,FAC004,VND026,MED0133,2025-07-26,41,34070.59,Delivered
PO02917,FAC001,VND018,MED0073,2026-07-07,1,1395.55,Cancelled
PO01193,FAC004,VND024,MED0113,2025-11-24,763,1540214.69,Delivered
PO01231,FAC003,VND017,MED0172,2025-06-14,876,570757.8,Delivered
PO01211,FAC003,VND024,MED0113,2025-05-21,507,1023445.41,Delivered
PO01274,FAC002,VND014,MED0010,2025-02-25,213,430798.89,Delivered
PO01940,FAC004,VND038,MED0173,2022-11-21,82,101319.2,Delivered
PO02304,FAC005,VND027,MED0031,2024-08-13,500,945415.0,Delivered
PO00931,FAC003,VND004,MED0016,2025-02-12,763,1142951.11,Delivered
PO00136,FAC001,VND007,MED0086,2025-03-18,845,186483.05,Delivered
PO01781,FAC001,VND018,MED0140,2024-04-05,271,52004.9,Delivered
PO02168,FAC005,VND024,MED0170,2026-01-29,500,779120.0,Delivered
PO01498,FAC001,VND021,MED0158,2025-12-18,826,1211072.94,Delivered
PO02257,FAC001,VND040,MED0150,2025-02-01,5,10288.8,Delivered
PO00367,FAC001,VND028,MED0089,2025-06-15,490,912453.5,Delivered
PO02025,FAC004,VND039,MED0182,2026-03-06,470,878566.3,Delivered
PO02898,FAC002,VND017,MED0002,2023-04-04,500,128570.0,Delivered
PO00030,FAC003,VND001,MED0153,2025-08-01,257,309705.56,Delivered
PO02502,FAC005,VND005,MED0074,2022-04-11,500,91740.0,Delivered
PO02969,FAC001,VND015,MED0069,2025-03-12,235,165595.1,Delivered
PO01048,FAC004,VND028,MED0167,2025-09-29,117,286803.27,Delivered
PO02888,FAC002,VND018,MED0055,2026-02-16,182,254667.14,Partially Delivered
PO01422,FAC001,VND028,MED0140,2025-05-11,628,120513.2,Delivered
PO01489,FAC001,VND009,MED0056,2025-07-02,320,281033.6,Pending
PO00184,FAC004,VND024,MED0039,2025-07-16,476,1122279.48,Delivered
PO01135,FAC002,VND008,MED0085,2025-09-19,465,895971.3,Partially Delivered
PO00189,FAC003,VND026,MED0154,2025-06-15,898,859547.64,Pending
PO00421,FAC001,VND024,MED0046,2025-10-10,916,549774.04,Delivered
PO00171,FAC005,VND008,MED0135,2025-07-16,483,145325.04,Delivered
PO01378,FAC005,VND018,MED0088,2025-06-05,522,675791.64,Delivered
PO00461,FAC002,VND017,MED0063,2025-11-19,958,743111.02,Delivered
PO00044,FAC002,VND015,MED0087,2025-05-16,318,556875.24,Delivered
PO00088,FAC005,VND009,MED0056,2025-06-12,188,165107.24,Delivered
PO01323,FAC005,VND027,MED0177,2025-01-21,997,1666535.35,Pending
PO01741,FAC001,VND024,MED0077,2025-04-02,477,431136.45,Delivered
PO00706,FAC003,VND028,MED0089,2025-10-13,737,1372404.55,Pending
PO00904,FAC004,VND030,MED0170,2025-01-08,566,881963.84,Pending
PO00283,FAC002,VND024,MED0046,2025-12-10,480,288091.2,Cancelled
PO02459,FAC002,VND019,MED0148,2024-02-15,500,44265.0,Delivered
PO00694,FAC001,VND029,MED0012,2025-09-07,74,154239.68,Pending
PO02090,FAC002,VND014,MED0153,2025-09-30,437,526619.96,Delivered
PO02067,FAC004,VND010,MED0142,2021-03-01,410,467695.2,Partially Delivered
PO00258,FAC004,VND002,MED0011,2025-11-17,472,808587.92,Partially Delivered
PO02645,FAC002,VND027,MED0095,2026-03-31,500,201675.0,Delivered
PO02595,FAC001,VND027,MED0136,2026-09-01,448,654864.0,Pending
PO02443,FAC003,VND036,MED0040,2026-11-15,500,84855.0,Cancelled
PO02884,FAC005,VND010,MED0026,2021-06-05,500,592380.0,Delivered
PO01217,FAC002,VND028,MED0147,2025-11-14,949,191422.79,Delivered
PO01042,FAC004,VND018,MED0073,2025-08-20,944,1317399.2,Partially Delivered
PO02454,FAC004,VND012,MED0184,2026-01-15,352,280040.64,Delivered
PO00150,FAC005,VND026,MED0109,2025-07-03,841,1435233.78,Partially Delivered
PO01737,FAC005,VND021,MED0056,2025-08-05,431,378517.13,Partially Delivered
PO02359,FAC001,VND029,MED0144,2024-05-13,500,1188215.0,Delivered
PO02393,FAC005,VND016,MED0036,2025-10-29,299,320632.65,Delivered
PO02442,FAC001,VND021,MED0169,2024-08-05,500,686120.0,Delivered
PO02113,FAC003,VND010,MED0047,2023-08-14,500,793380.0,Partially Delivered
PO02418,FAC001,VND036,MED0104,2025-05-21,500,718415.0,Pending
PO00135,FAC003,VND028,MED0147,2025-01-28,748,150879.08,Delivered
PO02931,FAC005,VND021,MED0104,2022-12-31,500,718415.0,Pending
PO00832,FAC002,VND001,MED0044,2025-10-25,815,493066.85,Delivered
PO01801,FAC004,VND021,MED0135,2025-08-26,448,134794.24,Pending
PO02930,FAC002,VND029,MED0113,2023-08-26,500,1009315.0,Delivered
PO02989,FAC001,VND008,MED0161,2023-09-20,153,336069.09,Partially Delivered
PO01899,FAC004,VND001,MED0024,2022-03-31,381,429779.43,Pending
PO00865,FAC004,VND007,MED0028,2025-12-26,838,91140.88,Delivered
PO00529,FAC001,VND022,MED0148,2025-05-12,565,50019.45,Delivered
PO02220,FAC002,VND027,MED0091,2026-10-19,484,212887.4,Delivered
PO00431,FAC005,VND020,MED0049,2025-07-17,256,209994.24,Delivered
PO02744,FAC001,VND016,MED0122,2021-04-22,500,990305.0,Delivered
PO01745,FAC003,VND039,MED0156,2023-10-26,500,21035.0,Delivered
PO00611,FAC002,VND025,MED0008,2025-01-22,453,56058.75,Delivered
PO00950,FAC004,VND004,MED0062,2025-12-09,52,31159.44,Delivered
PO02812,FAC002,VND032,MED0018,2026-09-28,500,1036605.0,Delivered
PO00222,FAC001,VND018,MED0125,2025-11-15,554,1341721.52,Delivered
PO01916,FAC002,VND024,MED0020,2026-12-02,500,23485.0,Delivered
PO02412,FAC002,VND001,MED0177,2023-07-18,405,676977.75,Delivered
PO01037,FAC004,VND011,MED0111,2025-09-17,64,140458.24,Delivered
PO02646,FAC002,VND020,MED0067,2022-08-09,70,40713.4,Delivered
PO00933,FAC005,VND009,MED0048,2025-06-27,144,116262.72,Pending
PO02556,FAC001,VND016,MED0134,2021-02-26,500,587950.0,Delivered
PO00174,FAC002,VND030,MED0170,2025-10-17,21,32723.04,Delivered
PO00566,FAC005,VND017,MED0157,2025-10-23,720,964504.8,Partially Delivered
PO01961,FAC004,VND028,MED0046,2023-05-08,500,300095.0,Delivered
PO00813,FAC005,VND022,MED0094,2025-07-21,684,1249845.84,Delivered
PO02688,FAC004,VND030,MED0110,2025-06-16,296,89531.12,Delivered
PO00959,FAC001,VND003,MED0143,2025-04-03,370,833865.3,Partially Delivered
PO00528,FAC001,VND029,MED0012,2025-10-05,581,1210989.92,Pending
PO01414,FAC005,VND027,MED0036,2025-09-13,20,21447.0,Delivered
PO01612,FAC002,VND005,MED0168,2025-12-09,190,264214.0,Delivered
PO00273,FAC004,VND018,MED0088,2025-07-05,212,274459.44,Delivered
PO00927,FAC003,VND017,MED0063,2025-05-09,743,576337.67,Pending
PO01740,FAC004,VND011,MED0077,2023-02-06,500,451925.0,Delivered
PO00848,FAC003,VND004,MED0102,2025-09-25,459,708099.3,Delivered
PO00953,FAC002,VND018,MED0114,2025-04-15,278,175429.12,Delivered
PO01621,FAC002,VND024,MED0078,2026-09-28,500,323235.0,Delivered
PO03000,FAC001,VND022,MED0075,2024-12-22,1,357.09,Delivered
PO02316,FAC001,VND017,MED0152,2022-05-17,500,60340.0,Delivered
PO01913,FAC005,VND005,MED0184,2021-02-10,500,397785.0,Delivered
PO02594,FAC005,VND026,MED0087,2025-08-22,142,248667.56,Delivered
PO02032,FAC002,VND023,MED0198,2022-10-21,500,747935.0,Delivered
PO01101,FAC001,VND010,MED0179,2025-06-01,51,22904.61,Delivered
PO01293,FAC003,VND022,MED0077,2025-03-12,434,392270.9,Partially Delivered
PO02876,FAC004,VND014,MED0043,2026-03-25,341,352014.3,Delivered
PO00169,FAC004,VND001,MED0153,2025-11-02,306,368754.48,Pending
PO02377,FAC001,VND014,MED0114,2022-04-28,500,315520.0,Delivered
PO01468,FAC002,VND020,MED0130,2025-12-21,75,44836.5,Partially Delivered
PO02767,FAC004,VND033,MED0089,2022-11-10,500,931075.0,Delivered
PO01399,FAC003,VND009,MED0056,2025-11-03,755,663063.65,Delivered
PO01229,FAC003,VND030,MED0097,2025-07-15,504,887806.08,Pending
PO02235,FAC005,VND007,MED0095,2022-03-14,495,199658.25,Delivered
PO01739,FAC004,VND001,MED0163,2022-11-04,429,892225.62,Delivered
PO00368,FAC003,VND015,MED0139,2025-11-30,112,249617.76,Delivered
PO02276,FAC003,VND015,MED0054,2023-02-22,500,663945.0,Partially Delivered
PO00868,FAC005,VND004,MED0146,2025-09-08,865,1006462.1,Pending
PO01303,FAC005,VND027,MED0152,2025-05-14,392,47306.56,Delivered
PO00352,FAC004,VND003,MED0061,2025-04-23,908,1482482.52,Pending
PO02395,FAC003,VND019,MED0133,2023-04-27,500,415495.0,Delivered
PO02504,FAC004,VND038,MED0099,2026-11-30,449,730630.76,Delivered
PO00980,FAC005,VND015,MED0031,2025-02-02,733,1385978.39,Delivered
PO01848,FAC003,VND017,MED0189,2025-11-25,500,713575.0,Partially Delivered
PO02371,FAC003,VND012,MED0048,2025-12-03,500,403690.0,Delivered
PO00499,FAC001,VND014,MED0160,2025-01-05,603,382657.77,Partially Delivered
PO01629,FAC002,VND009,MED0037,2026-11-22,491,12432.12,Pending
PO00211,FAC001,VND015,MED0018,2025-12-19,823,1706251.83,Cancelled
PO02471,FAC002,VND013,MED0171,2023-07-14,500,187255.0,Delivered
PO00602,FAC001,VND018,MED0015,2025-03-25,383,742878.29,Delivered
PO00228,FAC005,VND019,MED0082,2025-05-21,912,1065462.24,Delivered
PO00366,FAC002,VND024,MED0046,2025-03-11,799,479551.81,Partially Delivered
PO00582,FAC005,VND001,MED0093,2025-03-24,55,131313.6,Delivered
PO02856,FAC005,VND012,MED0103,2025-06-05,500,733875.0,Delivered
PO02179,FAC002,VND034,MED0045,2023-06-29,500,1232120.0,Delivered
PO02019,FAC001,VND034,MED0146,2026-08-14,500,581770.0,Delivered
PO00860,FAC004,VND012,MED0006,2025-08-17,840,54994.8,Pending
PO00408,FAC003,VND001,MED0080,2025-05-15,85,15706.3,Delivered
PO01921,FAC004,VND035,MED0009,2025-12-05,500,85055.0,Delivered
PO01614,FAC005,VND019,MED0050,2025-03-28,370,749353.6,Delivered
PO00679,FAC001,VND008,MED0003,2025-04-23,279,494533.08,Pending
PO01265,FAC004,VND004,MED0146,2025-06-14,629,731866.66,Cancelled
PO02408,FAC001,VND026,MED0017,2025-08-11,328,788262.72,Delivered
PO00692,FAC003,VND027,MED0036,2025-03-11,771,826781.85,Delivered
PO00008,FAC005,VND001,MED0153,2025-03-29,182,219324.56,Delivered
PO02868,FAC002,VND004,MED0155,2025-09-21,500,1048560.0,Delivered
PO01205,FAC001,VND017,MED0157,2025-08-15,776,1039521.84,Delivered
PO02234,FAC001,VND008,MED0116,2026-11-18,500,132490.0,Cancelled
PO00416,FAC005,VND012,MED0006,2025-03-09,481,31491.07,Cancelled
PO00671,FAC003,VND021,MED0166,2025-02-05,158,253003.82,Pending
PO00811,FAC003,VND004,MED0102,2025-10-15,961,1482534.7,Delivered
PO01090,FAC001,VND013,MED0127,2025-09-20,58,32634.28,Partially Delivered
PO00200,FAC003,VND015,MED0087,2025-08-03,379,663697.22,Pending
PO00284,FAC001,VND005,MED0115,2025-06-23,351,211505.58,Partially Delivered
PO00232,FAC005,VND022,MED0094,2025-01-21,464,847848.64,Pending
PO02731,FAC001,VND002,MED0046,2024-11-27,500,300095.0,Pending
PO02862,FAC005,VND039,MED0155,2025-04-12,500,1048560.0,Delivered
PO00097,FAC004,VND018,MED0104,2025-06-22,489,702609.87,Partially Delivered
PO01588,FAC005,VND006,MED0069,2026-07-29,500,352330.0,Pending
PO02570,FAC002,VND027,MED0175,2026-05-08,283,92566.47,Delivered
