audit_id,facility_id,department_id,audit_date,audit_type,compliance_score,findings_count,status
AUD11501,FAC001,DEP008,2025-01-07,Medication Safety,93.8,0,Compliant
AUD12586,FAC005,DEP006,2026-12-04,Infection Control,66.6,1,Compliant
AUD12653,FAC004,DEP004,2021-10-26,Medication Safety,84.4,2,Minor Findings
AUD11055,FAC004,DEP005,2026-04-25,Medication Safety,97.9,2,Compliant
AUD10705,FAC005,DEP007,2025-11-17,Clinical,94.9,1,Minor Findings
AUD10106,FAC001,DEP002,2025-02-18,Infection Control,89.3,1,Minor Findings
AUD10589,FAC002,DEP001,2025-09-25,Documentation,95.0,2,Compliant
AUD12468,FAC003,DEP007,2022-06-08,Infection Control,91.9,0,Compliant
AUD12413,FAC003,DEP003,2023-06-24,Clinical,94.8,2,Minor Findings
AUD11600,FAC003,DEP008,2025-01-02,Documentation,75.0,0,Compliant
AUD12464,FAC002,DEP001,2024-12-06,Documentation,86.7,2,Minor Findings
AUD10228,FAC003,DEP008,2025-04-14,Medication Safety,72.1,3,Compliant
AUD10915,FAC001,DEP002,2026-02-20,Billing Compliance,79.7,2,Major Findings
AUD10794,FAC002,DEP002,2025-12-27,Medication Safety,95.8,0,Major Findings
AUD13021,FAC003,DEP001,2024-10-23,Data Privacy,76.9,1,Minor Findings
AUD13543,FAC005,DEP005,2024-08-24,Clinical,85.7,2,Compliant
AUD11073,FAC002,DEP001,2026-05-03,Clinical,84.1,1,Minor Findings
AUD13351,FAC001,DEP002,2026-01-15,Medication Safety,81.2,0,Minor Findings
AUD11744,FAC001,DEP002,2023-09-05,Infection Control,65.3,1,Minor Findings
AUD11084,FAC003,DEP008,2026-05-08,Medication Safety,98.4,1,Compliant
AUD10926,FAC002,DEP006,2026-02-25,Medication Safety,87.2,0,Compliant
AUD13049,FAC005,DEP001,2026-10-01,Billing Compliance,81.1,3,Minor Findings
AUD11117,FAC001,DEP008,2026-05-23,Data Privacy,89.9,3,Compliant
AUD10642,FAC005,DEP001,2025-10-19,Billing Compliance,93.2,1,Compliant
AUD14767,FAC004,DEP004,2021-02-09,Medication Safety,88.8,2,Compliant
AUD10501,FAC001,DEP008,2025-08-16,Medication Safety,74.0,3,Compliant
AUD14066,FAC005,DEP001,2023-09-27,Data Privacy,89.4,1,Compliant
AUD10333,FAC003,DEP007,2025-06-01,Infection Control,77.2,0,Compliant
AUD14684,FAC001,DEP003,2023-06-18,Billing Compliance,94.1,4,Compliant
AUD10486,FAC002,DEP001,2025-08-09,Clinical,79.4,2,Compliant
AUD11962,FAC001,DEP001,2026-06-15,Billing Compliance,78.5,0,Minor Findings
AUD10393,FAC005,DEP002,2025-06-28,Billing Compliance,90.0,2,Minor Findings
AUD14842,FAC004,DEP005,2023-03-16,Clinical,88.7,1,Minor Findings
AUD14866,FAC001,DEP003,2022-12-03,Documentation,82.1,2,Compliant
AUD11755,FAC004,DEP002,2026-09-30,Medication Safety,72.9,1,Minor Findings
AUD12515,FAC001,DEP004,2024-11-01,Medication Safety,77.4,2,Compliant
AUD13585,FAC002,DEP005,2021-04-08,Infection Control,81.1,3,Major Findings
AUD14315,FAC004,DEP002,2023-10-17,Clinical,97.3,0,Compliant
AUD14966,FAC004,DEP001,2025-04-25,Clinical,90.3,1,Compliant
AUD12099,FAC001,DEP008,2025-07-19,Billing Compliance,80.7,0,Minor Findings
AUD13599,FAC005,DEP005,2021-06-08,Data Privacy,82.4,0,Compliant
AUD14121,FAC003,DEP003,2022-11-21,Medication Safety,78.2,0,Compliant
AUD10029,FAC004,DEP002,2025-01-14,Infection Control,94.3,0,Minor Findings
AUD10065,FAC005,DEP008,2025-01-30,Documentation,72.3,3,Major Findings
AUD10838,FAC001,DEP006,2026-01-16,Data Privacy,78.9,0,Minor Findings
AUD13906,FAC003,DEP008,2025-01-13,Medication Safety,89.8,2,Minor Findings
AUD13773,FAC005,DEP005,2021-12-17,Infection Control,83.3,2,Minor Findings
AUD14635,FAC004,DEP002,2022-12-02,Clinical,88.8,3,Compliant
AUD13161,FAC005,DEP008,2026-04-08,Medication Safety,86.9,2,Compliant
AUD12659,FAC004,DEP007,2023-02-16,Data Privacy,80.0,2,Minor Findings
AUD14615,FAC005,DEP007,2025-01-14,Infection Control,95.3,0,Compliant
AUD14628,FAC003,DEP003,2025-12-11,Data Privacy,85.9,0,Minor Findings
AUD12451,FAC002,DEP006,2022-10-31,Documentation,77.2,3,Compliant
AUD12846,FAC002,DEP001,2025-07-02,Data Privacy,81.7,2,Minor Findings
AUD11144,FAC004,DEP006,2026-06-05,Medication Safety,75.1,1,Compliant
AUD13078,FAC004,DEP007,2023-04-27,Infection Control,90.5,3,Minor Findings
AUD11103,FAC002,DEP007,2026-05-17,Data Privacy,78.7,2,Minor Findings
AUD10168,FAC004,DEP005,2025-03-18,Clinical,76.4,1,Compliant
AUD11670,FAC002,DEP001,2023-10-31,Billing Compliance,94.6,1,Compliant
AUD12570,FAC005,DEP005,2021-06-25,Documentation,80.7,3,Compliant
AUD12377,FAC002,DEP006,2025-05-02,Documentation,89.5,1,Major Findings
AUD14395,FAC005,DEP006,2022-11-21,Data Privacy,86.7,4,Compliant
AUD14257,FAC001,DEP005,2025-04-16,Clinical,87.9,3,Compliant
AUD13862,FAC002,DEP001,2026-01-08,Infection Control,83.6,0,Minor Findings
AUD10023,FAC001,DEP007,2025-01-11,Medication Safety,81.9,1,Compliant
AUD12633,FAC003,DEP007,2026-02-12,Data Privacy,79.4,2,Compliant
AUD13340,FAC001,DEP005,2023-06-20,Billing Compliance,87.2,2,Compliant
AUD12215,FAC002,DEP001,2022-10-12,Documentation,77.9,0,Minor Findings
AUD13682,FAC002,DEP005,2025-12-29,Infection Control,92.7,2,Compliant
AUD14724,FAC001,DEP003,2025-03-03,Documentation,82.3,2,Minor Findings
AUD11907,FAC002,DEP001,2021-03-16,Billing Compliance,79.1,3,Compliant
AUD10084,FAC002,DEP002,2025-02-08,Billing Compliance,79.4,1,Minor Findings
AUD10227,FAC003,DEP001,2025-04-14,Data Privacy,96.2,2,Minor Findings
AUD10296,FAC005,DEP001,2025-05-15,Documentation,89.3,0,Compliant
AUD11001,FAC005,DEP005,2026-04-01,Billing Compliance,78.4,1,Compliant
AUD12138,FAC002,DEP005,2025-08-27,Medication Safety,94.2,1,Minor Findings
AUD10711,FAC005,DEP007,2025-11-20,Data Privacy,82.4,1,Major Findings
AUD12801,FAC003,DEP005,2024-04-14,Data Privacy,86.1,1,Compliant
AUD12527,FAC005,DEP006,2022-01-21,Clinical,90.1,1,Major Findings
AUD13752,FAC002,DEP007,2025-08-03,Billing Compliance,74.6,3,Compliant
AUD13321,FAC002,DEP001,2024-12-04,Billing Compliance,88.0,0,Compliant
AUD13181,FAC003,DEP005,2025-08-18,Billing Compliance,91.5,0,Minor Findings
AUD14183,FAC001,DEP002,2022-08-18,Clinical,71.9,3,Minor Findings
AUD11615,FAC003,DEP007,2023-09-21,Data Privacy,100.0,3,Compliant
AUD13024,FAC001,DEP005,2021-12-03,Data Privacy,81.1,1,Minor Findings
AUD11413,FAC004,DEP005,2021-08-20,Data Privacy,88.3,1,Compliant
AUD10763,FAC003,DEP007,2025-12-13,Data Privacy,77.4,3,Compliant
AUD10655,FAC003,DEP001,2025-10-25,Documentation,96.9,1,Minor Findings
AUD14797,FAC004,DEP004,2026-08-04,Clinical,99.8,2,Major Findings
AUD13849,FAC004,DEP006,2026-06-16,Data Privacy,83.3,3,Minor Findings
AUD14153,FAC004,DEP002,2023-07-14,Clinical,91.0,0,Minor Findings
AUD10468,FAC005,DEP005,2025-08-01,Data Privacy,80.1,2,Compliant
AUD10157,FAC003,DEP001,2025-03-13,Clinical,79.3,2,Compliant
AUD11295,FAC003,DEP008,2021-04-22,Documentation,89.2,1,Minor Findings
AUD10497,FAC003,DEP008,2025-08-14,Billing Compliance,89.2,3,Compliant
AUD14740,FAC005,DEP001,2024-07-26,Medication Safety,87.8,0,Minor Findings
AUD12940,FAC005,DEP001,2025-06-24,Data Privacy,79.7,0,Compliant
AUD13456,FAC003,DEP007,2022-02-16,Medication Safety,76.1,4,Compliant
AUD10373,FAC004,DEP001,2025-06-19,Data Privacy,76.4,1,Compliant
AUD10079,FAC001,DEP005,2025-02-05,Clinical,75.5,1,Compliant
AUD11553,FAC005,DEP007,2026-01-02,Medication Safety,82.2,4,Compliant
AUD11669,FAC002,DEP005,2026-01-14,Clinical,82.4,1,Minor Findings
AUD12131,FAC003,DEP005,2026-11-13,Data Privacy,76.6,1,Compliant
AUD14439,FAC003,DEP001,2024-09-29,Infection Control,75.8,1,Compliant
AUD10465,FAC004,DEP002,2025-07-31,Data Privacy,80.7,0,Compliant
AUD10248,FAC001,DEP003,2025-04-23,Clinical,78.0,6,Minor Findings
AUD10931,FAC004,DEP003,2026-02-28,Billing Compliance,91.9,3,Minor Findings
AUD11335,FAC004,DEP002,2025-06-20,Clinical,68.0,0,Minor Findings
AUD14524,FAC003,DEP007,2024-09-05,Documentation,84.6,1,Compliant
AUD11338,FAC005,DEP003,2026-10-07,Data Privacy,89.1,0,Compliant
AUD11406,FAC001,DEP003,2022-11-02,Billing Compliance,82.0,0,Compliant
AUD11090,FAC004,DEP007,2026-05-11,Clinical,75.3,5,Major Findings
AUD14209,FAC001,DEP003,2024-05-28,Clinical,69.7,2,Minor Findings
AUD10742,FAC004,DEP006,2025-12-04,Clinical,79.0,1,Compliant
AUD12323,FAC001,DEP004,2025-10-18,Clinical,88.3,5,Compliant
AUD13601,FAC004,DEP001,2026-06-27,Data Privacy,77.7,2,Compliant
AUD12123,FAC001,DEP008,2025-09-22,Billing Compliance,82.1,2,Minor Findings
AUD12094,FAC004,DEP004,2024-03-20,Medication Safety,81.8,0,Compliant
AUD10240,FAC004,DEP002,2025-04-20,Documentation,87.0,0,Minor Findings
AUD12351,FAC001,DEP002,2026-01-31,Medication Safety,77.9,0,Compliant
AUD11370,FAC003,DEP001,2025-05-12,Infection Control,86.3,2,Minor Findings
AUD11057,FAC002,DEP004,2026-04-26,Billing Compliance,90.6,0,Major Findings
AUD14816,FAC001,DEP001,2025-07-13,Clinical,82.5,1,Compliant
AUD10199,FAC003,DEP003,2025-04-01,Medication Safety,88.7,0,Compliant
AUD12280,FAC004,DEP006,2023-09-30,Data Privacy,67.4,1,Compliant
AUD14749,FAC002,DEP007,2025-08-31,Documentation,79.7,3,Compliant
AUD12220,FAC002,DEP002,2022-09-11,Billing Compliance,76.9,2,Minor Findings
AUD14771,FAC002,DEP006,2025-03-27,Documentation,84.9,3,Minor Findings
AUD12819,FAC001,DEP008,2025-07-02,Data Privacy,98.1,1,Compliant
AUD13150,FAC001,DEP002,2026-02-16,Data Privacy,83.2,0,Compliant
AUD14256,FAC003,DEP005,2026-08-14,Infection Control,91.8,1,Minor Findings
AUD13107,FAC002,DEP005,2024-06-21,Medication Safety,82.4,0,Minor Findings
AUD11973,FAC003,DEP008,2026-05-17,Data Privacy,82.8,1,Minor Findings
AUD11375,FAC003,DEP001,2025-11-04,Billing Compliance,91.8,1,Compliant
AUD13968,FAC003,DEP003,2025-09-06,Data Privacy,93.6,3,Compliant
AUD14062,FAC005,DEP007,2025-04-26,Documentation,85.0,2,Minor Findings
AUD14445,FAC002,DEP001,2023-10-31,Documentation,87.6,2,Compliant
AUD13557,FAC004,DEP006,2022-10-03,Billing Compliance,77.4,1,Compliant
AUD10964,FAC005,DEP005,2026-03-15,Clinical,81.6,1,Minor Findings
AUD10179,FAC001,DEP005,2025-03-23,Infection Control,87.8,1,Compliant
AUD13698,FAC002,DEP006,2022-02-18,Infection Control,97.6,2,Compliant
AUD13821,FAC001,DEP002,2026-09-08,Medication Safety,93.8,0,Compliant
AUD14878,FAC002,DEP005,2025-12-18,Infection Control,75.2,2,Compliant
AUD13899,FAC003,DEP007,2025-06-20,Infection Control,100.0,0,Minor Findings
AUD14487,FAC002,DEP005,2022-10-15,Data Privacy,89.8,1,Minor Findings
AUD13238,FAC004,DEP004,2022-01-27,Data Privacy,83.7,3,Minor Findings
AUD12974,FAC002,DEP006,2023-07-31,Clinical,86.1,0,Compliant
AUD13580,FAC005,DEP008,2022-12-21,Infection Control,82.9,1,Compliant
AUD12887,FAC003,DEP007,2023-12-04,Data Privacy,91.9,1,Compliant
AUD12575,FAC004,DEP006,2025-12-23,Billing Compliance,100.0,3,Compliant
AUD11419,FAC005,DEP006,2025-12-06,Documentation,82.7,1,Compliant
AUD13907,FAC004,DEP007,2026-07-29,Infection Control,91.8,3,Compliant
AUD14673,FAC001,DEP003,2025-05-23,Clinical,100.0,1,Compliant
AUD14902,FAC005,DEP006,2026-01-22,Billing Compliance,79.6,2,Minor Findings
AUD11860,FAC002,DEP007,2024-09-12,Documentation,99.2,2,Compliant
AUD10008,FAC001,DEP001,2025-01-04,Documentation,78.4,0,Compliant
AUD12894,FAC002,DEP005,2026-04-04,Documentation,96.3,3,Compliant
AUD12847,FAC001,DEP005,2024-12-03,Medication Safety,86.2,2,Minor Findings
AUD13664,FAC004,DEP002,2025-06-12,Billing Compliance,86.3,3,Minor Findings
AUD10144,FAC001,DEP003,2025-03-07,Billing Compliance,95.4,3,Minor Findings
AUD12104,FAC003,DEP008,2021-04-01,Medication Safety,88.2,3,Compliant
AUD13143,FAC002,DEP006,2026-05-23,Billing Compliance,76.4,0,Compliant
AUD10841,FAC001,DEP005,2026-01-18,Clinical,81.8,3,Compliant
AUD11128,FAC001,DEP002,2026-05-28,Clinical,89.8,0,Compliant
AUD10151,FAC004,DEP007,2025-03-10,Billing Compliance,73.2,2,Minor Findings
AUD13591,FAC003,DEP005,2022-08-30,Clinical,76.9,1,Compliant
AUD11052,FAC004,DEP003,2026-04-24,Clinical,73.0,2,Compliant
AUD11590,FAC001,DEP001,2026-12-01,Data Privacy,88.6,3,Compliant
AUD13008,FAC004,DEP001,2026-08-03,Billing Compliance,82.5,3,Compliant
AUD12029,FAC003,DEP003,2022-10-08,Documentation,86.8,3,Minor Findings
AUD13418,FAC001,DEP001,2026-12-15,Medication Safety,82.1,0,Compliant
AUD11807,FAC004,DEP001,2026-09-22,Billing Compliance,97.0,2,Minor Findings
AUD12696,FAC001,DEP005,2021-12-16,Medication Safety,87.2,2,Compliant
AUD13039,FAC004,DEP006,2023-01-18,Clinical,91.9,0,Compliant
AUD10472,FAC004,DEP005,2025-08-03,Data Privacy,98.6,0,Minor Findings
AUD13289,FAC003,DEP003,2021-12-13,Medication Safety,98.0,1,Minor Findings
AUD14074,FAC002,DEP005,2021-08-25,Infection Control,84.8,0,Minor Findings
AUD13496,FAC004,DEP004,2022-09-21,Billing Compliance,89.5,0,Compliant
AUD10279,FAC005,DEP007,2025-05-07,Infection Control,84.0,4,Compliant
AUD11741,FAC003,DEP007,2026-06-02,Billing Compliance,76.0,0,Minor Findings
AUD14624,FAC004,DEP005,2022-08-20,Medication Safety,86.5,2,Compliant
AUD12886,FAC004,DEP005,2021-04-19,Clinical,79.3,0,Compliant
AUD11941,FAC002,DEP005,2025-11-30,Infection Control,90.7,0,Compliant
AUD10100,FAC001,DEP001,2025-02-15,Infection Control,75.8,1,Compliant
AUD12804,FAC005,DEP007,2026-07-14,Medication Safety,84.3,1,Compliant
AUD13570,FAC001,DEP003,2023-09-02,Data Privacy,82.6,2,Compliant
AUD13684,FAC004,DEP007,2026-08-19,Documentation,95.3,1,Compliant
AUD13661,FAC003,DEP007,2021-05-29,Billing Compliance,76.4,2,Minor Findings
AUD10530,FAC005,DEP005,2025-08-29,Medication Safety,75.8,1,Minor Findings
AUD11886,FAC004,DEP004,2025-12-10,Medication Safety,86.0,2,Compliant
AUD10681,FAC002,DEP005,2025-11-06,Data Privacy,82.9,2,Minor Findings
AUD13794,FAC002,DEP001,2025-09-25,Data Privacy,83.1,1,Minor Findings
AUD13944,FAC005,DEP006,2022-11-18,Medication Safety,95.2,0,Compliant
AUD14666,FAC003,DEP003,2023-05-04,Billing Compliance,81.9,1,Compliant
AUD12018,FAC003,DEP005,2022-12-13,Data Privacy,86.4,1,Major Findings
AUD11096,FAC001,DEP001,2026-05-14,Medication Safety,94.6,0,Compliant
AUD10829,FAC003,DEP005,2026-01-12,Documentation,73.7,2,Compliant
AUD12805,FAC002,DEP006,2022-09-20,Clinical,81.6,0,Major Findings
AUD13829,FAC002,DEP007,2021-12-15,Documentation,72.0,1,Minor Findings
AUD14381,FAC005,DEP007,2024-07-04,Data Privacy,91.9,1,Compliant
AUD13891,FAC002,DEP002,2025-04-18,Clinical,92.3,1,Compliant
AUD10764,FAC005,DEP008,2025-12-14,Documentation,76.0,0,Minor Findings
AUD12767,FAC005,DEP003,2024-11-25,Billing Compliance,82.0,0,Compliant
AUD14328,FAC002,DEP007,2023-10-11,Data Privacy,81.6,3,Compliant
AUD13295,FAC001,DEP005,2026-08-26,Medication Safety,93.7,1,Minor Findings
AUD12194,FAC003,DEP008,2021-09-30,Billing Compliance,100.0,2,Minor Findings
AUD12357,FAC005,DEP006,2021-11-10,Medication Safety,74.0,2,Compliant
AUD13425,FAC003,DEP001,2022-12-15,Medication Safety,85.1,1,Compliant
AUD13979,FAC003,DEP007,2025-12-01,Billing Compliance,83.3,2,Compliant
AUD10911,FAC005,DEP004,2026-02-19,Medication Safety,92.1,1,Compliant
AUD13145,FAC001,DEP003,2026-10-09,Billing Compliance,79.0,0,Minor Findings
AUD10999,FAC001,DEP006,2026-03-31,Infection Control,74.5,4,Compliant
AUD13653,FAC004,DEP002,2023-08-25,Medication Safety,89.0,2,Compliant
AUD12483,FAC005,DEP006,2021-02-05,Data Privacy,80.6,1,Compliant
AUD14076,FAC004,DEP002,2024-11-04,Data Privacy,90.5,1,Minor Findings
AUD12370,FAC001,DEP001,2024-10-11,Clinical,96.5,3,Compliant
AUD14838,FAC002,DEP002,2026-11-11,Billing Compliance,68.9,0,Major Findings
AUD10033,FAC003,DEP007,2025-01-16,Documentation,87.4,4,Minor Findings
AUD13789,FAC002,DEP006,2024-05-15,Infection Control,90.6,1,Major Findings
AUD11020,FAC005,DEP001,2026-04-09,Data Privacy,96.4,3,Compliant
AUD11647,FAC003,DEP001,2022-06-23,Infection Control,86.9,3,Compliant
AUD10733,FAC001,DEP001,2025-11-30,Medication Safety,75.3,3,Compliant
AUD14582,FAC003,DEP003,2026-12-18,Clinical,80.9,2,Minor Findings
AUD13274,FAC005,DEP001,2025-05-30,Data Privacy,75.9,2,Compliant
AUD11620,FAC003,DEP005,2026-12-29,Infection Control,76.8,3,Compliant
AUD13135,FAC004,DEP006,2023-08-13,Infection Control,89.1,1,Compliant
AUD12689,FAC005,DEP003,2024-01-03,Medication Safety,83.6,1,Minor Findings
AUD12707,FAC001,DEP005,2026-07-22,Data Privacy,94.3,4,Compliant
AUD10297,FAC004,DEP007,2025-05-16,Medication Safety,83.6,1,Compliant
AUD12339,FAC002,DEP006,2023-11-20,Clinical,83.4,0,Compliant
AUD10653,FAC003,DEP008,2025-10-24,Medication Safety,97.5,0,Compliant
AUD13774,FAC005,DEP006,2025-03-28,Data Privacy,92.6,0,Major Findings
AUD11255,FAC005,DEP003,2023-09-29,Infection Control,78.1,2,Compliant
AUD14520,FAC002,DEP005,2022-05-23,Data Privacy,83.0,1,Minor Findings
AUD10230,FAC003,DEP001,2025-04-15,Billing Compliance,98.3,4,Compliant
AUD13276,FAC003,DEP001,2025-07-13,Data Privacy,82.0,3,Minor Findings
AUD13230,FAC001,DEP001,2026-05-28,Billing Compliance,76.7,3,Minor Findings
AUD10691,FAC002,DEP006,2025-11-11,Documentation,97.3,2,Minor Findings
AUD12754,FAC002,DEP001,2021-11-02,Clinical,84.2,0,Major Findings
AUD14863,FAC005,DEP005,2021-08-18,Billing Compliance,86.2,0,Minor Findings
AUD10969,FAC002,DEP008,2026-03-17,Clinical,76.2,4,Compliant
AUD10633,FAC003,DEP003,2025-10-15,Data Privacy,77.6,0,Minor Findings
AUD14092,FAC004,DEP007,2025-06-13,Documentation,93.3,0,Minor Findings
AUD14077,FAC001,DEP002,2021-03-18,Medication Safety,82.6,1,Minor Findings
AUD11321,FAC001,DEP004,2025-12-11,Clinical,87.5,0,Compliant
AUD11831,FAC003,DEP001,2026-12-23,Clinical,93.6,0,Compliant
AUD12178,FAC002,DEP006,2026-08-11,Billing Compliance,95.3,0,Compliant
AUD11417,FAC004,DEP007,2025-05-03,Clinical,78.0,2,Compliant
AUD11782,FAC002,DEP006,2023-12-30,Infection Control,80.3,2,Compliant
AUD14715,FAC004,DEP007,2021-05-21,Data Privacy,86.3,0,Compliant
AUD14701,FAC003,DEP003,2024-03-01,Medication Safety,98.2,2,Compliant
AUD14118,FAC001,DEP008,2026-03-07,Clinical,78.2,2,Compliant
AUD11652,FAC002,DEP007,2024-01-14,Infection Control,76.5,0,Compliant
AUD11483,FAC005,DEP005,2022-01-01,Data Privacy,86.4,2,Major Findings
AUD12275,FAC005,DEP006,2022-04-25,Clinical,90.8,0,Compliant
AUD10877,FAC001,DEP006,2026-02-03,Data Privacy,93.2,4,Minor Findings
AUD13525,FAC005,DEP001,2025-12-14,Infection Control,84.9,2,Compliant
AUD12016,FAC005,DEP003,2025-05-16,Clinical,86.2,0,Compliant
AUD10426,FAC002,DEP005,2025-07-13,Billing Compliance,90.2,0,Minor Findings
AUD10626,FAC003,DEP001,2025-10-12,Documentation,92.0,3,Compliant
AUD11589,FAC001,DEP002,2021-11-12,Clinical,88.0,3,Major Findings
AUD12223,FAC005,DEP006,2025-04-11,Infection Control,77.4,0,Compliant
AUD12217,FAC002,DEP002,2024-02-20,Medication Safety,75.1,2,Minor Findings
AUD14483,FAC003,DEP007,2022-06-03,Clinical,90.6,0,Compliant
AUD11485,FAC003,DEP007,2026-04-28,Medication Safety,86.5,0,Compliant
AUD11739,FAC005,DEP001,2024-09-10,Billing Compliance,73.1,0,Compliant
AUD12480,FAC003,DEP001,2024-08-26,Documentation,91.2,3,Minor Findings
AUD12584,FAC005,DEP006,2023-07-14,Clinical,80.6,1,Compliant
AUD12893,FAC001,DEP005,2026-06-24,Documentation,89.1,0,Compliant
AUD10149,FAC001,DEP003,2025-03-09,Medication Safety,87.0,0,Compliant
AUD10676,FAC001,DEP001,2025-11-04,Infection Control,91.2,3,Major Findings
AUD11261,FAC002,DEP002,2024-08-20,Data Privacy,86.7,0,Compliant
AUD14917,FAC001,DEP001,2026-07-17,Infection Control,97.2,0,Compliant
AUD10012,FAC001,DEP003,2025-01-06,Infection Control,87.8,2,Compliant
AUD11833,FAC001,DEP004,2021-05-24,Medication Safety,88.5,1,Compliant
AUD13248,FAC005,DEP003,2025-11-07,Clinical,89.0,2,Major Findings
AUD11491,FAC001,DEP002,2026-10-29,Billing Compliance,89.5,0,Minor Findings
AUD12727,FAC003,DEP008,2026-12-03,Billing Compliance,73.8,2,Compliant
AUD13686,FAC001,DEP004,2021-05-13,Data Privacy,76.4,0,Compliant
AUD11424,FAC002,DEP006,2025-02-03,Infection Control,95.1,2,Minor Findings
AUD14605,FAC002,DEP007,2025-08-28,Billing Compliance,100.0,2,Compliant
AUD14595,FAC002,DEP005,2024-07-29,Billing Compliance,84.1,0,Minor Findings
AUD10731,FAC002,DEP005,2025-11-29,Documentation,93.7,3,Minor Findings
AUD11231,FAC004,DEP001,2021-01-27,Infection Control,81.6,2,Compliant
AUD11634,FAC002,DEP001,2024-10-21,Medication Safety,82.2,2,Compliant
AUD13936,FAC002,DEP006,2026-03-30,Medication Safety,82.0,1,Compliant
AUD11210,FAC002,DEP007,2025-06-18,Data Privacy,73.7,1,Compliant
AUD13268,FAC005,DEP008,2021-01-30,Documentation,72.3,0,Compliant
AUD11934,FAC005,DEP008,2025-01-23,Infection Control,90.1,2,Major Findings
AUD10553,FAC001,DEP005,2025-09-09,Clinical,76.0,2,Minor Findings
AUD10491,FAC002,DEP006,2025-08-12,Documentation,91.9,2,Compliant
AUD12962,FAC001,DEP002,2023-09-23,Data Privacy,85.0,0,Compliant
AUD12329,FAC005,DEP006,2024-08-27,Medication Safety,94.6,2,Minor Findings
AUD12195,FAC003,DEP001,2021-12-30,Infection Control,72.1,1,Compliant
AUD13064,FAC005,DEP006,2024-11-08,Documentation,93.6,2,Minor Findings
AUD10657,FAC002,DEP003,2025-10-26,Data Privacy,84.4,0,Compliant
AUD12374,FAC004,DEP002,2025-02-04,Medication Safety,91.0,1,Compliant
AUD12225,FAC005,DEP006,2025-02-03,Data Privacy,95.1,1,Compliant
AUD14264,FAC005,DEP006,2024-01-16,Billing Compliance,97.1,2,Compliant
AUD11170,FAC002,DEP006,2026-06-16,Medication Safety,76.8,2,Compliant
AUD10132,FAC004,DEP006,2025-03-02,Clinical,73.3,2,Minor Findings
AUD10471,FAC003,DEP003,2025-08-03,Billing Compliance,79.2,0,Minor Findings
AUD13225,FAC001,DEP005,2022-09-22,Infection Control,89.8,3,Minor Findings
AUD11405,FAC005,DEP008,2024-04-09,Data Privacy,97.0,1,Compliant
AUD12876,FAC001,DEP002,2025-05-30,Medication Safety,97.9,1,Major Findings
AUD14504,FAC005,DEP003,2023-11-05,Billing Compliance,89.3,1,Compliant
AUD14692,FAC005,DEP006,2024-09-12,Medication Safety,95.3,1,Compliant
AUD12826,FAC002,DEP002,2025-06-16,Infection Control,95.9,1,Compliant
AUD10287,FAC004,DEP003,2025-05-11,Medication Safety,76.9,2,Compliant
AUD11869,FAC002,DEP006,2022-05-14,Documentation,86.4,1,Compliant
AUD13114,FAC003,DEP008,2024-08-18,Infection Control,81.1,3,Minor Findings
AUD13625,FAC005,DEP007,2021-04-24,Infection Control,78.8,0,Minor Findings
AUD12312,FAC005,DEP001,2026-11-24,Data Privacy,97.8,1,Compliant
AUD14923,FAC001,DEP004,2024-12-31,Medication Safety,85.9,2,Minor Findings
AUD11618,FAC004,DEP007,2022-04-12,Infection Control,91.7,1,Minor Findings
AUD10994,FAC001,DEP003,2026-03-28,Data Privacy,86.7,1,Compliant
AUD11803,FAC001,DEP008,2022-10-12,Medication Safety,87.8,2,Compliant
AUD12642,FAC004,DEP004,2023-07-26,Clinical,83.6,2,Minor Findings
AUD14802,FAC005,DEP005,2026-01-22,Data Privacy,100.0,1,Compliant
AUD13535,FAC002,DEP007,2026-02-16,Infection Control,86.9,2,Minor Findings
AUD14831,FAC004,DEP006,2021-07-27,Clinical,75.1,1,Compliant
AUD13911,FAC002,DEP006,2026-06-10,Clinical,88.7,1,Major Findings
AUD12107,FAC002,DEP007,2022-06-17,Clinical,93.4,1,Compliant
AUD13044,FAC003,DEP008,2024-08-12,Clinical,82.9,1,Major Findings
AUD10416,FAC001,DEP006,2025-07-09,Clinical,89.9,0,Major Findings
AUD10977,FAC003,DEP007,2026-03-21,Medication Safety,78.4,1,Major Findings
AUD12417,FAC001,DEP003,2024-08-23,Billing Compliance,78.2,2,Compliant
AUD10505,FAC001,DEP008,2025-08-18,Clinical,72.4,3,Compliant
AUD14152,FAC001,DEP005,2023-05-05,Data Privacy,68.2,1,Compliant
AUD14255,FAC005,DEP003,2023-07-19,Billing Compliance,93.1,4,Minor Findings
AUD13941,FAC001,DEP008,2022-01-05,Data Privacy,91.6,1,Compliant
AUD10414,FAC001,DEP006,2025-07-08,Infection Control,98.7,5,Compliant
AUD14148,FAC005,DEP005,2024-10-19,Documentation,74.3,1,Compliant
AUD11183,FAC003,DEP003,2026-06-22,Clinical,94.6,4,Minor Findings
AUD10485,FAC001,DEP004,2025-08-09,Data Privacy,95.8,4,Minor Findings
AUD10893,FAC001,DEP005,2026-02-10,Infection Control,89.1,1,Compliant
AUD10805,FAC003,DEP003,2026-01-01,Billing Compliance,80.5,2,Compliant
AUD10555,FAC005,DEP005,2025-09-10,Clinical,79.0,0,Minor Findings
AUD13825,FAC004,DEP006,2021-08-16,Data Privacy,76.8,0,Compliant
AUD11197,FAC001,DEP002,2026-06-29,Medication Safety,93.6,3,Minor Findings
AUD14253,FAC002,DEP007,2023-08-01,Billing Compliance,70.9,1,Compliant
AUD14058,FAC002,DEP005,2024-12-06,Medication Safety,98.5,3,Compliant
AUD11293,FAC005,DEP008,2026-02-25,Data Privacy,80.8,1,Compliant
AUD12221,FAC003,DEP007,2024-06-01,Billing Compliance,92.8,1,Compliant
AUD13504,FAC002,DEP007,2026-10-01,Medication Safety,87.5,0,Compliant
AUD13654,FAC001,DEP002,2024-08-23,Documentation,87.7,0,Minor Findings
AUD14758,FAC004,DEP005,2022-01-29,Infection Control,94.7,0,Compliant
AUD13006,FAC002,DEP002,2026-06-13,Clinical,66.8,0,Compliant
AUD12093,FAC004,DEP007,2022-08-24,Billing Compliance,92.2,2,Compliant
AUD12187,FAC004,DEP002,2025-08-22,Data Privacy,87.2,0,Minor Findings
AUD13036,FAC002,DEP002,2022-11-10,Documentation,83.0,4,Minor Findings
AUD13918,FAC005,DEP001,2025-01-22,Data Privacy,91.3,1,Compliant
AUD11272,FAC003,DEP008,2025-07-30,Documentation,90.9,2,Minor Findings
AUD10290,FAC004,DEP008,2025-05-12,Documentation,89.1,1,Compliant
AUD14827,FAC002,DEP005,2025-03-23,Billing Compliance,85.2,2,Minor Findings
AUD10252,FAC001,DEP008,2025-04-25,Data Privacy,86.8,0,Minor Findings
AUD13245,FAC004,DEP006,2021-07-14,Documentation,80.2,0,Minor Findings
AUD10350,FAC005,DEP003,2025-06-09,Clinical,73.4,2,Compliant
AUD11187,FAC004,DEP001,2026-06-24,Clinical,88.4,2,Compliant
AUD11961,FAC005,DEP001,2025-10-21,Documentation,81.1,0,Minor Findings
AUD10422,FAC004,DEP008,2025-07-11,Documentation,82.7,0,Minor Findings
AUD10090,FAC003,DEP007,2025-02-10,Infection Control,94.1,2,Compliant
AUD13729,FAC002,DEP001,2024-08-30,Medication Safety,91.8,0,Compliant
AUD12236,FAC001,DEP005,2026-09-17,Infection Control,80.0,0,Compliant
AUD10670,FAC003,DEP002,2025-11-01,Data Privacy,86.3,1,Minor Findings
AUD13040,FAC005,DEP001,2022-04-30,Data Privacy,84.1,2,Compliant
AUD10026,FAC002,DEP004,2025-01-12,Clinical,96.7,0,Compliant
AUD10429,FAC003,DEP005,2025-07-15,Data Privacy,78.2,2,Compliant
AUD10683,FAC002,DEP003,2025-11-07,Data Privacy,96.0,2,Minor Findings
AUD14463,FAC002,DEP005,2022-04-15,Data Privacy,90.2,2,Compliant
AUD13945,FAC001,DEP004,2023-10-31,Clinical,100.0,2,Minor Findings
AUD13523,FAC003,DEP008,2021-02-12,Billing Compliance,95.2,3,Compliant
AUD11541,FAC003,DEP003,2024-09-25,Data Privacy,82.4,3,Compliant
AUD12031,FAC003,DEP005,2021-03-24,Data Privacy,76.8,3,Compliant
AUD12232,FAC002,DEP005,2025-04-23,Documentation,97.6,2,Minor Findings
AUD14120,FAC002,DEP006,2026-12-13,Data Privacy,78.0,1,Compliant
AUD13235,FAC002,DEP007,2021-08-31,Data Privacy,84.1,4,Compliant
AUD10254,FAC005,DEP001,2025-04-26,Infection Control,93.1,5,Compliant
AUD11029,FAC004,DEP007,2026-04-13,Documentation,79.4,3,Minor Findings
AUD14392,FAC004,DEP007,2023-09-20,Documentation,78.6,3,Major Findings
AUD13800,FAC005,DEP005,2025-06-30,Data Privacy,88.2,1,Compliant
AUD14310,FAC005,DEP006,2022-03-26,Clinical,77.9,0,Compliant
AUD12509,FAC005,DEP003,2022-02-10,Medication Safety,86.7,3,Compliant
AUD12292,FAC002,DEP005,2021-06-11,Medication Safety,92.2,3,Minor Findings
AUD11323,FAC002,DEP001,2024-01-05,Documentation,85.6,4,Compliant
AUD11550,FAC003,DEP001,2021-04-15,Data Privacy,84.1,0,Compliant
AUD14647,FAC002,DEP001,2021-08-10,Infection Control,92.2,2,Compliant
AUD10315,FAC002,DEP005,2025-05-24,Infection Control,85.9,1,Minor Findings
AUD11242,FAC002,DEP002,2026-04-12,Medication Safety,79.1,2,Compliant
AUD12450,FAC004,DEP002,2022-04-11,Data Privacy,100.0,2,Minor Findings
AUD11578,FAC002,DEP002,2022-01-20,Documentation,79.3,0,Compliant
AUD14625,FAC001,DEP004,2026-01-09,Documentation,84.5,0,Major Findings
AUD13116,FAC003,DEP007,2023-04-12,Documentation,82.1,2,Compliant
AUD10069,FAC004,DEP005,2025-02-01,Clinical,96.4,2,Compliant
AUD10859,FAC002,DEP005,2026-01-26,Billing Compliance,90.8,1,Minor Findings
AUD12753,FAC004,DEP006,2021-07-28,Data Privacy,82.9,1,Minor Findings
AUD11632,FAC005,DEP007,2024-06-12,Data Privacy,90.6,1,Minor Findings
AUD11650,FAC005,DEP008,2024-02-23,Data Privacy,88.8,1,Compliant
AUD13860,FAC005,DEP007,2024-12-17,Clinical,78.0,0,Compliant
AUD13106,FAC005,DEP007,2021-01-20,Documentation,92.6,0,Major Findings
AUD11074,FAC005,DEP006,2026-05-04,Billing Compliance,97.4,1,Compliant
AUD14001,FAC004,DEP004,2026-04-05,Documentation,81.5,1,Compliant
AUD10787,FAC003,DEP006,2025-12-24,Data Privacy,96.2,0,Minor Findings
AUD12605,FAC003,DEP007,2024-02-02,Clinical,87.5,0,Compliant
AUD13630,FAC003,DEP008,2022-12-15,Documentation,90.4,3,Compliant
AUD12121,FAC005,DEP008,2024-07-16,Billing Compliance,89.1,3,Compliant
AUD11874,FAC002,DEP002,2026-08-20,Clinical,70.9,1,Minor Findings
AUD10811,FAC004,DEP005,2026-01-04,Billing Compliance,81.4,1,Minor Findings
AUD10387,FAC004,DEP001,2025-06-25,Clinical,96.7,1,Compliant
AUD12882,FAC002,DEP005,2024-01-25,Infection Control,88.6,1,Minor Findings
AUD11175,FAC004,DEP001,2026-06-19,Infection Control,93.2,1,Compliant
AUD13197,FAC005,DEP008,2026-11-17,Documentation,86.5,1,Minor Findings
AUD12623,FAC004,DEP005,2026-03-25,Medication Safety,97.8,0,Compliant
AUD11351,FAC004,DEP007,2026-09-09,Infection Control,77.0,2,Compliant
AUD10410,FAC002,DEP007,2025-07-06,Documentation,97.0,3,Compliant
AUD14212,FAC002,DEP007,2022-07-29,Clinical,95.0,2,Minor Findings
AUD10109,FAC004,DEP001,2025-02-19,Medication Safety,94.3,4,Compliant
AUD14995,FAC003,DEP003,2021-12-07,Medication Safety,75.6,2,Minor Findings
AUD13429,FAC003,DEP001,2023-12-15,Medication Safety,91.8,0,Major Findings
AUD12809,FAC004,DEP001,2025-12-15,Clinical,84.3,1,Compliant
AUD12594,FAC004,DEP006,2024-08-18,Clinical,86.3,1,Compliant
AUD12836,FAC004,DEP002,2024-08-11,Medication Safety,71.9,0,Compliant
AUD12372,FAC002,DEP001,2025-08-01,Infection Control,82.0,1,Compliant
AUD11235,FAC002,DEP006,2025-05-01,Data Privacy,86.0,1,Compliant
AUD12146,FAC001,DEP008,2023-06-06,Infection Control,76.5,1,Major Findings
AUD14975,FAC004,DEP007,2021-08-26,Medication Safety,83.8,3,Compliant
AUD10599,FAC005,DEP007,2025-09-30,Medication Safety,79.9,2,Compliant
AUD11434,FAC003,DEP005,2022-11-09,Documentation,79.4,2,Minor Findings
AUD14996,FAC002,DEP002,2024-03-05,Data Privacy,83.1,3,Compliant
AUD10538,FAC001,DEP005,2025-09-02,Clinical,80.1,3,Major Findings
AUD10721,FAC004,DEP001,2025-11-24,Documentation,83.8,1,Minor Findings
AUD14410,FAC005,DEP008,2025-07-02,Infection Control,77.3,2,Minor Findings
AUD11872,FAC004,DEP004,2024-07-16,Medication Safety,94.9,0,Compliant
AUD12845,FAC003,DEP007,2026-12-29,Medication Safety,88.2,0,Compliant
AUD12053,FAC005,DEP006,2026-06-22,Infection Control,93.3,4,Minor Findings
AUD12907,FAC001,DEP003,2026-12-31,Medication Safety,80.4,0,Compliant
AUD12254,FAC001,DEP008,2022-11-11,Data Privacy,97.2,3,Minor Findings
AUD13912,FAC001,DEP005,2021-04-17,Billing Compliance,95.2,3,Compliant
AUD10177,FAC003,DEP001,2025-03-22,Data Privacy,83.4,3,Compliant
AUD12890,FAC002,DEP001,2023-12-08,Data Privacy,78.4,2,Major Findings
AUD13673,FAC005,DEP006,2025-12-17,Data Privacy,87.1,2,Minor Findings
AUD10080,FAC004,DEP003,2025-02-06,Infection Control,79.1,0,Compliant
AUD12561,FAC002,DEP007,2024-03-18,Infection Control,87.0,2,Minor Findings
AUD11723,FAC003,DEP005,2025-03-09,Billing Compliance,77.2,0,Minor Findings
AUD11617,FAC005,DEP001,2025-09-08,Medication Safety,73.8,3,Compliant
AUD11654,FAC005,DEP005,2022-05-24,Billing Compliance,77.9,3,Compliant
AUD12328,FAC003,DEP005,2021-08-31,Medication Safety,92.2,1,Minor Findings
AUD14613,FAC004,DEP001,2021-05-14,Documentation,85.3,1,Compliant
AUD10221,FAC001,DEP008,2025-04-11,Infection Control,98.5,0,Compliant
AUD10093,FAC001,DEP007,2025-02-12,Infection Control,97.8,3,Compliant
AUD12609,FAC004,DEP001,2026-08-09,Clinical,77.3,1,Compliant
AUD13382,FAC005,DEP008,2026-06-23,Documentation,97.2,1,Compliant
AUD14415,FAC002,DEP005,2024-05-22,Billing Compliance,78.0,0,Compliant
AUD11397,FAC004,DEP001,2022-11-26,Medication Safety,93.5,0,Minor Findings
AUD14686,FAC004,DEP004,2026-12-06,Infection Control,100.0,0,Compliant
AUD11292,FAC004,DEP005,2023-11-01,Clinical,100.0,1,Compliant
AUD12164,FAC003,DEP001,2024-08-07,Billing Compliance,97.0,0,Compliant
AUD12939,FAC003,DEP008,2025-03-13,Medication Safety,80.3,2,Compliant
AUD13668,FAC005,DEP005,2026-09-22,Medication Safety,83.1,1,Compliant
AUD10812,FAC003,DEP007,2026-01-05,Infection Control,98.0,0,Compliant
AUD11258,FAC003,DEP001,2023-03-12,Billing Compliance,71.9,0,Compliant
AUD10889,FAC001,DEP005,2026-02-09,Billing Compliance,97.7,2,Compliant
AUD11451,FAC005,DEP007,2021-07-25,Clinical,71.6,3,Minor Findings
AUD13316,FAC001,DEP008,2023-11-03,Documentation,75.1,0,Major Findings
AUD12559,FAC004,DEP006,2022-03-09,Billing Compliance,91.1,3,Minor Findings
AUD13574,FAC005,DEP001,2025-10-08,Billing Compliance,96.3,0,Minor Findings
AUD12680,FAC003,DEP001,2024-06-19,Data Privacy,77.1,1,Minor Findings
AUD14651,FAC003,DEP008,2025-04-02,Medication Safety,86.3,1,Minor Findings
AUD14811,FAC005,DEP007,2023-03-29,Medication Safety,81.9,0,Minor Findings
AUD14679,FAC005,DEP007,2024-06-14,Documentation,95.9,3,Compliant
AUD12964,FAC004,DEP002,2025-01-29,Data Privacy,74.9,2,Compliant
AUD12672,FAC001,DEP001,2023-11-03,Data Privacy,80.7,3,Compliant
AUD10561,FAC004,DEP001,2025-09-13,Data Privacy,80.0,1,Compliant
AUD12778,FAC003,DEP007,2026-01-21,Documentation,92.6,2,Minor Findings
AUD12948,FAC001,DEP008,2023-08-30,Medication Safety,88.5,3,Minor Findings
AUD12817,FAC001,DEP003,2021-12-22,Medication Safety,76.7,0,Compliant
AUD12758,FAC004,DEP006,2025-12-01,Data Privacy,100.0,3,Compliant
AUD11756,FAC003,DEP001,2023-09-18,Clinical,98.2,1,Major Findings
AUD10724,FAC005,DEP003,2025-11-26,Infection Control,85.8,1,Compliant
AUD10219,FAC003,DEP002,2025-04-10,Data Privacy,81.7,4,Compliant
AUD14139,FAC005,DEP008,2022-03-07,Infection Control,82.3,3,Compliant
AUD13957,FAC002,DEP002,2021-08-24,Documentation,88.2,1,Minor Findings
AUD11588,FAC003,DEP005,2026-09-17,Clinical,79.1,2,Minor Findings
AUD13347,FAC001,DEP005,2024-11-01,Clinical,81.5,2,Minor Findings
AUD13970,FAC004,DEP006,2025-04-09,Clinical,90.4,2,Compliant
AUD14707,FAC001,DEP001,2026-12-18,Documentation,92.3,1,Compliant
AUD10043,FAC001,DEP002,2025-01-20,Infection Control,79.9,1,Compliant
AUD13001,FAC004,DEP002,2025-03-19,Billing Compliance,75.3,2,Compliant
AUD10210,FAC001,DEP005,2025-04-06,Medication Safety,93.4,2,Minor Findings
AUD10677,FAC001,DEP001,2025-11-04,Data Privacy,88.5,0,Compliant
AUD10354,FAC002,DEP003,2025-06-10,Data Privacy,73.0,2,Minor Findings
AUD11433,FAC001,DEP003,2021-08-23,Data Privacy,90.0,1,Compliant
AUD10949,FAC005,DEP003,2026-03-08,Data Privacy,78.1,0,Compliant
AUD12843,FAC002,DEP005,2025-03-10,Infection Control,92.1,0,Minor Findings
AUD10577,FAC004,DEP002,2025-09-20,Infection Control,74.9,4,Minor Findings
AUD13928,FAC003,DEP003,2025-04-09,Medication Safety,83.5,0,Minor Findings
AUD10544,FAC002,DEP002,2025-09-05,Medication Safety,91.4,4,Compliant
AUD10367,FAC003,DEP004,2025-06-16,Billing Compliance,86.7,5,Minor Findings
AUD11612,FAC001,DEP004,2025-12-12,Data Privacy,87.0,0,Minor Findings
AUD13550,FAC005,DEP005,2023-02-14,Medication Safety,87.6,1,Minor Findings
AUD13716,FAC002,DEP002,2025-11-10,Data Privacy,79.9,1,Minor Findings
AUD13779,FAC003,DEP005,2025-04-07,Clinical,90.4,2,Compliant
AUD10135,FAC002,DEP003,2025-03-03,Data Privacy,89.2,1,Compliant
AUD14480,FAC005,DEP003,2024-10-28,Documentation,93.6,1,Compliant
AUD11437,FAC005,DEP007,2021-01-13,Clinical,87.1,1,Major Findings
AUD10047,FAC001,DEP001,2025-01-22,Clinical,86.9,3,Minor Findings
AUD11360,FAC001,DEP001,2026-07-17,Billing Compliance,73.2,2,Major Findings
AUD10734,FAC001,DEP005,2025-11-30,Documentation,83.3,5,Compliant
AUD11534,FAC005,DEP005,2026-05-13,Data Privacy,74.6,0,Compliant
AUD12004,FAC003,DEP005,2023-12-13,Data Privacy,88.4,1,Compliant
AUD13795,FAC005,DEP003,2024-06-24,Documentation,93.5,1,Compliant
AUD12519,FAC002,DEP002,2026-07-31,Data Privacy,80.4,0,Compliant
AUD11972,FAC001,DEP002,2025-08-18,Infection Control,74.0,0,Compliant
AUD10996,FAC003,DEP005,2026-03-29,Clinical,81.6,2,Compliant
AUD10061,FAC003,DEP002,2025-01-28,Billing Compliance,89.1,0,Compliant
AUD11108,FAC001,DEP001,2026-05-19,Documentation,82.5,2,Minor Findings
AUD12405,FAC004,DEP007,2021-01-29,Data Privacy,100.0,1,Compliant
AUD10095,FAC005,DEP001,2025-02-13,Billing Compliance,88.7,1,Minor Findings
AUD10478,FAC004,DEP005,2025-08-06,Clinical,72.4,0,Minor Findings
AUD14359,FAC003,DEP003,2025-10-01,Documentation,80.2,1,Compliant
AUD14112,FAC001,DEP001,2025-04-23,Medication Safety,75.5,0,Minor Findings
AUD13707,FAC005,DEP007,2023-06-24,Medication Safety,87.7,3,Compliant
AUD11101,FAC001,DEP005,2026-05-16,Clinical,91.0,1,Major Findings
AUD12746,FAC005,DEP001,2025-09-16,Infection Control,89.5,2,Compliant
AUD12170,FAC001,DEP004,2025-03-26,Billing Compliance,83.7,2,Compliant
AUD10322,FAC005,DEP003,2025-05-27,Medication Safety,94.2,0,Compliant
AUD14254,FAC003,DEP008,2026-07-15,Clinical,72.0,1,Minor Findings
AUD13142,FAC005,DEP008,2023-01-18,Documentation,88.8,2,Compliant
AUD13537,FAC003,DEP008,2025-11-09,Documentation,87.6,1,Compliant
AUD14925,FAC001,DEP003,2023-07-19,Medication Safety,95.0,1,Compliant
AUD12924,FAC005,DEP001,2022-01-21,Data Privacy,89.5,2,Compliant
AUD11149,FAC003,DEP001,2026-06-07,Billing Compliance,77.0,3,Minor Findings
AUD13617,FAC004,DEP006,2022-08-01,Documentation,80.8,0,Minor Findings
AUD10291,FAC005,DEP007,2025-05-13,Documentation,72.1,2,Compliant
AUD13749,FAC001,DEP005,2024-11-13,Documentation,100.0,2,Compliant
AUD13586,FAC001,DEP001,2021-07-14,Data Privacy,83.6,3,Compliant
AUD10533,FAC002,DEP005,2025-08-31,Medication Safety,91.5,1,Compliant
AUD13607,FAC005,DEP006,2024-08-08,Data Privacy,84.2,2,Major Findings
AUD12648,FAC003,DEP005,2021-11-24,Clinical,93.7,4,Minor Findings
AUD14810,FAC004,DEP004,2025-08-29,Medication Safety,74.6,4,Minor Findings
AUD11983,FAC002,DEP006,2022-04-22,Medication Safety,99.9,2,Major Findings
AUD12932,FAC004,DEP006,2023-06-09,Documentation,83.9,1,Minor Findings
AUD11536,FAC003,DEP003,2026-12-16,Documentation,86.2,0,Compliant
AUD14534,FAC004,DEP006,2024-05-03,Documentation,90.0,0,Minor Findings
AUD14172,FAC005,DEP005,2026-10-09,Infection Control,78.8,0,Minor Findings
AUD13360,FAC001,DEP001,2023-03-30,Data Privacy,91.6,1,Compliant
AUD13665,FAC001,DEP003,2023-10-23,Data Privacy,89.4,0,Minor Findings
AUD14005,FAC004,DEP006,2023-04-25,Medication Safety,87.7,2,Compliant
AUD13626,FAC003,DEP005,2025-08-05,Billing Compliance,90.4,3,Compliant
AUD10586,FAC005,DEP005,2025-09-24,Infection Control,79.5,1,Compliant
AUD13256,FAC004,DEP004,2023-08-02,Documentation,67.0,1,Minor Findings
AUD12298,FAC003,DEP003,2024-08-01,Documentation,100.0,2,Major Findings
AUD13988,FAC002,DEP002,2024-07-24,Documentation,96.7,2,Major Findings
AUD10584,FAC001,DEP001,2025-09-23,Clinical,95.5,2,Minor Findings
AUD12423,FAC002,DEP002,2023-03-24,Data Privacy,100.0,2,Compliant
AUD11391,FAC002,DEP006,2024-06-17,Data Privacy,75.2,0,Compliant
AUD14525,FAC004,DEP006,2025-05-30,Medication Safety,89.1,1,Compliant
AUD14920,FAC005,DEP003,2023-01-05,Clinical,82.2,0,Compliant
AUD14800,FAC001,DEP003,2026-10-21,Data Privacy,85.1,0,Minor Findings
AUD13240,FAC004,DEP006,2025-03-15,Clinical,95.3,2,Minor Findings
AUD14281,FAC003,DEP001,2023-08-09,Data Privacy,97.3,1,Major Findings
AUD13338,FAC003,DEP008,2026-08-04,Medication Safety,86.0,0,Major Findings
AUD13220,FAC001,DEP004,2026-01-29,Billing Compliance,83.1,0,Compliant
AUD12111,FAC002,DEP007,2022-09-25,Billing Compliance,78.1,1,Minor Findings
AUD11174,FAC005,DEP002,2026-06-18,Billing Compliance,93.6,3,Minor Findings
AUD14862,FAC002,DEP007,2023-01-09,Billing Compliance,94.1,1,Compliant
AUD13811,FAC005,DEP003,2021-07-13,Infection Control,86.2,2,Compliant
AUD11867,FAC004,DEP007,2022-10-05,Data Privacy,85.0,2,Compliant
AUD12614,FAC005,DEP003,2023-04-17,Medication Safety,74.5,0,Compliant
AUD13866,FAC003,DEP008,2026-04-17,Clinical,82.9,1,Minor Findings
AUD14885,FAC002,DEP005,2022-10-31,Billing Compliance,82.2,1,Compliant
AUD13778,FAC004,DEP007,2025-10-24,Medication Safety,83.5,0,Minor Findings
AUD13846,FAC003,DEP001,2022-09-02,Documentation,96.2,2,Compliant
AUD12416,FAC002,DEP007,2024-12-28,Infection Control,88.9,2,Compliant
AUD10070,FAC001,DEP008,2025-02-01,Infection Control,78.2,3,Compliant
AUD14880,FAC001,DEP003,2024-10-24,Clinical,74.4,0,Minor Findings
AUD11126,FAC001,DEP005,2026-05-27,Data Privacy,85.8,2,Compliant
AUD14024,FAC001,DEP001,2021-04-06,Medication Safety,74.1,4,Major Findings
AUD13250,FAC005,DEP006,2024-06-19,Data Privacy,81.6,3,Compliant
AUD13901,FAC003,DEP005,2026-06-14,Data Privacy,88.9,1,Minor Findings
AUD11095,FAC004,DEP008,2026-05-13,Clinical,78.7,2,Minor Findings
AUD14545,FAC002,DEP005,2023-02-27,Clinical,87.9,2,Compliant
AUD11212,FAC002,DEP005,2023-09-29,Medication Safety,95.3,4,Compliant
AUD13921,FAC003,DEP001,2025-01-27,Medication Safety,77.2,0,Compliant
AUD11425,FAC002,DEP002,2022-02-04,Data Privacy,78.8,0,Major Findings
AUD13066,FAC004,DEP007,2021-02-13,Medication Safety,80.9,0,Compliant
AUD14519,FAC004,DEP006,2023-06-16,Medication Safety,84.3,1,Compliant
AUD12100,FAC003,DEP005,2026-06-14,Medication Safety,86.5,1,Compliant
AUD10807,FAC002,DEP005,2026-01-02,Billing Compliance,92.8,1,Minor Findings
AUD14743,FAC003,DEP001,2024-10-04,Medication Safety,83.5,0,Minor Findings
AUD13750,FAC002,DEP002,2024-04-05,Billing Compliance,76.1,0,Compliant
AUD11362,FAC001,DEP004,2021-08-25,Billing Compliance,71.3,1,Compliant
AUD12317,FAC002,DEP005,2024-02-16,Billing Compliance,86.9,0,Compliant
AUD14581,FAC001,DEP002,2022-05-07,Clinical,86.0,2,Minor Findings
AUD14741,FAC001,DEP008,2024-08-02,Clinical,95.2,1,Compliant
AUD11025,FAC001,DEP001,2026-04-11,Billing Compliance,72.3,3,Compliant
AUD13109,FAC001,DEP008,2022-09-14,Billing Compliance,77.6,2,Compliant
AUD12110,FAC005,DEP001,2026-04-20,Clinical,82.1,2,Minor Findings
AUD11041,FAC002,DEP004,2026-04-19,Clinical,93.2,1,Minor Findings
AUD11876,FAC003,DEP001,2024-08-15,Infection Control,78.2,0,Major Findings
AUD10881,FAC005,DEP001,2026-02-05,Clinical,92.2,1,Compliant
AUD14299,FAC004,DEP007,2026-08-22,Medication Safety,94.5,1,Minor Findings
AUD11192,FAC001,DEP008,2026-06-26,Billing Compliance,83.7,2,Minor Findings
AUD14587,FAC003,DEP007,2025-04-11,Billing Compliance,85.8,0,Compliant
AUD14510,FAC002,DEP006,2021-12-20,Medication Safety,82.4,3,Compliant
AUD13670,FAC004,DEP006,2021-02-21,Clinical,99.5,0,Compliant
AUD10624,FAC005,DEP004,2025-10-11,Data Privacy,93.3,2,Compliant
AUD12796,FAC005,DEP007,2022-07-11,Infection Control,95.2,2,Compliant
AUD14291,FAC001,DEP003,2026-12-23,Medication Safety,80.2,2,Minor Findings
AUD14968,FAC004,DEP001,2026-12-09,Medication Safety,94.4,3,Compliant
AUD10233,FAC005,DEP007,2025-04-16,Clinical,78.7,4,Minor Findings
AUD14566,FAC003,DEP005,2025-06-27,Data Privacy,93.3,0,Minor Findings
AUD11662,FAC001,DEP004,2025-10-23,Billing Compliance,80.6,2,Compliant
AUD10415,FAC002,DEP005,2025-07-08,Documentation,81.3,2,Compliant
AUD14246,FAC003,DEP003,2022-05-11,Data Privacy,86.8,4,Minor Findings
AUD12173,FAC004,DEP001,2026-07-27,Infection Control,75.8,3,Compliant
AUD11456,FAC001,DEP001,2024-06-22,Medication Safety,82.3,1,Minor Findings
AUD10746,FAC002,DEP007,2025-12-06,Billing Compliance,90.6,2,Minor Findings
AUD10017,FAC004,DEP002,2025-01-08,Documentation,78.9,1,Compliant
AUD11200,FAC004,DEP002,2024-10-28,Data Privacy,82.2,0,Minor Findings
AUD11699,FAC003,DEP008,2024-10-31,Data Privacy,77.9,2,Major Findings
AUD13253,FAC005,DEP008,2022-05-07,Billing Compliance,100.0,0,Compliant
AUD10596,FAC001,DEP007,2025-09-28,Documentation,74.1,2,Compliant
AUD13226,FAC005,DEP005,2025-08-29,Data Privacy,96.7,1,Compliant
AUD14405,FAC004,DEP004,2021-01-24,Documentation,88.0,2,Minor Findings
AUD14719,FAC002,DEP006,2025-04-19,Documentation,88.3,3,Compliant
AUD11505,FAC005,DEP006,2024-04-08,Medication Safety,84.8,0,Compliant
AUD11412,FAC005,DEP008,2026-06-28,Infection Control,87.8,2,Compliant
AUD11965,FAC005,DEP008,2022-11-11,Documentation,82.9,0,Compliant
AUD10371,FAC003,DEP001,2025-06-18,Data Privacy,96.3,0,Minor Findings
AUD11340,FAC002,DEP002,2023-02-22,Clinical,92.1,2,Compliant
AUD10598,FAC001,DEP008,2025-09-29,Infection Control,75.1,3,Major Findings
AUD10238,FAC005,DEP003,2025-04-19,Medication Safety,94.5,0,Major Findings
AUD13400,FAC003,DEP007,2023-08-20,Medication Safety,86.8,0,Compliant
AUD12067,FAC005,DEP008,2021-12-11,Infection Control,74.5,2,Minor Findings
AUD10810,FAC004,DEP001,2026-01-04,Data Privacy,81.8,0,Compliant
AUD11094,FAC004,DEP005,2026-05-13,Data Privacy,96.0,0,Compliant
AUD14324,FAC004,DEP004,2024-08-30,Clinical,85.3,1,Compliant
AUD14760,FAC003,DEP001,2022-01-06,Infection Control,100.0,2,Compliant
AUD13676,FAC005,DEP001,2023-01-22,Data Privacy,90.6,2,Minor Findings
AUD13464,FAC002,DEP005,2021-04-13,Data Privacy,95.5,2,Minor Findings
AUD13103,FAC002,DEP001,2026-02-26,Data Privacy,76.0,2,Compliant
AUD12749,FAC001,DEP005,2025-03-07,Infection Control,90.7,1,Minor Findings
AUD12295,FAC001,DEP002,2023-08-10,Documentation,88.2,1,Minor Findings
AUD14192,FAC003,DEP007,2025-04-29,Clinical,91.3,1,Major Findings
AUD13708,FAC001,DEP004,2024-03-23,Data Privacy,81.8,1,Compliant
AUD13018,FAC005,DEP006,2026-07-13,Clinical,88.2,3,Compliant
AUD14252,FAC002,DEP007,2024-05-10,Clinical,82.7,3,Compliant
AUD10803,FAC003,DEP008,2026-01-01,Documentation,77.1,0,Compliant
AUD14190,FAC004,DEP004,2022-09-02,Medication Safety,76.4,0,Compliant
AUD13705,FAC001,DEP004,2022-03-01,Medication Safety,88.7,1,Minor Findings
AUD10751,FAC001,DEP006,2025-12-08,Infection Control,88.6,1,Major Findings
AUD14644,FAC004,DEP006,2023-06-26,Billing Compliance,74.5,2,Compliant
AUD12531,FAC002,DEP007,2025-09-05,Clinical,93.2,0,Compliant
AUD10621,FAC005,DEP006,2025-10-10,Clinical,88.0,1,Minor Findings
AUD12297,FAC003,DEP007,2024-03-21,Clinical,80.2,2,Minor Findings
AUD13828,FAC005,DEP001,2025-09-24,Infection Control,82.0,0,Compliant
AUD10566,FAC004,DEP003,2025-09-15,Data Privacy,77.9,3,Compliant
AUD11135,FAC005,DEP002,2026-05-31,Medication Safety,73.8,1,Major Findings
AUD11204,FAC001,DEP008,2025-06-16,Clinical,78.0,1,Compliant
AUD11047,FAC004,DEP005,2026-04-21,Medication Safety,88.7,1,Major Findings
AUD10051,FAC005,DEP005,2025-01-24,Billing Compliance,89.4,4,Compliant
AUD13651,FAC003,DEP003,2021-04-07,Billing Compliance,90.2,1,Minor Findings
AUD11044,FAC001,DEP007,2026-04-20,Data Privacy,72.3,1,Compliant
AUD12181,FAC003,DEP008,2021-04-10,Billing Compliance,84.5,0,Compliant
AUD12688,FAC002,DEP005,2021-01-01,Clinical,86.3,1,Compliant
AUD10534,FAC002,DEP008,2025-08-31,Billing Compliance,79.9,1,Major Findings
AUD13184,FAC001,DEP002,2021-04-13,Infection Control,86.8,2,Compliant
AUD13857,FAC001,DEP005,2023-01-17,Medication Safety,79.9,0,Minor Findings
AUD10443,FAC001,DEP007,2025-07-21,Data Privacy,77.7,0,Major Findings
AUD13604,FAC002,DEP006,2023-09-15,Billing Compliance,78.4,0,Compliant
AUD10195,FAC004,DEP007,2025-03-30,Documentation,73.2,1,Minor Findings
AUD11115,FAC004,DEP003,2026-05-22,Medication Safety,82.5,2,Minor Findings
AUD10765,FAC001,DEP007,2025-12-14,Data Privacy,73.7,1,Compliant
AUD11945,FAC004,DEP006,2022-03-07,Documentation,74.2,2,Minor Findings
AUD13247,FAC002,DEP007,2025-12-23,Documentation,94.1,0,Compliant
AUD13002,FAC001,DEP005,2021-06-21,Clinical,85.7,1,Compliant
AUD11432,FAC004,DEP004,2025-04-04,Infection Control,92.6,1,Minor Findings
AUD14200,FAC002,DEP007,2026-06-16,Clinical,99.1,0,Compliant
AUD13095,FAC001,DEP003,2021-10-26,Medication Safety,78.6,2,Minor Findings
AUD12922,FAC002,DEP006,2021-04-02,Clinical,82.4,0,Compliant
AUD10644,FAC005,DEP005,2025-10-20,Clinical,88.8,1,Compliant
AUD11049,FAC003,DEP008,2026-04-22,Clinical,89.8,2,Major Findings
AUD13745,FAC001,DEP001,2025-08-12,Billing Compliance,84.4,1,Compliant
AUD14093,FAC003,DEP001,2023-10-25,Billing Compliance,84.6,0,Compliant
AUD14403,FAC001,DEP008,2022-04-19,Medication Safety,74.9,0,Compliant
AUD10120,FAC001,DEP002,2025-02-24,Infection Control,73.1,4,Compliant
AUD12052,FAC005,DEP005,2025-12-15,Medication Safety,96.2,0,Major Findings
AUD14258,FAC004,DEP005,2022-09-10,Infection Control,80.2,2,Compliant
AUD14888,FAC004,DEP005,2026-04-23,Data Privacy,80.1,1,Compliant
AUD14334,FAC001,DEP003,2021-05-05,Infection Control,94.5,3,Compliant
AUD14691,FAC001,DEP001,2023-05-12,Clinical,77.5,2,Compliant
AUD10134,FAC005,DEP008,2025-03-02,Billing Compliance,96.8,4,Minor Findings
AUD12460,FAC004,DEP007,2023-02-17,Billing Compliance,87.2,3,Compliant
AUD11954,FAC001,DEP004,2021-11-10,Data Privacy,88.1,0,Compliant
AUD12463,FAC001,DEP008,2026-02-12,Billing Compliance,90.5,0,Major Findings
AUD10184,FAC005,DEP005,2025-03-25,Infection Control,79.6,4,Compliant
AUD11392,FAC001,DEP002,2023-06-23,Documentation,82.4,0,Compliant
AUD12276,FAC003,DEP001,2025-03-30,Billing Compliance,83.9,0,Minor Findings
AUD10511,FAC001,DEP005,2025-08-21,Billing Compliance,81.4,1,Compliant
AUD14729,FAC005,DEP008,2023-07-21,Clinical,88.0,2,Compliant
AUD14054,FAC004,DEP002,2023-08-08,Data Privacy,94.2,2,Compliant
AUD13137,FAC002,DEP002,2022-03-25,Billing Compliance,86.9,3,Compliant
AUD12669,FAC002,DEP001,2025-06-13,Clinical,90.0,2,Minor Findings
AUD14773,FAC005,DEP001,2022-06-16,Documentation,97.3,1,Compliant
AUD14861,FAC005,DEP003,2022-07-06,Billing Compliance,94.1,1,Compliant
AUD12117,FAC004,DEP006,2023-05-05,Documentation,80.5,2,Compliant
AUD10251,FAC003,DEP004,2025-04-25,Billing Compliance,97.5,2,Compliant
AUD13526,FAC001,DEP001,2025-11-17,Medication Safety,93.7,2,Compliant
AUD13559,FAC001,DEP001,2022-04-05,Clinical,86.5,0,Compliant
AUD14011,FAC002,DEP001,2021-04-30,Infection Control,87.5,1,Compliant
AUD11507,FAC002,DEP001,2023-10-06,Billing Compliance,83.8,0,Compliant
AUD10122,FAC004,DEP003,2025-02-25,Medication Safety,74.2,4,Compliant
AUD14259,FAC004,DEP001,2026-07-05,Infection Control,90.3,2,Minor Findings
AUD13333,FAC004,DEP006,2024-11-19,Infection Control,90.2,1,Compliant
AUD11871,FAC003,DEP003,2022-07-31,Documentation,76.8,4,Compliant
AUD13692,FAC005,DEP006,2025-02-20,Clinical,84.5,1,Minor Findings
AUD10567,FAC004,DEP001,2025-09-15,Billing Compliance,81.3,1,Minor Findings
AUD11371,FAC004,DEP007,2025-05-05,Medication Safety,65.3,3,Compliant
AUD13185,FAC004,DEP002,2024-09-07,Billing Compliance,78.2,0,Compliant
AUD13955,FAC002,DEP001,2022-04-27,Billing Compliance,81.7,1,Compliant
AUD11056,FAC004,DEP008,2026-04-26,Billing Compliance,91.6,0,Compliant
AUD10856,FAC001,DEP002,2026-01-25,Data Privacy,98.0,3,Compliant
AUD13838,FAC005,DEP003,2026-07-18,Data Privacy,99.1,1,Minor Findings
AUD12860,FAC004,DEP007,2022-10-01,Data Privacy,76.0,2,Compliant
AUD14769,FAC001,DEP001,2025-11-02,Medication Safety,90.3,2,Compliant
AUD10776,FAC002,DEP005,2025-12-19,Clinical,81.0,0,Compliant
AUD10720,FAC003,DEP007,2025-11-24,Billing Compliance,88.8,0,Compliant
AUD12710,FAC005,DEP007,2026-04-08,Documentation,87.8,2,Compliant
AUD12654,FAC004,DEP004,2024-06-24,Infection Control,100.0,2,Compliant
AUD14877,FAC002,DEP007,2025-01-15,Data Privacy,83.2,2,Compliant
AUD10602,FAC003,DEP003,2025-10-01,Billing Compliance,94.2,1,Compliant
AUD13822,FAC002,DEP005,2025-04-15,Medication Safety,87.6,4,Major Findings
AUD11244,FAC001,DEP005,2024-09-26,Documentation,94.7,1,Minor Findings
AUD14845,FAC001,DEP005,2023-03-10,Data Privacy,77.7,2,Compliant
AUD14841,FAC003,DEP001,2025-08-10,Clinical,98.7,2,Compliant
AUD10318,FAC003,DEP007,2025-05-25,Infection Control,87.1,1,Major Findings
AUD10828,FAC004,DEP001,2026-01-12,Data Privacy,91.7,2,Compliant
AUD13263,FAC001,DEP003,2026-04-13,Infection Control,91.2,2,Compliant
AUD10274,FAC005,DEP007,2025-05-05,Infection Control,94.7,4,Compliant
AUD12664,FAC004,DEP002,2022-09-23,Medication Safety,83.8,2,Minor Findings
AUD10549,FAC001,DEP004,2025-09-07,Medication Safety,86.5,2,Compliant
AUD13641,FAC004,DEP004,2025-04-22,Documentation,77.1,3,Compliant
AUD14053,FAC002,DEP001,2025-04-05,Data Privacy,98.6,2,Compliant
AUD14892,FAC005,DEP003,2025-11-11,Medication Safety,78.8,1,Major Findings
AUD12934,FAC002,DEP001,2024-08-11,Billing Compliance,96.3,1,Minor Findings
AUD10605,FAC003,DEP008,2025-10-03,Medication Safety,77.3,0,Compliant
AUD10896,FAC004,DEP008,2026-02-12,Clinical,86.4,1,Minor Findings
AUD10527,FAC004,DEP001,2025-08-28,Medication Safety,87.2,3,Minor Findings
AUD14607,FAC002,DEP005,2021-05-21,Clinical,80.8,1,Minor Findings
AUD12347,FAC003,DEP003,2025-10-10,Data Privacy,86.4,0,Compliant
AUD13439,FAC001,DEP004,2023-12-18,Data Privacy,76.0,1,Compliant
AUD14998,FAC004,DEP006,2025-01-04,Billing Compliance,92.8,2,Compliant
AUD14826,FAC003,DEP001,2023-05-08,Data Privacy,89.5,2,Minor Findings
AUD13922,FAC003,DEP008,2021-04-08,Clinical,91.2,2,Compliant
AUD10298,FAC003,DEP001,2025-05-16,Billing Compliance,75.0,2,Minor Findings
AUD12119,FAC001,DEP002,2024-09-23,Billing Compliance,84.2,0,Compliant
AUD12536,FAC001,DEP008,2026-10-09,Billing Compliance,81.0,2,Compliant
AUD14203,FAC002,DEP002,2025-09-09,Clinical,91.4,0,Compliant
AUD13254,FAC002,DEP005,2021-01-14,Billing Compliance,78.3,0,Compliant
AUD13725,FAC002,DEP002,2023-10-10,Medication Safety,86.8,3,Major Findings
AUD11260,FAC001,DEP004,2023-01-20,Documentation,86.6,0,Minor Findings
AUD11558,FAC004,DEP007,2023-03-18,Billing Compliance,95.2,0,Minor Findings
AUD13269,FAC001,DEP002,2026-02-04,Infection Control,85.4,2,Compliant
AUD14046,FAC005,DEP003,2022-07-08,Documentation,97.7,1,Major Findings
AUD10756,FAC004,DEP007,2025-12-10,Infection Control,91.0,6,Compliant
AUD11010,FAC005,DEP008,2026-04-05,Data Privacy,88.0,2,Compliant
AUD12794,FAC005,DEP008,2024-10-01,Documentation,90.8,0,Compliant
AUD12905,FAC003,DEP001,2022-09-22,Medication Safety,89.6,1,Compliant
AUD11870,FAC002,DEP007,2024-11-10,Clinical,76.8,3,Compliant
AUD12229,FAC001,DEP001,2024-10-15,Infection Control,74.1,2,Compliant
AUD11173,FAC001,DEP003,2026-06-18,Documentation,83.2,1,Compliant
AUD11832,FAC005,DEP008,2023-08-16,Medication Safety,84.0,2,Minor Findings
AUD10376,FAC002,DEP001,2025-06-20,Medication Safety,73.9,4,Minor Findings
AUD13853,FAC004,DEP006,2023-10-19,Medication Safety,85.1,2,Compliant
AUD13616,FAC002,DEP007,2022-06-28,Data Privacy,90.4,2,Compliant
AUD10798,FAC004,DEP001,2025-12-29,Medication Safety,85.2,2,Compliant
AUD10378,FAC004,DEP008,2025-06-21,Medication Safety,83.5,0,Compliant
AUD11158,FAC004,DEP007,2026-06-11,Data Privacy,72.5,3,Compliant
AUD13819,FAC001,DEP004,2021-01-14,Documentation,95.8,1,Compliant
AUD12792,FAC002,DEP001,2021-10-11,Medication Safety,83.0,3,Compliant
AUD12240,FAC003,DEP003,2026-12-01,Documentation,79.6,0,Minor Findings
AUD14035,FAC005,DEP008,2023-01-02,Medication Safety,82.8,1,Minor Findings
AUD12662,FAC003,DEP005,2022-10-24,Billing Compliance,97.6,0,Compliant
AUD14012,FAC003,DEP008,2022-12-23,Data Privacy,84.8,1,Compliant
AUD12957,FAC004,DEP005,2023-06-15,Data Privacy,91.7,2,Compliant
AUD13927,FAC005,DEP008,2026-06-24,Clinical,84.8,1,Compliant
AUD11038,FAC002,DEP008,2026-04-17,Clinical,75.3,1,Compliant
AUD13259,FAC002,DEP002,2025-04-29,Documentation,84.2,4,Compliant
AUD11344,FAC001,DEP003,2022-11-30,Documentation,85.7,2,Minor Findings
AUD12505,FAC005,DEP008,2025-06-24,Billing Compliance,89.8,0,Compliant
AUD11721,FAC002,DEP007,2023-12-19,Medication Safety,84.7,0,Compliant
AUD14663,FAC003,DEP003,2021-06-06,Documentation,71.1,2,Minor Findings
AUD10175,FAC005,DEP002,2025-03-21,Clinical,80.4,2,Compliant
AUD14893,FAC005,DEP001,2022-08-12,Infection Control,87.3,2,Compliant
AUD11909,FAC002,DEP001,2026-07-21,Data Privacy,85.6,1,Compliant
AUD10045,FAC001,DEP006,2025-01-21,Data Privacy,73.4,1,Minor Findings
AUD13409,FAC001,DEP004,2021-04-25,Infection Control,94.7,4,Compliant
AUD14674,FAC003,DEP003,2026-07-06,Medication Safety,84.4,2,Minor Findings
AUD11075,FAC003,DEP005,2026-05-04,Clinical,91.2,2,Compliant
AUD12829,FAC004,DEP007,2026-09-04,Data Privacy,82.5,4,Compliant
AUD11504,FAC004,DEP006,2023-06-29,Documentation,90.5,1,Compliant
AUD12309,FAC003,DEP008,2024-11-01,Data Privacy,100.0,1,Minor Findings
AUD11436,FAC004,DEP004,2021-06-04,Medication Safety,93.1,3,Compliant
AUD12418,FAC002,DEP005,2025-03-16,Medication Safety,93.2,2,Minor Findings
AUD13986,FAC005,DEP003,2022-09-14,Infection Control,77.9,1,Minor Findings
AUD13098,FAC001,DEP005,2024-02-28,Data Privacy,89.1,1,Compliant
AUD14588,FAC004,DEP005,2026-01-03,Medication Safety,86.2,2,Compliant
AUD10283,FAC005,DEP002,2025-05-09,Clinical,95.4,2,Compliant
AUD14918,FAC002,DEP001,2021-12-28,Clinical,76.9,2,Compliant
AUD10842,FAC002,DEP005,2026-01-18,Documentation,93.7,1,Compliant
AUD11513,FAC002,DEP005,2023-05-26,Data Privacy,85.4,1,Compliant
AUD11168,FAC001,DEP001,2026-06-15,Billing Compliance,97.7,4,Compliant
AUD11592,FAC003,DEP007,2022-07-30,Billing Compliance,87.5,2,Minor Findings
AUD13460,FAC004,DEP001,2024-06-08,Data Privacy,84.3,0,Compliant
AUD13165,FAC001,DEP003,2025-06-12,Medication Safety,93.3,0,Compliant
AUD12284,FAC005,DEP008,2024-02-28,Infection Control,88.8,0,Minor Findings
AUD13575,FAC004,DEP006,2021-10-03,Clinical,83.4,0,Compliant
AUD14870,FAC005,DEP005,2021-06-23,Clinical,78.6,0,Minor Findings
AUD12305,FAC003,DEP003,2021-09-18,Clinical,70.8,3,Compliant
AUD10952,FAC004,DEP005,2026-03-09,Data Privacy,90.4,4,Compliant
AUD14942,FAC001,DEP001,2025-01-21,Documentation,76.3,1,Compliant
AUD13053,FAC001,DEP005,2022-04-15,Billing Compliance,99.0,1,Compliant
AUD14559,FAC002,DEP006,2022-03-01,Documentation,73.5,2,Minor Findings
AUD12685,FAC001,DEP003,2026-05-04,Medication Safety,91.7,1,Minor Findings
AUD11489,FAC003,DEP007,2023-03-09,Data Privacy,98.2,2,Minor Findings
AUD10927,FAC001,DEP006,2026-02-26,Documentation,80.3,0,Major Findings
AUD11209,FAC004,DEP005,2022-10-06,Medication Safety,65.6,2,Minor Findings
AUD13973,FAC005,DEP007,2026-03-07,Medication Safety,87.3,1,Minor Findings
AUD13545,FAC002,DEP005,2022-07-14,Medication Safety,75.9,4,Minor Findings
AUD14361,FAC004,DEP004,2023-01-03,Infection Control,75.0,0,Major Findings
AUD11921,FAC002,DEP007,2021-06-08,Data Privacy,88.4,3,Compliant
AUD10351,FAC001,DEP008,2025-06-09,Medication Safety,88.4,3,Minor Findings
AUD14898,FAC001,DEP003,2026-03-01,Infection Control,85.7,2,Compliant
AUD13393,FAC002,DEP002,2022-08-10,Billing Compliance,91.8,2,Minor Findings
AUD12721,FAC005,DEP007,2026-06-19,Infection Control,82.1,0,Minor Findings
AUD14981,FAC001,DEP008,2024-12-31,Data Privacy,72.4,0,Compliant
AUD10718,FAC004,DEP004,2025-11-23,Data Privacy,93.1,0,Compliant
AUD12702,FAC002,DEP007,2021-08-28,Clinical,84.0,0,Compliant
AUD12722,FAC002,DEP001,2025-02-12,Billing Compliance,85.7,0,Compliant
AUD14561,FAC005,DEP006,2023-04-03,Documentation,77.7,3,Compliant
AUD10308,FAC002,DEP004,2025-05-21,Clinical,82.6,2,Minor Findings
AUD11675,FAC002,DEP006,2024-08-27,Billing Compliance,79.2,1,Compliant
AUD10833,FAC001,DEP006,2026-01-14,Clinical,82.6,0,Minor Findings
AUD10366,FAC004,DEP001,2025-06-16,Documentation,72.3,4,Compliant
AUD14506,FAC005,DEP003,2026-02-07,Medication Safety,79.4,0,Minor Findings
AUD12078,FAC001,DEP008,2025-11-23,Clinical,89.9,2,Minor Findings
AUD14038,FAC003,DEP001,2025-06-20,Medication Safety,82.9,0,Compliant
AUD14846,FAC004,DEP002,2026-11-01,Clinical,92.3,5,Minor Findings
AUD14479,FAC003,DEP001,2023-02-09,Clinical,87.4,0,Minor Findings
AUD11746,FAC002,DEP002,2021-02-15,Infection Control,85.5,3,Minor Findings
AUD10019,FAC003,DEP001,2025-01-09,Infection Control,91.8,7,Minor Findings
AUD11322,FAC005,DEP001,2025-03-24,Clinical,95.4,2,Major Findings
AUD13567,FAC002,DEP006,2021-01-08,Data Privacy,85.1,0,Compliant
AUD12521,FAC001,DEP008,2024-09-25,Data Privacy,85.9,2,Minor Findings
AUD10218,FAC001,DEP005,2025-04-10,Medication Safety,77.1,2,Compliant
AUD11487,FAC002,DEP001,2022-07-20,Clinical,79.1,3,Minor Findings
AUD10438,FAC002,DEP003,2025-07-19,Documentation,94.0,1,Compliant
AUD14174,FAC004,DEP002,2025-08-14,Billing Compliance,85.1,0,Compliant
AUD12750,FAC001,DEP003,2021-09-10,Clinical,75.1,0,Compliant
AUD13288,FAC004,DEP005,2024-07-11,Data Privacy,79.6,2,Major Findings
AUD13433,FAC002,DEP001,2026-08-19,Billing Compliance,77.7,3,Compliant
AUD12525,FAC003,DEP001,2026-04-01,Infection Control,85.9,2,Major Findings
AUD14650,FAC004,DEP001,2026-01-20,Medication Safety,88.8,2,Minor Findings
AUD13688,FAC002,DEP005,2023-02-02,Medication Safety,71.8,2,Compliant
AUD12763,FAC004,DEP001,2025-04-16,Medication Safety,69.3,1,Compliant
AUD10802,FAC001,DEP002,2025-12-31,Documentation,82.9,2,Compliant
AUD12997,FAC004,DEP006,2026-12-04,Data Privacy,75.3,0,Compliant
AUD12228,FAC002,DEP005,2023-04-26,Documentation,75.3,1,Minor Findings
AUD14785,FAC005,DEP006,2026-10-26,Data Privacy,89.6,3,Minor Findings
AUD12077,FAC003,DEP007,2022-11-24,Billing Compliance,68.7,0,Minor Findings
AUD10582,FAC002,DEP008,2025-09-22,Medication Safety,83.6,2,Compliant
AUD10203,FAC002,DEP002,2025-04-03,Clinical,92.3,2,Compliant
AUD14346,FAC002,DEP002,2021-11-23,Billing Compliance,88.4,0,Compliant
AUD13478,FAC004,DEP005,2026-07-07,Data Privacy,86.5,0,Major Findings
AUD12929,FAC005,DEP007,2025-06-05,Data Privacy,87.8,0,Minor Findings
AUD13085,FAC001,DEP008,2021-11-05,Clinical,82.8,3,Minor Findings
AUD11018,FAC002,DEP004,2026-04-08,Medication Safety,82.4,2,Compliant
AUD11583,FAC004,DEP002,2025-11-27,Documentation,74.9,1,Compliant
AUD11032,FAC004,DEP005,2026-04-15,Clinical,87.0,0,Compliant
AUD11718,FAC004,DEP004,2021-11-16,Infection Control,83.9,1,Minor Findings
AUD11281,FAC004,DEP004,2021-08-02,Infection Control,82.8,0,Compliant
AUD12498,FAC001,DEP001,2023-03-25,Billing Compliance,79.4,3,Compliant
AUD13350,FAC003,DEP007,2022-02-27,Billing Compliance,97.3,3,Compliant
AUD10517,FAC001,DEP001,2025-08-24,Billing Compliance,93.8,0,Minor Findings
AUD11747,FAC005,DEP006,2026-11-06,Clinical,99.9,1,Compliant
AUD14652,FAC003,DEP008,2022-05-18,Data Privacy,89.8,2,Compliant
AUD13732,FAC005,DEP007,2025-08-27,Infection Control,75.7,1,Compliant
AUD10668,FAC001,DEP001,2025-10-31,Infection Control,90.5,2,Minor Findings
AUD14059,FAC003,DEP005,2024-11-19,Billing Compliance,87.0,2,Minor Findings
AUD13026,FAC005,DEP008,2022-02-15,Medication Safety,86.2,1,Compliant
AUD14932,FAC005,DEP006,2022-05-09,Documentation,92.2,1,Compliant
AUD13286,FAC005,DEP007,2022-03-29,Billing Compliance,86.8,2,Compliant
AUD12650,FAC004,DEP007,2021-04-12,Clinical,89.5,0,Compliant
AUD14453,FAC003,DEP007,2021-09-06,Medication Safety,91.6,2,Minor Findings
AUD13192,FAC001,DEP008,2025-06-14,Billing Compliance,87.8,2,Minor Findings
AUD12124,FAC003,DEP008,2023-02-22,Billing Compliance,100.0,1,Minor Findings
AUD13375,FAC005,DEP008,2021-10-17,Clinical,100.0,0,Compliant
AUD13392,FAC003,DEP003,2024-04-13,Documentation,87.7,2,Compliant
AUD13485,FAC004,DEP001,2024-08-19,Data Privacy,86.1,0,Minor Findings
AUD10759,FAC004,DEP008,2025-12-12,Infection Control,89.1,2,Compliant
AUD13379,FAC004,DEP006,2021-02-09,Data Privacy,84.7,0,Minor Findings
AUD14440,FAC002,DEP005,2024-08-06,Billing Compliance,84.3,1,Compliant
AUD12526,FAC001,DEP002,2021-11-25,Clinical,89.0,1,Major Findings
AUD14858,FAC003,DEP003,2022-02-25,Data Privacy,84.8,1,Compliant
AUD10907,FAC003,DEP002,2026-02-17,Medication Safety,84.0,3,Compliant
AUD12683,FAC005,DEP006,2025-01-20,Billing Compliance,74.8,0,Compliant
AUD10214,FAC005,DEP002,2025-04-08,Medication Safety,92.7,1,Minor Findings
AUD13331,FAC001,DEP005,2022-02-09,Data Privacy,91.6,0,Compliant
AUD14458,FAC005,DEP006,2021-04-05,Documentation,91.2,0,Minor Findings
AUD10693,FAC003,DEP006,2025-11-12,Billing Compliance,91.0,3,Compliant
AUD11503,FAC003,DEP007,2025-07-29,Documentation,89.3,0,Compliant
AUD12414,FAC001,DEP003,2023-11-21,Clinical,91.3,1,Compliant
AUD12118,FAC001,DEP004,2025-12-23,Data Privacy,82.3,1,Compliant
AUD13858,FAC002,DEP001,2026-11-15,Documentation,60.0,1,Compliant
AUD12462,FAC003,DEP005,2025-09-08,Data Privacy,87.9,0,Compliant
AUD13635,FAC001,DEP002,2023-04-18,Billing Compliance,99.2,4,Minor Findings
AUD14105,FAC003,DEP005,2024-05-15,Data Privacy,83.2,2,Minor Findings
AUD14478,FAC002,DEP005,2023-04-13,Infection Control,74.7,1,Major Findings
AUD10196,FAC003,DEP001,2025-03-31,Data Privacy,74.9,4,Compliant
AUD14667,FAC004,DEP001,2025-07-15,Clinical,75.1,0,Compliant
AUD11543,FAC002,DEP001,2026-09-22,Clinical,95.1,1,Minor Findings
AUD11330,FAC004,DEP005,2025-12-22,Infection Control,83.1,2,Major Findings
AUD10879,FAC003,DEP003,2026-02-04,Data Privacy,76.8,1,Major Findings
AUD14502,FAC001,DEP004,2021-06-15,Infection Control,86.4,1,Compliant
AUD13501,FAC005,DEP007,2023-11-21,Documentation,90.6,0,Compliant
AUD13894,FAC004,DEP004,2025-03-07,Clinical,76.1,2,Compliant
AUD14990,FAC003,DEP001,2023-10-20,Billing Compliance,81.4,1,Minor Findings
AUD10887,FAC003,DEP006,2026-02-08,Data Privacy,80.0,1,Compliant
AUD11345,FAC001,DEP005,2025-12-12,Clinical,93.2,2,Compliant
AUD10068,FAC001,DEP004,2025-01-31,Medication Safety,95.9,2,Minor Findings
AUD14210,FAC003,DEP003,2022-03-30,Billing Compliance,88.9,3,Compliant
AUD11815,FAC005,DEP001,2026-01-09,Documentation,87.3,2,Minor Findings
AUD10568,FAC002,DEP006,2025-09-16,Data Privacy,77.4,2,Minor Findings
AUD12167,FAC004,DEP006,2021-03-12,Medication Safety,70.2,0,Compliant
AUD10096,FAC005,DEP006,2025-02-13,Data Privacy,80.8,0,Minor Findings
AUD14181,FAC001,DEP008,2023-05-23,Documentation,81.4,1,Minor Findings
AUD13353,FAC003,DEP008,2025-10-12,Documentation,72.5,0,Minor Findings
AUD10139,FAC002,DEP005,2025-03-05,Data Privacy,75.7,1,Compliant
AUD14954,FAC001,DEP002,2024-09-05,Data Privacy,90.2,0,Compliant
AUD12602,FAC003,DEP008,2022-02-03,Documentation,87.9,3,Minor Findings
AUD14023,FAC004,DEP004,2023-08-02,Infection Control,88.5,0,Compliant
AUD14772,FAC001,DEP001,2024-09-30,Medication Safety,80.3,2,Minor Findings
AUD11606,FAC003,DEP007,2026-06-11,Documentation,74.1,1,Minor Findings
AUD11629,FAC003,DEP005,2022-12-27,Billing Compliance,99.8,1,Compliant
AUD11539,FAC003,DEP005,2025-01-03,Clinical,89.2,0,Major Findings
AUD11694,FAC001,DEP001,2025-08-05,Documentation,87.1,2,Compliant
AUD12059,FAC004,DEP004,2022-12-29,Billing Compliance,85.3,1,Minor Findings
AUD10463,FAC001,DEP003,2025-07-30,Data Privacy,74.5,1,Compliant
AUD12330,FAC005,DEP001,2025-09-06,Clinical,92.9,1,Compliant
AUD13043,FAC003,DEP007,2026-10-24,Medication Safety,100.0,2,Minor Findings
AUD14734,FAC001,DEP001,2021-03-22,Billing Compliance,94.2,1,Major Findings
AUD10594,FAC004,DEP007,2025-09-28,Infection Control,97.1,1,Compliant
AUD13814,FAC004,DEP005,2024-01-19,Infection Control,86.7,0,Compliant
AUD10625,FAC001,DEP001,2025-10-12,Clinical,78.4,1,Compliant
AUD10450,FAC003,DEP006,2025-07-24,Documentation,82.1,1,Minor Findings
AUD11499,FAC005,DEP008,2024-07-21,Data Privacy,83.7,2,Compliant
AUD12456,FAC004,DEP004,2023-01-16,Medication Safety,81.6,1,Minor Findings
AUD14722,FAC003,DEP001,2021-10-13,Clinical,86.3,0,Compliant
AUD12984,FAC001,DEP004,2024-01-03,Data Privacy,91.5,2,Compliant
AUD11569,FAC002,DEP005,2026-06-19,Clinical,83.7,0,Minor Findings
AUD11034,FAC002,DEP001,2026-04-16,Billing Compliance,81.0,2,Compliant
AUD13518,FAC003,DEP005,2025-07-22,Infection Control,94.1,0,Compliant
AUD11557,FAC003,DEP001,2024-02-15,Billing Compliance,74.2,0,Compliant
AUD13624,FAC002,DEP005,2021-10-30,Infection Control,93.6,0,Compliant
AUD14664,FAC001,DEP003,2023-05-24,Medication Safety,88.0,1,Compliant
AUD10150,FAC003,DEP002,2025-03-10,Medication Safety,82.1,4,Compliant
AUD11420,FAC001,DEP005,2023-05-25,Data Privacy,84.2,0,Minor Findings
AUD12011,FAC005,DEP007,2022-07-14,Clinical,83.6,1,Compliant
AUD12686,FAC002,DEP001,2024-10-30,Data Privacy,88.4,1,Compliant
AUD11786,FAC004,DEP002,2025-01-07,Data Privacy,91.7,0,Compliant
AUD10088,FAC002,DEP008,2025-02-10,Infection Control,78.7,3,Compliant
AUD10457,FAC003,DEP005,2025-07-27,Clinical,93.2,3,Minor Findings
AUD11305,FAC001,DEP005,2025-09-01,Clinical,87.0,1,Major Findings
AUD12925,FAC001,DEP003,2026-08-24,Documentation,90.1,0,Compliant
AUD13270,FAC005,DEP007,2023-11-09,Billing Compliance,93.4,2,Minor Findings
AUD13227,FAC001,DEP004,2022-10-20,Clinical,87.7,1,Compliant
AUD11988,FAC004,DEP006,2021-01-22,Clinical,100.0,4,Compliant
AUD13754,FAC002,DEP002,2021-05-13,Billing Compliance,80.5,2,Compliant
