staff_id,staff_name,facility_id,department_id,role,employment_type,experience_years
STF0001,Dr. Arjun Rao,FAC001,DEP001,Doctor,Full-Time,22
STF0002,Dr. Priya Kumar,FAC002,DEP001,Doctor,Full-Time,3
STF0003,Dr. Rahul Verma,FAC003,DEP001,Doctor,Full-Time,11
STF0004,Dr. Sneha Mehta,FAC004,DEP001,Doctor,Full-Time,4
STF0005,Dr. Kiran Rao,FAC005,DEP001,Doctor,Full-Time,17
STF0006,Dr. Ananya Kumar,FAC001,DEP002,Doctor,Part-Time,22
STF0007,Dr. Vikram Verma,FAC002,DEP002,Doctor,Part-Time,19
STF0008,Dr. Meera Mehta,FAC003,DEP003,Doctor,Full-Time,19
STF0009,Dr. Rohit Rao,FAC004,DEP002,Doctor,Full-Time,22
STF0010,Dr. Kavya Kumar,FAC005,DEP003,Doctor,Full-Time,5
STF0011,Dr. Aditya Verma,FAC001,DEP003,Doctor,Part-Time,6
STF0012,Dr. Divya Mehta,FAC002,DEP005,Doctor,Part-Time,19
STF0013,Dr. Sanjay Rao,FAC003,DEP005,Doctor,Full-Time,9
STF0014,Dr. Nisha Kumar,FAC004,DEP004,Doctor,Part-Time,16
STF0015,Dr. Varun Verma,FAC005,DEP005,Doctor,Full-Time,5
STF0016,Dr. Pooja Mehta,FAC001,DEP004,Doctor,Part-Time,17
STF0017,Dr. Arjun Rao,FAC002,DEP006,Doctor,Full-Time,18
STF0018,Dr. Priya Kumar,FAC003,DEP007,Doctor,Full-Time,13
STF0019,Dr. Rahul Verma,FAC004,DEP005,Doctor,Full-Time,6
STF0020,Dr. Sneha Mehta,FAC005,DEP006,Doctor,Full-Time,6
STF0021,Dr. Kiran Rao,FAC001,DEP005,Doctor,Full-Time,22
STF0022,Dr. Ananya Kumar,FAC002,DEP007,Doctor,Full-Time,5
STF0023,Dr. Vikram Verma,FAC003,DEP008,Doctor,Full-Time,9
STF0024,Dr. Meera Mehta,FAC004,DEP006,Doctor,Full-Time,22
STF0025,Dr. Rohit Rao,FAC005,DEP007,Doctor,Full-Time,13
STF0026,Dr. Kavya Kumar,FAC001,DEP008,Doctor,Full-Time,25
STF0027,Dr. Aditya Verma,FAC002,DEP001,Doctor,Full-Time,6
STF0028,Dr. Divya Mehta,FAC003,DEP001,Doctor,Full-Time,13
STF0029,Dr. Sanjay Rao,FAC004,DEP007,Doctor,Full-Time,10
STF0030,Dr. Nisha Kumar,FAC005,DEP008,Doctor,Full-Time,18
STF0031,Dr. Varun Verma,FAC001,DEP001,Doctor,Full-Time,25
STF0032,Dr. Pooja Mehta,FAC002,DEP002,Doctor,Part-Time,24
STF0033,Dr. Arjun Rao,FAC003,DEP003,Doctor,Part-Time,25
STF0034,Dr. Priya Kumar,FAC004,DEP001,Doctor,Full-Time,15
STF0035,Dr. Rahul Verma,FAC005,DEP001,Doctor,Full-Time,7
STF0036,Dr. Sneha Mehta,FAC001,DEP002,Doctor,Part-Time,13
STF0037,Dr. Kiran Rao,FAC002,DEP005,Doctor,Full-Time,21
STF0038,Dr. Ananya Kumar,FAC003,DEP005,Doctor,Full-Time,16
STF0039,Dr. Vikram Verma,FAC004,DEP002,Doctor,Part-Time,12
STF0040,Dr. Meera Mehta,FAC005,DEP003,Doctor,Full-Time,3
STF0041,Technician 41,FAC001,DEP001,Technician,Part-Time,14
STF0042,Billing Executive 42,FAC001,DEP001,Billing Executive,Full-Time,9
STF0043,Billing Executive 43,FAC001,DEP001,Billing Executive,Part-Time,17
STF0044,Nurse 44,FAC001,DEP001,Nurse,Full-Time,9
STF0045,Lab Technician 45,FAC001,DEP001,Lab Technician,Full-Time,7
STF0046,Pharmacist 46,FAC001,DEP001,Pharmacist,Full-Time,8
STF0047,Technician 47,FAC001,DEP001,Technician,Full-Time,4
STF0048,Pharmacist 48,FAC001,DEP001,Pharmacist,Full-Time,3
STF0049,Nurse 49,FAC001,DEP002,Nurse,Contract,8
STF0050,Pharmacist 50,FAC001,DEP002,Pharmacist,Full-Time,16
STF0051,Technician 51,FAC001,DEP002,Technician,Full-Time,10
STF0052,Receptionist 52,FAC001,DEP002,Receptionist,Part-Time,3
STF0053,Admin Staff 53,FAC001,DEP002,Admin Staff,Full-Time,16
STF0054,Technician 54,FAC001,DEP002,Technician,Full-Time,7
STF0055,Nurse 55,FAC001,DEP002,Nurse,Full-Time,6
STF0056,Receptionist 56,FAC001,DEP002,Receptionist,Full-Time,4
STF0057,Pharmacist 57,FAC001,DEP002,Pharmacist,Full-Time,2
STF0058,Pharmacist 58,FAC001,DEP002,Pharmacist,Part-Time,6
STF0059,Nurse 59,FAC001,DEP002,Nurse,Full-Time,5
STF0060,Nurse 60,FAC001,DEP002,Nurse,Full-Time,12
STF0061,Nurse 61,FAC001,DEP002,Nurse,Part-Time,14
STF0062,Billing Executive 62,FAC001,DEP002,Billing Executive,Part-Time,12
STF0063,Technician 63,FAC001,DEP003,Technician,Full-Time,8
STF0064,Nurse 64,FAC001,DEP003,Nurse,Full-Time,12
STF0065,Technician 65,FAC001,DEP003,Technician,Part-Time,9
STF0066,Receptionist 66,FAC001,DEP003,Receptionist,Full-Time,2
STF0067,Nurse 67,FAC001,DEP003,Nurse,Full-Time,10
STF0068,Technician 68,FAC001,DEP003,Technician,Full-Time,5
STF0069,Lab Technician 69,FAC001,DEP003,Lab Technician,Full-Time,7
STF0070,Nurse 70,FAC001,DEP003,Nurse,Full-Time,16
STF0071,Receptionist 71,FAC001,DEP003,Receptionist,Full-Time,5
STF0072,Pharmacist 72,FAC001,DEP003,Pharmacist,Full-Time,7
STF0073,Pharmacist 73,FAC001,DEP003,Pharmacist,Full-Time,7
STF0074,Nurse 74,FAC001,DEP003,Nurse,Full-Time,14
STF0075,Technician 75,FAC001,DEP004,Technician,Full-Time,16
STF0076,Nurse 76,FAC001,DEP004,Nurse,Full-Time,9
STF0077,Technician 77,FAC001,DEP004,Technician,Full-Time,5
STF0078,Receptionist 78,FAC001,DEP004,Receptionist,Full-Time,6
STF0079,Nurse 79,FAC001,DEP004,Nurse,Full-Time,6
STF0080,Lab Technician 80,FAC001,DEP004,Lab Technician,Full-Time,17
STF0081,Nurse 81,FAC001,DEP004,Nurse,Contract,5
STF0082,Billing Executive 82,FAC001,DEP004,Billing Executive,Full-Time,14
STF0083,Nurse 83,FAC001,DEP004,Nurse,Full-Time,8
STF0084,Technician 84,FAC001,DEP004,Technician,Full-Time,16
STF0085,Nurse 85,FAC001,DEP004,Nurse,Full-Time,10
STF0086,Lab Technician 86,FAC001,DEP004,Lab Technician,Part-Time,4
STF0087,Billing Executive 87,FAC001,DEP004,Billing Executive,Full-Time,6
STF0088,Technician 88,FAC001,DEP005,Technician,Full-Time,11
STF0089,Nurse 89,FAC001,DEP005,Nurse,Full-Time,2
STF0090,Technician 90,FAC001,DEP005,Technician,Full-Time,12
STF0091,Nurse 91,FAC001,DEP005,Nurse,Full-Time,3
STF0092,Nurse 92,FAC001,DEP005,Nurse,Contract,17
STF0093,Nurse 93,FAC001,DEP005,Nurse,Full-Time,10
STF0094,Nurse 94,FAC001,DEP005,Nurse,Contract,8
STF0095,Pharmacist 95,FAC001,DEP005,Pharmacist,Full-Time,9
STF0096,Technician 96,FAC001,DEP005,Technician,Full-Time,8
STF0097,Technician 97,FAC001,DEP005,Technician,Full-Time,16
STF0098,Nurse 98,FAC001,DEP005,Nurse,Full-Time,10
STF0099,Technician 99,FAC001,DEP005,Technician,Full-Time,9
STF0100,Pharmacist 100,FAC001,DEP005,Pharmacist,Contract,10
STF0101,Technician 101,FAC001,DEP008,Technician,Full-Time,12
STF0102,Nurse 102,FAC001,DEP008,Nurse,Full-Time,12
STF0103,Billing Executive 103,FAC001,DEP008,Billing Executive,Part-Time,6
STF0104,Lab Technician 104,FAC001,DEP008,Lab Technician,Full-Time,2
STF0105,Nurse 105,FAC001,DEP008,Nurse,Full-Time,10
STF0106,Pharmacist 106,FAC001,DEP008,Pharmacist,Part-Time,7
STF0107,Nurse 107,FAC001,DEP008,Nurse,Contract,11
STF0108,Technician 108,FAC001,DEP008,Technician,Full-Time,5
STF0109,Lab Technician 109,FAC001,DEP008,Lab Technician,Full-Time,10
STF0110,Technician 110,FAC002,DEP001,Technician,Contract,3
STF0111,Billing Executive 111,FAC002,DEP001,Billing Executive,Contract,16
STF0112,Lab Technician 112,FAC002,DEP001,Lab Technician,Full-Time,8
STF0113,Billing Executive 113,FAC002,DEP001,Billing Executive,Full-Time,6
STF0114,Nurse 114,FAC002,DEP001,Nurse,Full-Time,13
STF0115,Nurse 115,FAC002,DEP001,Nurse,Contract,13
STF0116,Nurse 116,FAC002,DEP001,Nurse,Full-Time,2
STF0117,Nurse 117,FAC002,DEP001,Nurse,Full-Time,15
STF0118,Lab Technician 118,FAC002,DEP002,Lab Technician,Full-Time,11
STF0119,Nurse 119,FAC002,DEP002,Nurse,Part-Time,6
STF0120,Technician 120,FAC002,DEP002,Technician,Full-Time,17
STF0121,Nurse 121,FAC002,DEP002,Nurse,Full-Time,5
STF0122,Receptionist 122,FAC002,DEP002,Receptionist,Full-Time,3
STF0123,Technician 123,FAC002,DEP002,Technician,Full-Time,14
STF0124,Nurse 124,FAC002,DEP002,Nurse,Part-Time,10
STF0125,Billing Executive 125,FAC002,DEP002,Billing Executive,Part-Time,15
STF0126,Nurse 126,FAC002,DEP002,Nurse,Contract,3
STF0127,Nurse 127,FAC002,DEP002,Nurse,Full-Time,3
STF0128,Receptionist 128,FAC002,DEP005,Receptionist,Contract,9
STF0129,Lab Technician 129,FAC002,DEP005,Lab Technician,Full-Time,5
STF0130,Technician 130,FAC002,DEP005,Technician,Full-Time,15
STF0131,Nurse 131,FAC002,DEP005,Nurse,Full-Time,2
STF0132,Admin Staff 132,FAC002,DEP005,Admin Staff,Full-Time,4
STF0133,Pharmacist 133,FAC002,DEP005,Pharmacist,Full-Time,16
STF0134,Pharmacist 134,FAC002,DEP005,Pharmacist,Full-Time,12
STF0135,Pharmacist 135,FAC002,DEP005,Pharmacist,Part-Time,2
STF0136,Nurse 136,FAC002,DEP005,Nurse,Full-Time,14
STF0137,Lab Technician 137,FAC002,DEP005,Lab Technician,Full-Time,11
STF0138,Nurse 138,FAC002,DEP005,Nurse,Full-Time,16
STF0139,Receptionist 139,FAC002,DEP006,Receptionist,Part-Time,5
STF0140,Nurse 140,FAC002,DEP006,Nurse,Full-Time,8
STF0141,Billing Executive 141,FAC002,DEP006,Billing Executive,Part-Time,17
STF0142,Nurse 142,FAC002,DEP006,Nurse,Full-Time,2
STF0143,Nurse 143,FAC002,DEP006,Nurse,Part-Time,6
STF0144,Nurse 144,FAC002,DEP006,Nurse,Contract,6
STF0145,Nurse 145,FAC002,DEP006,Nurse,Full-Time,10
STF0146,Nurse 146,FAC002,DEP006,Nurse,Full-Time,3
STF0147,Nurse 147,FAC002,DEP006,Nurse,Full-Time,15
STF0148,Technician 148,FAC002,DEP006,Technician,Full-Time,1
STF0149,Nurse 149,FAC002,DEP006,Nurse,Full-Time,17
STF0150,Lab Technician 150,FAC002,DEP007,Lab Technician,Part-Time,10
STF0151,Nurse 151,FAC002,DEP007,Nurse,Full-Time,1
STF0152,Nurse 152,FAC002,DEP007,Nurse,Full-Time,17
STF0153,Nurse 153,FAC002,DEP007,Nurse,Full-Time,8
STF0154,Technician 154,FAC002,DEP007,Technician,Full-Time,2
STF0155,Nurse 155,FAC002,DEP007,Nurse,Contract,15
STF0156,Nurse 156,FAC002,DEP007,Nurse,Part-Time,14
STF0157,Admin Staff 157,FAC002,DEP007,Admin Staff,Part-Time,16
STF0158,Pharmacist 158,FAC002,DEP007,Pharmacist,Full-Time,11
STF0159,Nurse 159,FAC002,DEP007,Nurse,Full-Time,14
STF0160,Technician 160,FAC002,DEP007,Technician,Part-Time,15
STF0161,Nurse 161,FAC002,DEP007,Nurse,Full-Time,8
STF0162,Nurse 162,FAC003,DEP001,Nurse,Full-Time,5
STF0163,Nurse 163,FAC003,DEP001,Nurse,Full-Time,6
STF0164,Nurse 164,FAC003,DEP001,Nurse,Full-Time,7
STF0165,Nurse 165,FAC003,DEP001,Nurse,Full-Time,5
STF0166,Admin Staff 166,FAC003,DEP001,Admin Staff,Contract,6
STF0167,Technician 167,FAC003,DEP001,Technician,Full-Time,8
STF0168,Pharmacist 168,FAC003,DEP001,Pharmacist,Full-Time,10
STF0169,Pharmacist 169,FAC003,DEP001,Pharmacist,Full-Time,14
STF0170,Nurse 170,FAC003,DEP001,Nurse,Part-Time,11
STF0171,Billing Executive 171,FAC003,DEP003,Billing Executive,Part-Time,4
STF0172,Nurse 172,FAC003,DEP003,Nurse,Full-Time,11
STF0173,Billing Executive 173,FAC003,DEP003,Billing Executive,Full-Time,2
STF0174,Lab Technician 174,FAC003,DEP003,Lab Technician,Full-Time,17
STF0175,Pharmacist 175,FAC003,DEP003,Pharmacist,Full-Time,17
STF0176,Pharmacist 176,FAC003,DEP003,Pharmacist,Part-Time,16
STF0177,Nurse 177,FAC003,DEP003,Nurse,Full-Time,17
STF0178,Nurse 178,FAC003,DEP003,Nurse,Full-Time,3
STF0179,Technician 179,FAC003,DEP005,Technician,Full-Time,9
STF0180,Technician 180,FAC003,DEP005,Technician,Part-Time,8
STF0181,Pharmacist 181,FAC003,DEP005,Pharmacist,Full-Time,5
STF0182,Lab Technician 182,FAC003,DEP005,Lab Technician,Full-Time,11
STF0183,Nurse 183,FAC003,DEP005,Nurse,Full-Time,9
STF0184,Nurse 184,FAC003,DEP005,Nurse,Part-Time,12
STF0185,Receptionist 185,FAC003,DEP005,Receptionist,Full-Time,13
STF0186,Billing Executive 186,FAC003,DEP005,Billing Executive,Full-Time,16
STF0187,Nurse 187,FAC003,DEP005,Nurse,Full-Time,6
STF0188,Nurse 188,FAC003,DEP007,Nurse,Contract,10
STF0189,Nurse 189,FAC003,DEP007,Nurse,Part-Time,8
STF0190,Technician 190,FAC003,DEP007,Technician,Contract,7
STF0191,Technician 191,FAC003,DEP007,Technician,Full-Time,14
STF0192,Admin Staff 192,FAC003,DEP007,Admin Staff,Full-Time,15
STF0193,Nurse 193,FAC003,DEP007,Nurse,Part-Time,17
STF0194,Receptionist 194,FAC003,DEP007,Receptionist,Full-Time,9
STF0195,Receptionist 195,FAC003,DEP007,Receptionist,Full-Time,11
STF0196,Technician 196,FAC003,DEP007,Technician,Part-Time,8
STF0197,Technician 197,FAC003,DEP008,Technician,Full-Time,1
STF0198,Lab Technician 198,FAC003,DEP008,Lab Technician,Part-Time,6
STF0199,Nurse 199,FAC003,DEP008,Nurse,Contract,1
STF0200,Nurse 200,FAC003,DEP008,Nurse,Part-Time,15
STF0201,Nurse 201,FAC003,DEP008,Nurse,Contract,1
STF0202,Receptionist 202,FAC003,DEP008,Receptionist,Full-Time,12
STF0203,Lab Technician 203,FAC003,DEP008,Lab Technician,Full-Time,5
STF0204,Nurse 204,FAC003,DEP008,Nurse,Part-Time,5
STF0205,Nurse 205,FAC003,DEP008,Nurse,Contract,5
STF0206,Nurse 206,FAC003,DEP008,Nurse,Full-Time,12
STF0207,Receptionist 207,FAC004,DEP001,Receptionist,Part-Time,1
STF0208,Nurse 208,FAC004,DEP001,Nurse,Part-Time,5
STF0209,Pharmacist 209,FAC004,DEP001,Pharmacist,Contract,1
STF0210,Billing Executive 210,FAC004,DEP001,Billing Executive,Full-Time,14
STF0211,Nurse 211,FAC004,DEP001,Nurse,Full-Time,15
STF0212,Nurse 212,FAC004,DEP001,Nurse,Full-Time,10
STF0213,Receptionist 213,FAC004,DEP001,Receptionist,Part-Time,13
STF0214,Nurse 214,FAC004,DEP001,Nurse,Part-Time,1
STF0215,Nurse 215,FAC004,DEP001,Nurse,Full-Time,4
STF0216,Receptionist 216,FAC004,DEP002,Receptionist,Full-Time,17
STF0217,Receptionist 217,FAC004,DEP002,Receptionist,Full-Time,4
STF0218,Billing Executive 218,FAC004,DEP002,Billing Executive,Full-Time,16
STF0219,Nurse 219,FAC004,DEP002,Nurse,Full-Time,7
STF0220,Technician 220,FAC004,DEP002,Technician,Part-Time,17
STF0221,Receptionist 221,FAC004,DEP002,Receptionist,Full-Time,8
STF0222,Admin Staff 222,FAC004,DEP002,Admin Staff,Full-Time,3
STF0223,Technician 223,FAC004,DEP002,Technician,Full-Time,5
STF0224,Admin Staff 224,FAC004,DEP002,Admin Staff,Full-Time,12
STF0225,Technician 225,FAC004,DEP002,Technician,Full-Time,16
STF0226,Nurse 226,FAC004,DEP002,Nurse,Full-Time,9
STF0227,Nurse 227,FAC004,DEP002,Nurse,Full-Time,11
STF0228,Receptionist 228,FAC004,DEP004,Receptionist,Full-Time,17
STF0229,Nurse 229,FAC004,DEP004,Nurse,Full-Time,8
STF0230,Technician 230,FAC004,DEP004,Technician,Full-Time,16
STF0231,Nurse 231,FAC004,DEP004,Nurse,Full-Time,1
STF0232,Nurse 232,FAC004,DEP004,Nurse,Full-Time,6
STF0233,Billing Executive 233,FAC004,DEP004,Billing Executive,Full-Time,10
STF0234,Receptionist 234,FAC004,DEP004,Receptionist,Full-Time,5
STF0235,Technician 235,FAC004,DEP004,Technician,Full-Time,14
STF0236,Receptionist 236,FAC004,DEP004,Receptionist,Full-Time,17
STF0237,Billing Executive 237,FAC004,DEP004,Billing Executive,Contract,9
STF0238,Lab Technician 238,FAC004,DEP004,Lab Technician,Full-Time,13
STF0239,Pharmacist 239,FAC004,DEP005,Pharmacist,Full-Time,9
STF0240,Technician 240,FAC004,DEP005,Technician,Full-Time,15
STF0241,Nurse 241,FAC004,DEP005,Nurse,Part-Time,14
STF0242,Nurse 242,FAC004,DEP005,Nurse,Full-Time,1
STF0243,Nurse 243,FAC004,DEP005,Nurse,Full-Time,2
STF0244,Nurse 244,FAC004,DEP005,Nurse,Part-Time,13
STF0245,Lab Technician 245,FAC004,DEP005,Lab Technician,Full-Time,13
STF0246,Receptionist 246,FAC004,DEP005,Receptionist,Full-Time,3
STF0247,Nurse 247,FAC004,DEP005,Nurse,Contract,2
STF0248,Billing Executive 248,FAC004,DEP005,Billing Executive,Full-Time,17
STF0249,Receptionist 249,FAC004,DEP005,Receptionist,Full-Time,13
STF0250,Receptionist 250,FAC004,DEP005,Receptionist,Full-Time,7
STF0251,Technician 251,FAC004,DEP006,Technician,Full-Time,4
STF0252,Nurse 252,FAC004,DEP006,Nurse,Part-Time,16
STF0253,Technician 253,FAC004,DEP006,Technician,Part-Time,17
STF0254,Admin Staff 254,FAC004,DEP006,Admin Staff,Full-Time,9
STF0255,Nurse 255,FAC004,DEP006,Nurse,Full-Time,8
STF0256,Billing Executive 256,FAC004,DEP006,Billing Executive,Full-Time,9
STF0257,Nurse 257,FAC004,DEP006,Nurse,Full-Time,8
STF0258,Lab Technician 258,FAC004,DEP006,Lab Technician,Full-Time,11
STF0259,Nurse 259,FAC004,DEP006,Nurse,Full-Time,4
STF0260,Technician 260,FAC004,DEP006,Technician,Full-Time,1
STF0261,Nurse 261,FAC004,DEP006,Nurse,Part-Time,2
STF0262,Receptionist 262,FAC004,DEP006,Receptionist,Full-Time,7
STF0263,Billing Executive 263,FAC004,DEP006,Billing Executive,Full-Time,12
STF0264,Technician 264,FAC004,DEP007,Technician,Full-Time,7
STF0265,Pharmacist 265,FAC004,DEP007,Pharmacist,Full-Time,10
STF0266,Lab Technician 266,FAC004,DEP007,Lab Technician,Full-Time,14
STF0267,Lab Technician 267,FAC004,DEP007,Lab Technician,Full-Time,3
STF0268,Nurse 268,FAC004,DEP007,Nurse,Full-Time,15
STF0269,Technician 269,FAC004,DEP007,Technician,Full-Time,1
STF0270,Lab Technician 270,FAC004,DEP007,Lab Technician,Full-Time,7
STF0271,Nurse 271,FAC004,DEP007,Nurse,Full-Time,6
STF0272,Nurse 272,FAC004,DEP007,Nurse,Contract,4
STF0273,Technician 273,FAC004,DEP007,Technician,Full-Time,3
STF0274,Nurse 274,FAC004,DEP007,Nurse,Full-Time,11
STF0275,Billing Executive 275,FAC004,DEP007,Billing Executive,Full-Time,13
STF0276,Receptionist 276,FAC004,DEP007,Receptionist,Full-Time,17
STF0277,Lab Technician 277,FAC005,DEP001,Lab Technician,Part-Time,13
STF0278,Admin Staff 278,FAC005,DEP001,Admin Staff,Part-Time,8
STF0279,Nurse 279,FAC005,DEP001,Nurse,Part-Time,15
STF0280,Technician 280,FAC005,DEP001,Technician,Full-Time,17
STF0281,Admin Staff 281,FAC005,DEP001,Admin Staff,Contract,12
STF0282,Nurse 282,FAC005,DEP001,Nurse,Part-Time,17
STF0283,Nurse 283,FAC005,DEP001,Nurse,Full-Time,13
STF0284,Nurse 284,FAC005,DEP001,Nurse,Part-Time,17
STF0285,Admin Staff 285,FAC005,DEP001,Admin Staff,Full-Time,9
STF0286,Admin Staff 286,FAC005,DEP001,Admin Staff,Full-Time,2
STF0287,Nurse 287,FAC005,DEP001,Nurse,Full-Time,14
STF0288,Pharmacist 288,FAC005,DEP001,Pharmacist,Contract,8
STF0289,Nurse 289,FAC005,DEP001,Nurse,Full-Time,14
STF0290,Nurse 290,FAC005,DEP001,Nurse,Full-Time,16
STF0291,Billing Executive 291,FAC005,DEP001,Billing Executive,Part-Time,12
STF0292,Billing Executive 292,FAC005,DEP003,Billing Executive,Part-Time,15
STF0293,Nurse 293,FAC005,DEP003,Nurse,Full-Time,2
STF0294,Lab Technician 294,FAC005,DEP003,Lab Technician,Full-Time,11
STF0295,Technician 295,FAC005,DEP003,Technician,Full-Time,10
STF0296,Nurse 296,FAC005,DEP003,Nurse,Contract,1
STF0297,Receptionist 297,FAC005,DEP003,Receptionist,Full-Time,8
STF0298,Nurse 298,FAC005,DEP003,Nurse,Part-Time,15
STF0299,Nurse 299,FAC005,DEP003,Nurse,Full-Time,8
STF0300,Nurse 300,FAC005,DEP005,Nurse,Contract,15
STF0301,Nurse 301,FAC005,DEP005,Nurse,Full-Time,4
STF0302,Billing Executive 302,FAC005,DEP005,Billing Executive,Part-Time,10
STF0303,Nurse 303,FAC005,DEP005,Nurse,Full-Time,17
STF0304,Nurse 304,FAC005,DEP005,Nurse,Full-Time,4
STF0305,Billing Executive 305,FAC005,DEP005,Billing Executive,Full-Time,17
STF0306,Nurse 306,FAC005,DEP005,Nurse,Contract,4
STF0307,Nurse 307,FAC005,DEP005,Nurse,Full-Time,9
STF0308,Nurse 308,FAC005,DEP005,Nurse,Full-Time,10
STF0309,Technician 309,FAC005,DEP005,Technician,Full-Time,1
STF0310,Nurse 310,FAC005,DEP005,Nurse,Full-Time,16
STF0311,Billing Executive 311,FAC005,DEP006,Billing Executive,Full-Time,17
STF0312,Lab Technician 312,FAC005,DEP006,Lab Technician,Full-Time,5
STF0313,Nurse 313,FAC005,DEP006,Nurse,Contract,6
STF0314,Billing Executive 314,FAC005,DEP006,Billing Executive,Full-Time,10
STF0315,Receptionist 315,FAC005,DEP006,Receptionist,Full-Time,15
STF0316,Nurse 316,FAC005,DEP006,Nurse,Full-Time,5
STF0317,Lab Technician 317,FAC005,DEP006,Lab Technician,Full-Time,2
STF0318,Pharmacist 318,FAC005,DEP006,Pharmacist,Part-Time,10
STF0319,Technician 319,FAC005,DEP006,Technician,Full-Time,17
STF0320,Receptionist 320,FAC005,DEP006,Receptionist,Part-Time,17
STF0321,Lab Technician 321,FAC005,DEP006,Lab Technician,Part-Time,8
STF0322,Technician 322,FAC005,DEP006,Technician,Full-Time,4
STF0323,Receptionist 323,FAC005,DEP006,Receptionist,Contract,14
STF0324,Technician 324,FAC005,DEP006,Technician,Full-Time,9
STF0325,Admin Staff 325,FAC005,DEP006,Admin Staff,Full-Time,5
STF0326,Nurse 326,FAC005,DEP007,Nurse,Full-Time,17
STF0327,Technician 327,FAC005,DEP007,Technician,Full-Time,8
STF0328,Nurse 328,FAC005,DEP007,Nurse,Full-Time,11
STF0329,Nurse 329,FAC005,DEP007,Nurse,Full-Time,7
STF0330,Nurse 330,FAC005,DEP007,Nurse,Full-Time,9
STF0331,Nurse 331,FAC005,DEP007,Nurse,Full-Time,7
STF0332,Nurse 332,FAC005,DEP007,Nurse,Part-Time,3
STF0333,Technician 333,FAC005,DEP007,Technician,Full-Time,1
STF0334,Technician 334,FAC005,DEP008,Technician,Part-Time,6
STF0335,Pharmacist 335,FAC005,DEP008,Pharmacist,Full-Time,4
STF0336,Nurse 336,FAC005,DEP008,Nurse,Full-Time,6
STF0337,Receptionist 337,FAC005,DEP008,Receptionist,Full-Time,13
STF0338,Lab Technician 338,FAC005,DEP008,Lab Technician,Full-Time,6
STF0339,Technician 339,FAC005,DEP008,Technician,Full-Time,4
STF0340,Nurse 340,FAC005,DEP008,Nurse,Full-Time,3
STF0341,Lab Technician 341,FAC005,DEP008,Lab Technician,Full-Time,16
STF0342,Dr. Kiran Kumar,FAC005,DEP001,Doctor,Full-Time,7
STF0343,Dr. Ajay Krishnan,FAC003,DEP003,Doctor,Full-Time,12
STF0344,Dr. Imran Rao,FAC003,DEP008,Doctor,Full-Time,11
STF0345,Dr. Neha Krishnan,FAC002,DEP005,Doctor,Part-Time,21
STF0346,Dr. Rekha Kumar,FAC004,DEP007,Doctor,Part-Time,25
STF0347,Dr. Amit Dsouza,FAC001,DEP001,Doctor,Full-Time,8
STF0348,Dr. Yogesh Naidu,FAC005,DEP006,Doctor,Full-Time,20
STF0349,Dr. Nikhil Verma,FAC001,DEP002,Doctor,Full-Time,13
STF0350,Dr. Naveen Reddy,FAC003,DEP001,Doctor,Part-Time,17
STF0351,Dr. Rahul Goel,FAC003,DEP005,Doctor,Part-Time,18
STF0352,Dr. Yogesh Kaur,FAC002,DEP005,Doctor,Part-Time,15
STF0353,Dr. Ritu Patel,FAC004,DEP002,Doctor,Full-Time,28
STF0354,Dr. Arjun Rao,FAC005,DEP007,Doctor,Full-Time,9
STF0355,Dr. Sunita Ghosh,FAC003,DEP003,Doctor,Part-Time,15
STF0356,Dr. Farah Singh,FAC004,DEP006,Doctor,Part-Time,7
STF0357,Dr. Aarti Raju,FAC003,DEP001,Doctor,Full-Time,21
STF0358,Dr. Ovi Menon,FAC002,DEP001,Doctor,Full-Time,25
STF0359,Dr. Gopal Patel,FAC004,DEP001,Doctor,Full-Time,1
STF0360,Dr. Preeti Sharma,FAC005,DEP006,Doctor,Full-Time,22
STF0361,Dr. Rhea Iyer,FAC005,DEP006,Doctor,Full-Time,25
STF0362,Tara Dsouza,FAC005,DEP007,Nurse,Full-Time,9
STF0363,Yashika Gupta,FAC005,DEP008,Nurse,Full-Time,16
STF0364,Rekha Iyer,FAC005,DEP006,Technician,Full-Time,3
STF0365,Meera Dsouza,FAC004,DEP006,Nurse,Full-Time,7
STF0366,Anita Mehta,FAC001,DEP003,Technician,Part-Time,8
STF0367,Farah Acharya,FAC005,DEP001,Nurse,Full-Time,9
STF0368,Tara Pandey,FAC004,DEP007,Pharmacist,Part-Time,8
STF0369,Amit Sharma,FAC005,DEP007,Nurse,Part-Time,14
STF0370,Vikram Rane,FAC001,DEP005,Technician,Full-Time,11
STF0371,Aditya Kumar,FAC004,DEP004,Nurse,Full-Time,11
STF0372,Manoj Sinha,FAC001,DEP004,Lab Technician,Full-Time,10
STF0373,Suresh Reddy,FAC004,DEP001,Nurse,Full-Time,4
STF0374,Ajay Nair,FAC001,DEP004,Pharmacist,Full-Time,0
STF0375,Ritu Iyer,FAC005,DEP007,Receptionist,Full-Time,6
STF0376,Yogesh Sethi,FAC005,DEP001,Receptionist,Part-Time,14
STF0377,Aarti Nair,FAC004,DEP005,Technician,Contract,7
STF0378,Wasim Naidu,FAC001,DEP003,Technician,Full-Time,9
STF0379,Meera Sinha,FAC001,DEP005,Nurse,Part-Time,6
STF0380,Kavita Krishnan,FAC004,DEP002,Nurse,Part-Time,6
STF0381,Anu Krishnan,FAC003,DEP008,Receptionist,Part-Time,9
STF0382,Kiran Rao,FAC001,DEP005,Technician,Full-Time,10
STF0383,Anita Ghosh,FAC002,DEP005,Nurse,Full-Time,7
STF0384,Meera Kaur,FAC005,DEP007,Nurse,Full-Time,5
STF0385,Amit Iyer,FAC002,DEP005,Nurse,Full-Time,8
STF0386,Uma Mehta,FAC004,DEP002,Lab Technician,Full-Time,6
STF0387,Varun Pandey,FAC001,DEP001,Nurse,Full-Time,6
STF0388,Zubin Sinha,FAC001,DEP008,Nurse,Full-Time,14
STF0389,Shreya Dutta,FAC004,DEP007,Nurse,Contract,11
STF0390,Anjali Ghosh,FAC005,DEP001,Pharmacist,Contract,1
STF0391,Shweta Kumar,FAC005,DEP007,Nurse,Full-Time,5
STF0392,Bhavna Trivedi,FAC005,DEP008,Lab Technician,Full-Time,13
STF0393,Suresh Singh,FAC002,DEP006,Admin Staff,Part-Time,12
STF0394,Vikram Dsouza,FAC004,DEP004,Pharmacist,Full-Time,13
STF0395,Rakesh Acharya,FAC002,DEP006,Lab Technician,Full-Time,4
STF0396,Priya Gupta,FAC004,DEP004,Nurse,Full-Time,4
STF0397,Anita Mishra,FAC005,DEP007,Nurse,Contract,9
STF0398,Ramesh Gupta,FAC003,DEP005,Nurse,Full-Time,10
STF0399,Rekha Nair,FAC004,DEP006,Nurse,Full-Time,6
STF0400,Harish Kapoor,FAC002,DEP005,Nurse,Full-Time,8
STF0401,Nikhil Goel,FAC004,DEP006,Technician,Part-Time,7
STF0402,Lakshmi Naidu,FAC002,DEP007,Technician,Full-Time,4
STF0403,Amit Patel,FAC001,DEP003,Billing Executive,Full-Time,5
STF0404,Prakash Fernandes,FAC003,DEP008,Technician,Full-Time,11
STF0405,Manoj Menon,FAC002,DEP002,Lab Technician,Part-Time,17
STF0406,Ishaan Reddy,FAC004,DEP004,Billing Executive,Part-Time,14
STF0407,Amit Naidu,FAC003,DEP003,Technician,Full-Time,23
STF0408,Shreya Naidu,FAC004,DEP006,Nurse,Part-Time,19
STF0409,Preeti Chawla,FAC004,DEP005,Receptionist,Full-Time,13
STF0410,Meera Rane,FAC002,DEP001,Admin Staff,Full-Time,6
STF0411,Rahul Pillai,FAC005,DEP007,Nurse,Full-Time,10
STF0412,Chetan Patel,FAC001,DEP005,Pharmacist,Part-Time,9
STF0413,Uma Fernandes,FAC002,DEP005,Lab Technician,Full-Time,11
STF0414,Vikram Bhalla,FAC003,DEP008,Nurse,Contract,20
STF0415,Nikhil Pandey,FAC005,DEP006,Admin Staff,Full-Time,6
STF0416,Arjun Reddy,FAC001,DEP005,Billing Executive,Full-Time,1
STF0417,Xena Mehta,FAC002,DEP007,Pharmacist,Part-Time,12
STF0418,Ishaan Raju,FAC004,DEP005,Nurse,Full-Time,6
STF0419,Tara Singh,FAC005,DEP005,Technician,Full-Time,1
STF0420,Shreya Malhotra,FAC002,DEP001,Lab Technician,Contract,14
STF0421,Shweta Pillai,FAC004,DEP004,Pharmacist,Part-Time,10
STF0422,Ajay Bhatt,FAC004,DEP004,Receptionist,Full-Time,9
STF0423,Farah Joshi,FAC004,DEP002,Billing Executive,Contract,13
STF0424,Geeta Kumar,FAC001,DEP001,Nurse,Full-Time,7
STF0425,Preeti Bose,FAC005,DEP001,Receptionist,Full-Time,8
STF0426,Chetan Singh,FAC001,DEP004,Billing Executive,Contract,3
STF0427,Anjali Saxena,FAC005,DEP001,Technician,Full-Time,11
STF0428,Amit Pandey,FAC001,DEP001,Nurse,Full-Time,14
STF0429,Raj Patel,FAC003,DEP008,Technician,Full-Time,10
STF0430,Uma Mishra,FAC004,DEP007,Receptionist,Full-Time,4
STF0431,Gopal Trivedi,FAC004,DEP005,Technician,Full-Time,8
STF0432,Nisha Bhatt,FAC002,DEP002,Pharmacist,Full-Time,11
STF0433,Rahul Acharya,FAC001,DEP005,Nurse,Part-Time,4
STF0434,Prakash Verma,FAC005,DEP001,Nurse,Full-Time,9
STF0435,Mahesh Dutta,FAC005,DEP005,Nurse,Part-Time,3
STF0436,Anjali Sharma,FAC002,DEP001,Nurse,Contract,5
STF0437,Yogesh Verma,FAC003,DEP005,Pharmacist,Contract,5
STF0438,Mahesh Dsouza,FAC002,DEP002,Technician,Part-Time,2
STF0439,Rhea Sethi,FAC002,DEP007,Technician,Full-Time,8
STF0440,Kavita Bhalla,FAC001,DEP003,Nurse,Full-Time,8
STF0441,Farah Mishra,FAC001,DEP004,Receptionist,Full-Time,10
STF0442,Ramesh Patel,FAC004,DEP001,Receptionist,Full-Time,17
STF0443,Kavya Singh,FAC005,DEP003,Nurse,Full-Time,8
STF0444,Prakash Dutta,FAC003,DEP007,Technician,Contract,14
STF0445,Imran Goel,FAC002,DEP007,Nurse,Full-Time,3
STF0446,Zoya Bose,FAC005,DEP007,Technician,Part-Time,15
STF0447,Xena Nair,FAC002,DEP001,Nurse,Full-Time,13
STF0448,Bhavna Pillai,FAC002,DEP007,Nurse,Full-Time,1
STF0449,Swati Sharma,FAC003,DEP008,Technician,Full-Time,18
STF0450,Vijay Reddy,FAC003,DEP003,Technician,Full-Time,11
STF0451,Sandeep Sinha,FAC002,DEP007,Billing Executive,Full-Time,9
STF0452,Anita Chandra,FAC001,DEP008,Pharmacist,Part-Time,11
STF0453,Zoya Verma,FAC004,DEP007,Technician,Full-Time,14
STF0454,Preeti Sinha,FAC004,DEP006,Nurse,Full-Time,6
STF0455,Anu Chandra,FAC004,DEP006,Technician,Full-Time,10
STF0456,Karan Ghosh,FAC001,DEP001,Receptionist,Full-Time,4
STF0457,Kavita Goel,FAC004,DEP007,Pharmacist,Part-Time,7
STF0458,Deepa Mishra,FAC005,DEP008,Nurse,Part-Time,13
STF0459,Harish Krishnan,FAC004,DEP006,Technician,Full-Time,12
STF0460,Imran Chopra,FAC002,DEP007,Receptionist,Contract,5
STF0461,Vikram Rao,FAC004,DEP005,Pharmacist,Full-Time,2
STF0462,Preeti Reddy,FAC001,DEP002,Nurse,Part-Time,15
STF0463,Pooja Malhotra,FAC003,DEP001,Technician,Part-Time,9
STF0464,Ishaan Sinha,FAC002,DEP006,Nurse,Full-Time,8
STF0465,Sandeep Kaur,FAC001,DEP005,Receptionist,Full-Time,9
STF0466,Vikram Dutta,FAC001,DEP004,Nurse,Part-Time,5
STF0467,Harish Singh,FAC004,DEP007,Technician,Part-Time,15
STF0468,Amit Reddy,FAC002,DEP005,Pharmacist,Full-Time,15
STF0469,Wasim Goel,FAC001,DEP002,Nurse,Full-Time,10
STF0470,Shreya Trivedi,FAC004,DEP001,Nurse,Full-Time,9
STF0471,Neha Chandra,FAC004,DEP006,Nurse,Full-Time,0
STF0472,Manoj Bhatt,FAC003,DEP008,Nurse,Full-Time,20
STF0473,Yashika Verma,FAC003,DEP008,Billing Executive,Full-Time,14
STF0474,Farah Chandra,FAC004,DEP004,Nurse,Full-Time,15
STF0475,Zoya Singh,FAC004,DEP001,Technician,Part-Time,19
STF0476,Tara Bose,FAC002,DEP007,Nurse,Full-Time,10
STF0477,Neha Rane,FAC003,DEP001,Nurse,Full-Time,0
STF0478,Sunil Rao,FAC005,DEP008,Nurse,Part-Time,3
STF0479,Kavita Chopra,FAC002,DEP006,Lab Technician,Full-Time,14
STF0480,Priya Rane,FAC003,DEP001,Receptionist,Full-Time,8
STF0481,Kavita Menon,FAC002,DEP006,Pharmacist,Full-Time,10
STF0482,Ovi Dutta,FAC004,DEP005,Nurse,Full-Time,6
STF0483,Bhavna Iyer,FAC001,DEP003,Nurse,Full-Time,0
STF0484,Uma Chawla,FAC005,DEP006,Technician,Part-Time,9
STF0485,Shreya Desai,FAC002,DEP001,Technician,Full-Time,3
STF0486,Manish Rao,FAC002,DEP005,Lab Technician,Full-Time,9
STF0487,Sneha Bhatt,FAC005,DEP006,Nurse,Full-Time,2
STF0488,Meera Sethi,FAC001,DEP008,Nurse,Full-Time,17
STF0489,Vijay Chawla,FAC001,DEP001,Pharmacist,Full-Time,7
STF0490,Nisha Sinha,FAC001,DEP002,Nurse,Part-Time,12
STF0491,Swati Saxena,FAC004,DEP004,Nurse,Full-Time,18
STF0492,Harish Desai,FAC002,DEP002,Technician,Contract,10
STF0493,Bhavna Raju,FAC004,DEP002,Nurse,Full-Time,10
STF0494,Manish Raju,FAC001,DEP002,Nurse,Full-Time,4
STF0495,Uma Gupta,FAC002,DEP007,Billing Executive,Part-Time,0
STF0496,Sanjay Verma,FAC002,DEP001,Billing Executive,Part-Time,0
STF0497,Zubin Mehta,FAC003,DEP007,Lab Technician,Full-Time,3
STF0498,Rahul Ghosh,FAC003,DEP008,Admin Staff,Part-Time,8
STF0499,Aarti Krishnan,FAC002,DEP007,Nurse,Contract,10
STF0500,Rahul Gupta,FAC002,DEP005,Nurse,Part-Time,8
