supply_po_id,vendor_id,facility_id,po_date,category,order_amount,status,expected_delivery_days,actual_delivery_days,on_time_flag
SPO101501,VND004,FAC003,2026-01-08,Medical Supplies,90594.08,Partially Received,29,27,Yes
SPO102586,VND021,FAC001,2026-08-27,Equipment,66010.57,Ordered,3,30,No
SPO102653,VND006,FAC005,2025-12-26,Medicines,211817.83,Received,3,10,No
SPO101055,VND029,FAC004,2025-09-19,Lab Supplies,35828.41,Cancelled,9,15,No
SPO100705,VND017,FAC005,2025-06-24,Lab Supplies,109381.57,Partially Received,7,14,No
SPO100106,VND003,FAC004,2025-01-27,Lab Supplies,59364.83,Received,8,9,No
SPO100589,VND027,FAC003,2025-05-26,Consumables,57032.91,Received,14,20,No
SPO102468,VND031,FAC001,2025-04-24,Medical Supplies,208788.05,Partially Received,21,11,Yes
SPO102413,VND020,FAC001,2021-06-04,Equipment,200324.37,Approved,8,23,No
SPO101600,VND009,FAC001,2026-02-01,Equipment,198742.97,Ordered,5,12,No
SPO102464,VND031,FAC001,2025-03-27,Medical Supplies,128499.13,Received,21,13,Yes
SPO100228,VND028,FAC002,2025-02-26,Medical Supplies,10725.64,Received,13,17,No
SPO100915,VND025,FAC001,2025-08-15,Equipment,151412.72,Partially Received,6,6,Yes
SPO100794,VND003,FAC002,2025-07-16,Consumables,110947.0,Received,5,4,Yes
SPO103021,VND002,FAC004,2026-06-15,Consumables,65979.35,Partially Received,9,11,No
SPO103543,VND024,FAC002,2022-08-16,Equipment,137318.54,Ordered,18,20,No
SPO101073,VND008,FAC005,2025-09-23,Medicines,110360.49,Partially Received,10,13,No
SPO103351,VND006,FAC001,2026-06-02,Medicines,129938.16,Partially Received,7,14,No
SPO101744,VND022,FAC004,2026-03-09,Medical Supplies,169108.6,Ordered,28,32,No
SPO101084,VND016,FAC002,2025-09-26,Lab Supplies,115434.07,Received,6,6,Yes
SPO100926,VND028,FAC001,2025-08-18,Equipment,134684.04,Partially Received,21,29,No
SPO103049,VND020,FAC001,2021-07-19,Equipment,126506.44,Received,19,16,Yes
SPO101117,VND030,FAC004,2025-10-04,Medicines,92779.04,Partially Received,28,30,No
SPO100642,VND022,FAC004,2025-06-09,Lab Supplies,28526.19,Ordered,3,12,No
SPO104767,VND024,FAC003,2026-11-13,Equipment,153225.51,Received,4,38,No
SPO100501,VND012,FAC001,2025-05-05,Lab Supplies,161884.41,Ordered,2,6,No
SPO104066,VND032,FAC001,2024-06-19,Medical Supplies,124888.64,Ordered,15,28,No
SPO100333,VND003,FAC002,2025-03-24,Medical Supplies,166250.41,Partially Received,24,25,No
SPO104684,VND009,FAC001,2021-01-28,Consumables,201743.98,Received,3,28,No
SPO100486,VND015,FAC001,2025-05-01,Medical Supplies,216330.62,Received,22,20,Yes
SPO101962,VND011,FAC002,2026-05-02,Lab Supplies,151205.27,Approved,18,19,No
SPO100393,VND024,FAC004,2025-04-08,Equipment,24828.46,Draft,2,5,No
SPO104842,VND017,FAC004,2022-12-06,Medical Supplies,43418.77,Received,23,18,Yes
SPO104866,VND039,FAC003,2026-02-25,Consumables,146222.6,Ordered,17,6,Yes
SPO101755,VND009,FAC005,2026-03-11,Consumables,9090.29,Received,12,21,No
SPO102515,VND027,FAC003,2026-12-12,Lab Supplies,150342.83,Ordered,15,14,Yes
SPO103585,VND019,FAC005,2021-03-16,Lab Supplies,137936.36,Approved,3,16,No
SPO104315,VND009,FAC002,2024-10-03,Consumables,127167.31,Received,22,17,Yes
SPO104966,VND032,FAC003,2024-11-20,Equipment,76727.49,Draft,12,11,Yes
SPO102099,VND027,FAC004,2026-06-05,Consumables,191557.76,Received,12,11,Yes
SPO103599,VND026,FAC005,2022-11-08,Lab Supplies,159930.29,Approved,10,32,No
SPO104121,VND038,FAC005,2026-02-05,Lab Supplies,130525.32,Received,14,24,No
SPO100029,VND030,FAC001,2025-01-08,Equipment,44436.16,Approved,10,14,No
SPO100065,VND022,FAC003,2025-01-17,Equipment,155935.87,Partially Received,16,19,No
SPO100838,VND017,FAC003,2025-07-27,Medicines,138640.43,Received,23,27,No
SPO103906,VND018,FAC002,2025-10-21,Consumables,196867.67,Approved,29,16,Yes
SPO103773,VND029,FAC002,2023-01-25,Equipment,48879.63,Draft,3,17,No
SPO104635,VND023,FAC001,2021-08-03,Medicines,125768.81,Partially Received,22,26,No
SPO103161,VND011,FAC003,2021-05-13,Medicines,160164.4,Partially Received,18,7,Yes
SPO102659,VND027,FAC001,2025-07-18,Medicines,195360.56,Partially Received,24,4,Yes
SPO104615,VND029,FAC002,2025-08-17,Equipment,133137.07,Ordered,13,14,No
SPO104628,VND039,FAC003,2021-09-18,Lab Supplies,71464.55,Cancelled,19,3,Yes
SPO102451,VND010,FAC002,2021-09-09,Consumables,179817.95,Approved,28,5,Yes
SPO102846,VND018,FAC001,2023-08-23,Medical Supplies,23090.83,Ordered,13,4,Yes
SPO101144,VND020,FAC004,2025-10-11,Lab Supplies,226179.53,Received,7,15,No
SPO103078,VND004,FAC002,2021-07-08,Lab Supplies,22994.85,Partially Received,27,22,Yes
SPO101103,VND012,FAC001,2025-10-01,Consumables,153839.93,Ordered,18,15,Yes
SPO100168,VND020,FAC005,2025-02-11,Medical Supplies,229691.58,Received,28,31,No
SPO101670,VND026,FAC004,2026-02-18,Medical Supplies,149635.28,Cancelled,21,24,No
SPO102570,VND010,FAC001,2024-07-22,Equipment,154932.86,Partially Received,3,11,No
SPO102377,VND005,FAC003,2025-04-05,Lab Supplies,90307.39,Partially Received,5,14,No
SPO104395,VND022,FAC002,2026-01-28,Medical Supplies,48729.89,Ordered,4,18,No
SPO104257,VND013,FAC004,2024-12-04,Lab Supplies,203760.81,Received,8,20,No
SPO103862,VND038,FAC003,2021-07-15,Equipment,5000.0,Ordered,23,24,No
SPO100023,VND030,FAC004,2025-01-06,Medical Supplies,116623.76,Partially Received,2,10,No
SPO102633,VND003,FAC005,2024-09-28,Medicines,136266.22,Cancelled,14,18,No
SPO103340,VND020,FAC004,2025-08-14,Medicines,136926.85,Received,25,21,Yes
SPO102215,VND027,FAC003,2022-08-26,Equipment,102179.15,Received,5,25,No
SPO103682,VND023,FAC003,2025-08-14,Equipment,226326.64,Received,14,11,Yes
SPO104724,VND034,FAC004,2024-06-24,Medicines,251430.84,Received,15,24,No
SPO101907,VND006,FAC002,2026-04-18,Equipment,120944.59,Cancelled,8,6,Yes
SPO100084,VND004,FAC004,2025-01-21,Medical Supplies,155668.74,Ordered,28,34,No
SPO100227,VND024,FAC001,2025-02-26,Equipment,236429.81,Received,2,11,No
SPO100296,VND007,FAC004,2025-03-15,Equipment,227258.03,Ordered,4,5,No
SPO101001,VND029,FAC003,2025-09-06,Consumables,107365.26,Received,10,16,No
SPO102138,VND009,FAC005,2026-06-14,Consumables,104276.84,Received,27,32,No
SPO100711,VND005,FAC002,2025-06-26,Equipment,117802.08,Partially Received,21,20,Yes
SPO102801,VND031,FAC003,2026-10-13,Equipment,21915.61,Partially Received,14,19,No
SPO102527,VND015,FAC005,2021-02-01,Medical Supplies,146105.13,Partially Received,8,4,Yes
SPO103752,VND022,FAC004,2025-05-26,Medicines,103094.61,Received,14,20,No
SPO103321,VND020,FAC002,2026-02-03,Equipment,112756.1,Received,5,12,No
SPO103181,VND016,FAC002,2022-08-24,Lab Supplies,151792.09,Partially Received,20,27,No
SPO104183,VND009,FAC004,2025-09-26,Equipment,113002.17,Ordered,3,37,No
SPO101615,VND014,FAC001,2026-02-05,Lab Supplies,10635.3,Received,19,19,Yes
SPO103024,VND020,FAC005,2025-12-03,Consumables,124788.43,Ordered,24,24,Yes
SPO101413,VND014,FAC001,2025-12-17,Medical Supplies,67591.0,Ordered,17,23,No
SPO100763,VND008,FAC002,2025-07-09,Medicines,131593.75,Received,14,13,Yes
SPO100655,VND025,FAC002,2025-06-12,Medical Supplies,161077.45,Received,10,9,Yes
SPO104797,VND012,FAC004,2025-12-16,Medical Supplies,145486.85,Ordered,18,18,Yes
SPO103849,VND029,FAC002,2026-02-24,Consumables,44556.69,Partially Received,8,14,No
SPO104153,VND034,FAC001,2024-04-27,Medical Supplies,158843.65,Received,20,26,No
SPO100468,VND025,FAC002,2025-04-26,Lab Supplies,53543.73,Received,3,3,Yes
SPO100157,VND005,FAC002,2025-02-08,Medical Supplies,246702.99,Approved,20,19,Yes
SPO101295,VND023,FAC002,2025-11-17,Consumables,206639.25,Ordered,17,17,Yes
SPO100497,VND009,FAC004,2025-05-04,Medical Supplies,43362.41,Received,19,22,No
SPO104740,VND033,FAC003,2025-12-23,Equipment,132682.73,Ordered,7,11,No
SPO102940,VND026,FAC005,2023-02-15,Lab Supplies,166680.92,Partially Received,14,10,Yes
SPO103456,VND031,FAC005,2024-11-23,Consumables,166604.17,Approved,18,28,No
SPO100373,VND006,FAC002,2025-04-03,Equipment,198011.5,Approved,13,22,No
SPO100079,VND004,FAC004,2025-01-20,Equipment,231663.34,Received,25,25,Yes
SPO101553,VND011,FAC005,2026-01-20,Medical Supplies,65142.85,Ordered,11,11,Yes
SPO101669,VND020,FAC001,2026-02-18,Medical Supplies,135681.28,Received,26,25,Yes
SPO102131,VND010,FAC002,2026-06-13,Medical Supplies,109632.64,Received,9,11,No
SPO104439,VND024,FAC003,2024-11-01,Lab Supplies,262818.33,Partially Received,24,28,No
SPO100465,VND011,FAC005,2025-04-26,Lab Supplies,54452.25,Approved,22,20,Yes
SPO100248,VND026,FAC005,2025-03-03,Lab Supplies,239349.26,Received,9,6,Yes
SPO100931,VND013,FAC005,2025-08-19,Medical Supplies,75408.8,Received,26,33,No
SPO101335,VND029,FAC005,2025-11-27,Equipment,159982.29,Received,13,16,No
SPO104524,VND021,FAC004,2023-06-02,Medical Supplies,73868.3,Ordered,7,13,No
SPO101338,VND014,FAC005,2025-11-28,Medical Supplies,155376.49,Partially Received,17,21,No
SPO101406,VND009,FAC002,2025-12-15,Medical Supplies,247620.63,Ordered,22,31,No
SPO101090,VND004,FAC002,2025-09-28,Medicines,113532.2,Received,13,15,No
SPO104209,VND034,FAC002,2021-07-29,Lab Supplies,142694.6,Ordered,25,18,Yes
SPO100742,VND015,FAC005,2025-07-03,Lab Supplies,150544.25,Received,9,14,No
SPO102323,VND022,FAC001,2023-12-16,Medicines,111838.48,Received,12,10,Yes
SPO103601,VND015,FAC004,2022-05-20,Medical Supplies,5000.0,Partially Received,15,17,No
SPO102123,VND018,FAC003,2026-06-11,Equipment,88512.37,Partially Received,11,15,No
SPO102094,VND005,FAC002,2026-06-03,Medicines,120975.52,Received,13,10,Yes
SPO100240,VND019,FAC003,2025-03-01,Consumables,43681.33,Received,3,12,No
SPO102351,VND003,FAC003,2025-04-03,Equipment,93521.56,Draft,6,26,No
SPO101370,VND013,FAC001,2025-12-06,Lab Supplies,152450.53,Ordered,13,16,No
SPO101057,VND027,FAC003,2025-09-19,Medical Supplies,135697.76,Received,17,18,No
SPO104816,VND018,FAC001,2023-09-13,Medical Supplies,93385.21,Partially Received,4,26,No
SPO100199,VND029,FAC001,2025-02-19,Medicines,34360.55,Received,19,21,No
SPO102280,VND031,FAC001,2023-10-25,Equipment,89673.88,Ordered,19,23,No
SPO104749,VND030,FAC002,2024-02-20,Equipment,96363.11,Received,14,11,Yes
SPO102220,VND027,FAC001,2021-12-26,Equipment,318954.78,Received,21,1,Yes
SPO104771,VND021,FAC003,2026-04-15,Medicines,116666.41,Ordered,10,12,No
SPO102819,VND020,FAC004,2025-09-01,Equipment,155197.54,Received,17,10,Yes
SPO103150,VND018,FAC003,2024-09-07,Lab Supplies,114492.31,Partially Received,8,2,Yes
SPO104256,VND005,FAC005,2022-06-24,Medicines,256029.46,Received,17,10,Yes
SPO103107,VND033,FAC003,2023-08-30,Equipment,90337.69,Received,15,2,Yes
SPO101973,VND022,FAC002,2026-05-04,Consumables,184388.26,Received,18,20,No
SPO101375,VND028,FAC002,2025-12-07,Equipment,219671.0,Received,26,28,No
SPO103968,VND031,FAC005,2024-10-19,Consumables,126382.12,Received,26,33,No
SPO104062,VND021,FAC004,2024-01-24,Equipment,130570.7,Received,17,19,No
SPO104445,VND006,FAC005,2026-06-20,Consumables,191199.21,Partially Received,13,20,No
SPO103557,VND024,FAC003,2022-06-15,Equipment,118398.54,Ordered,22,1,Yes
SPO100964,VND024,FAC004,2025-08-27,Consumables,165422.78,Received,12,12,Yes
SPO100179,VND011,FAC005,2025-02-14,Medical Supplies,42906.38,Partially Received,2,2,Yes
SPO103698,VND008,FAC003,2026-06-09,Medical Supplies,95954.69,Received,21,16,Yes
SPO103821,VND035,FAC005,2024-03-24,Medical Supplies,218469.08,Partially Received,15,15,Yes
SPO104878,VND031,FAC002,2023-03-03,Medicines,191344.52,Received,11,30,No
SPO103899,VND038,FAC003,2024-10-22,Lab Supplies,100456.12,Approved,16,32,No
SPO104487,VND008,FAC005,2023-01-27,Lab Supplies,126517.51,Draft,16,11,Yes
SPO103238,VND010,FAC003,2024-06-05,Medical Supplies,296646.34,Approved,4,18,No
SPO102974,VND033,FAC002,2026-02-16,Lab Supplies,122940.53,Received,12,25,No
SPO103580,VND003,FAC001,2022-09-17,Lab Supplies,198183.34,Cancelled,7,13,No
SPO102887,VND009,FAC002,2023-11-20,Equipment,88734.15,Received,27,17,Yes
SPO102575,VND007,FAC004,2026-12-26,Lab Supplies,90652.56,Approved,16,24,No
SPO101419,VND023,FAC005,2025-12-18,Equipment,32904.47,Received,7,5,Yes
SPO103907,VND026,FAC004,2026-01-19,Medical Supplies,76816.76,Received,10,12,No
SPO104673,VND037,FAC001,2021-09-05,Medicines,142106.63,Received,8,27,No
SPO104902,VND008,FAC005,2023-10-24,Medicines,183902.61,Ordered,26,27,No
SPO101860,VND010,FAC005,2026-04-06,Lab Supplies,114476.96,Partially Received,20,18,Yes
SPO100008,VND028,FAC004,2025-01-02,Medical Supplies,199788.09,Partially Received,17,21,No
SPO102894,VND033,FAC003,2025-11-02,Equipment,113963.85,Received,16,14,Yes
SPO102847,VND024,FAC004,2024-07-08,Equipment,242729.84,Cancelled,19,13,Yes
SPO103664,VND026,FAC004,2021-10-14,Consumables,104751.41,Ordered,21,15,Yes
SPO100144,VND009,FAC004,2025-02-05,Equipment,204227.36,Approved,25,33,No
SPO102104,VND007,FAC002,2026-06-06,Medicines,61636.05,Received,13,19,No
SPO103143,VND029,FAC005,2025-08-02,Consumables,101018.71,Received,17,40,No
SPO100841,VND020,FAC002,2025-07-28,Medicines,200395.88,Partially Received,11,13,No
SPO101128,VND009,FAC001,2025-10-07,Medical Supplies,236138.7,Ordered,2,9,No
SPO100151,VND007,FAC002,2025-02-07,Medicines,221560.77,Partially Received,10,11,No
SPO103591,VND035,FAC003,2023-01-07,Equipment,216370.77,Received,18,32,No
SPO101052,VND001,FAC002,2025-09-18,Consumables,86081.55,Received,29,30,No
SPO101590,VND024,FAC001,2026-01-30,Medicines,201969.1,Draft,26,26,Yes
SPO103008,VND024,FAC001,2022-06-09,Medical Supplies,106771.38,Partially Received,18,2,Yes
SPO102029,VND013,FAC004,2026-05-18,Lab Supplies,103019.47,Received,20,19,Yes
SPO103418,VND006,FAC005,2023-09-29,Equipment,78564.93,Ordered,13,30,No
SPO101807,VND001,FAC005,2026-03-24,Equipment,203495.93,Received,29,36,No
SPO102696,VND025,FAC001,2022-08-10,Lab Supplies,159047.94,Received,29,24,Yes
SPO103039,VND009,FAC001,2024-11-23,Medicines,172082.01,Ordered,19,29,No
SPO100472,VND015,FAC004,2025-04-27,Medical Supplies,102092.78,Received,8,11,No
SPO103289,VND028,FAC003,2021-01-11,Equipment,157760.71,Approved,20,24,No
SPO104074,VND005,FAC001,2023-03-17,Consumables,164902.43,Received,17,23,No
SPO103496,VND026,FAC001,2026-04-29,Lab Supplies,160576.59,Received,23,24,No
SPO100279,VND002,FAC001,2025-03-11,Lab Supplies,226728.82,Approved,5,13,No
SPO101741,VND002,FAC003,2026-03-08,Lab Supplies,227650.93,Approved,24,33,No
SPO104624,VND012,FAC004,2021-11-05,Consumables,118160.59,Ordered,19,20,No
SPO102886,VND013,FAC004,2024-11-07,Consumables,88891.91,Received,11,20,No
SPO101941,VND011,FAC005,2026-04-27,Consumables,116324.92,Received,28,35,No
SPO100100,VND024,FAC005,2025-01-25,Equipment,16419.27,Partially Received,17,22,No
SPO102804,VND040,FAC003,2022-08-29,Medical Supplies,101876.98,Ordered,14,23,No
SPO103570,VND036,FAC004,2024-05-30,Medicines,103583.29,Cancelled,10,9,Yes
SPO103684,VND024,FAC001,2026-03-24,Equipment,5000.0,Ordered,7,17,No
SPO103661,VND013,FAC004,2024-10-25,Consumables,78031.82,Received,11,20,No
SPO100530,VND006,FAC003,2025-05-12,Medical Supplies,185730.63,Received,14,17,No
SPO101886,VND017,FAC002,2026-04-13,Medical Supplies,103667.74,Received,23,25,No
SPO100681,VND006,FAC002,2025-06-18,Medicines,99716.37,Received,27,29,No
SPO103794,VND023,FAC005,2026-04-26,Medicines,37822.34,Received,14,9,Yes
SPO103944,VND036,FAC002,2026-02-19,Lab Supplies,201854.18,Cancelled,4,21,No
SPO104666,VND031,FAC005,2026-07-16,Medicines,240417.76,Received,11,20,No
SPO102018,VND026,FAC004,2026-05-16,Medical Supplies,64006.67,Received,9,15,No
SPO101096,VND020,FAC002,2025-09-29,Equipment,228173.44,Draft,4,8,No
SPO100829,VND010,FAC002,2025-07-25,Medical Supplies,101844.36,Partially Received,3,1,Yes
SPO102805,VND025,FAC001,2025-12-29,Lab Supplies,146947.74,Received,14,12,Yes
SPO103829,VND020,FAC002,2026-09-01,Lab Supplies,171283.58,Partially Received,15,34,No
SPO104381,VND040,FAC004,2026-02-09,Consumables,181954.85,Draft,14,27,No
SPO103891,VND007,FAC005,2022-02-08,Consumables,250081.28,Received,13,15,No
SPO100764,VND020,FAC002,2025-07-09,Medicines,121410.05,Approved,18,24,No
SPO102767,VND001,FAC002,2022-05-09,Medicines,193364.45,Partially Received,12,13,No
SPO104328,VND036,FAC003,2024-01-02,Consumables,210322.43,Ordered,26,25,Yes
SPO103295,VND006,FAC004,2023-05-05,Medical Supplies,93745.7,Ordered,23,31,No
SPO102194,VND025,FAC004,2026-06-28,Medical Supplies,122943.9,Partially Received,22,24,No
SPO102357,VND001,FAC003,2026-06-10,Medicines,200014.56,Received,14,3,Yes
SPO103425,VND019,FAC002,2022-07-29,Equipment,245804.22,Cancelled,26,8,Yes
SPO103979,VND005,FAC005,2026-12-21,Consumables,220039.82,Ordered,24,27,No
SPO100911,VND030,FAC003,2025-08-14,Consumables,31571.88,Received,8,15,No
SPO103145,VND010,FAC001,2022-07-11,Medicines,192971.74,Partially Received,14,22,No
SPO100999,VND003,FAC003,2025-09-05,Lab Supplies,5290.17,Received,2,10,No
SPO103653,VND022,FAC005,2026-07-18,Equipment,269896.7,Received,13,5,Yes
SPO102483,VND004,FAC001,2025-04-28,Equipment,163415.76,Cancelled,4,15,No
SPO104076,VND008,FAC001,2026-03-10,Medical Supplies,69773.46,Approved,12,16,No
SPO102370,VND011,FAC005,2022-02-15,Medicines,263245.56,Cancelled,3,21,No
SPO104838,VND004,FAC003,2026-08-27,Consumables,85835.08,Ordered,16,1,Yes
SPO100033,VND006,FAC002,2025-01-09,Medicines,196306.06,Received,2,5,No
SPO103789,VND002,FAC002,2026-12-24,Lab Supplies,129426.86,Received,26,10,Yes
SPO101020,VND005,FAC003,2025-09-10,Consumables,160415.21,Received,2,4,No
SPO101647,VND001,FAC004,2026-02-13,Lab Supplies,121665.38,Received,19,20,No
SPO100733,VND016,FAC003,2025-07-01,Medical Supplies,244684.56,Received,26,34,No
SPO104582,VND027,FAC001,2023-07-20,Medical Supplies,128236.43,Draft,30,9,Yes
SPO103274,VND001,FAC001,2021-03-19,Consumables,212650.23,Received,5,18,No
SPO101620,VND019,FAC001,2026-02-06,Lab Supplies,102661.42,Partially Received,21,18,Yes
SPO103135,VND027,FAC003,2025-10-11,Equipment,252200.9,Partially Received,16,20,No
SPO102689,VND015,FAC002,2026-10-06,Medical Supplies,135553.31,Ordered,25,25,Yes
SPO102707,VND006,FAC001,2024-10-12,Lab Supplies,87295.47,Received,12,15,No
SPO100297,VND001,FAC001,2025-03-15,Lab Supplies,125062.33,Received,10,18,No
SPO102339,VND036,FAC003,2023-01-19,Equipment,172646.88,Approved,12,30,No
SPO100653,VND026,FAC003,2025-06-11,Consumables,194861.5,Received,28,33,No
SPO103774,VND013,FAC004,2026-12-30,Medical Supplies,72199.04,Received,12,13,No
SPO101255,VND011,FAC005,2025-11-08,Equipment,33638.1,Received,8,14,No
SPO104520,VND019,FAC001,2026-01-30,Lab Supplies,201604.97,Partially Received,8,25,No
SPO100230,VND015,FAC005,2025-02-27,Medical Supplies,150221.85,Received,28,27,Yes
SPO103276,VND036,FAC002,2024-05-17,Consumables,290370.1,Cancelled,19,26,No
SPO103230,VND003,FAC003,2025-12-30,Medicines,129657.47,Ordered,9,7,Yes
SPO100691,VND030,FAC005,2025-06-21,Equipment,244211.83,Draft,3,3,Yes
SPO102754,VND031,FAC003,2023-07-20,Consumables,14995.39,Received,13,24,No
SPO104863,VND022,FAC002,2026-10-09,Medicines,162413.97,Received,8,20,No
SPO100969,VND008,FAC005,2025-08-29,Consumables,7659.74,Received,10,17,No
SPO100633,VND004,FAC005,2025-06-06,Equipment,49420.71,Received,10,10,Yes
SPO104092,VND029,FAC001,2021-06-22,Lab Supplies,180860.22,Partially Received,17,21,No
SPO104077,VND023,FAC004,2026-11-08,Equipment,80744.2,Received,19,20,No
SPO101321,VND006,FAC002,2025-11-24,Lab Supplies,222411.63,Received,29,34,No
SPO101831,VND029,FAC005,2026-03-30,Consumables,211610.05,Received,19,19,Yes
SPO102178,VND022,FAC001,2026-06-24,Lab Supplies,197502.02,Approved,12,20,No
SPO101417,VND025,FAC002,2025-12-18,Equipment,31247.73,Partially Received,11,18,No
SPO101782,VND002,FAC002,2026-03-18,Medical Supplies,168720.75,Received,18,25,No
SPO104715,VND009,FAC005,2024-08-05,Consumables,83088.23,Cancelled,5,26,No
SPO104701,VND012,FAC002,2025-08-23,Medical Supplies,87276.12,Partially Received,3,23,No
SPO104118,VND006,FAC003,2022-11-22,Consumables,88003.69,Received,15,25,No
SPO101652,VND027,FAC005,2026-02-14,Medicines,196743.96,Cancelled,6,15,No
SPO101483,VND028,FAC002,2026-01-03,Consumables,32358.83,Ordered,7,5,Yes
SPO102275,VND014,FAC001,2024-10-04,Consumables,44309.55,Approved,20,34,No
SPO100877,VND016,FAC005,2025-08-06,Equipment,41626.98,Received,27,32,No
SPO103525,VND031,FAC001,2022-03-01,Medical Supplies,50781.56,Partially Received,30,3,Yes
SPO102016,VND026,FAC001,2026-05-15,Consumables,25133.75,Received,23,20,Yes
SPO100426,VND019,FAC001,2025-04-16,Equipment,104089.51,Ordered,28,32,No
SPO100626,VND021,FAC002,2025-06-05,Lab Supplies,107095.52,Ordered,18,18,Yes
SPO101589,VND010,FAC002,2026-01-29,Equipment,245515.32,Ordered,20,17,Yes
SPO102223,VND004,FAC001,2026-11-12,Medicines,203180.99,Received,10,20,No
SPO102217,VND014,FAC001,2022-07-30,Lab Supplies,74354.53,Ordered,22,13,Yes
SPO104483,VND021,FAC003,2024-11-21,Lab Supplies,148086.67,Received,12,27,No
SPO101485,VND006,FAC005,2026-01-04,Equipment,153539.2,Received,13,20,No
SPO101739,VND017,FAC003,2026-03-07,Lab Supplies,91903.36,Received,19,26,No
SPO102480,VND008,FAC005,2022-12-08,Equipment,71842.31,Draft,20,32,No
SPO102584,VND003,FAC004,2021-12-02,Equipment,200130.15,Received,16,40,No
SPO102893,VND018,FAC004,2021-06-04,Lab Supplies,240921.18,Received,19,16,Yes
SPO100149,VND015,FAC004,2025-02-06,Equipment,156868.41,Approved,3,1,Yes
SPO100676,VND002,FAC003,2025-06-17,Lab Supplies,63608.11,Cancelled,4,12,No
SPO101261,VND007,FAC003,2025-11-09,Medicines,160035.45,Received,28,36,No
SPO104917,VND015,FAC001,2026-05-06,Medicines,155236.35,Approved,13,25,No
SPO100012,VND003,FAC002,2025-01-03,Lab Supplies,134604.31,Ordered,11,10,Yes
SPO101833,VND009,FAC001,2026-03-31,Consumables,27284.88,Draft,6,8,No
SPO103248,VND004,FAC001,2023-07-18,Equipment,239295.16,Received,17,13,Yes
SPO101491,VND001,FAC001,2026-01-05,Consumables,178727.85,Received,4,9,No
SPO102727,VND013,FAC002,2026-02-10,Lab Supplies,32741.53,Partially Received,20,31,No
SPO103686,VND028,FAC003,2023-01-18,Lab Supplies,14668.1,Received,15,26,No
SPO101424,VND011,FAC004,2025-12-19,Medical Supplies,55708.09,Received,29,38,No
SPO104605,VND016,FAC005,2026-03-26,Medicines,12826.01,Draft,3,1,Yes
SPO104595,VND035,FAC005,2025-03-07,Consumables,210978.06,Received,21,29,No
SPO100731,VND007,FAC005,2025-07-01,Lab Supplies,91672.77,Partially Received,28,25,Yes
SPO101231,VND020,FAC005,2025-11-02,Consumables,62817.65,Partially Received,2,9,No
SPO101634,VND022,FAC002,2026-02-09,Lab Supplies,213672.35,Received,12,9,Yes
SPO103936,VND034,FAC004,2026-06-19,Lab Supplies,120889.86,Partially Received,30,32,No
SPO101210,VND002,FAC002,2025-10-27,Medicines,11559.43,Ordered,3,12,No
SPO103268,VND029,FAC001,2026-07-05,Medicines,201597.92,Partially Received,27,12,Yes
SPO101934,VND002,FAC004,2026-04-25,Medical Supplies,103392.91,Received,7,9,No
SPO100553,VND014,FAC003,2025-05-18,Medical Supplies,17492.44,Received,5,13,No
SPO100491,VND009,FAC004,2025-05-02,Medical Supplies,196292.91,Received,27,30,No
SPO102962,VND037,FAC004,2021-10-28,Medical Supplies,138144.92,Received,9,13,No
SPO102329,VND037,FAC003,2023-06-13,Medicines,98942.53,Partially Received,25,22,Yes
SPO102195,VND003,FAC005,2026-06-29,Lab Supplies,213436.49,Partially Received,19,24,No
SPO103064,VND013,FAC003,2025-05-24,Medicines,153251.53,Received,11,4,Yes
SPO100657,VND002,FAC003,2025-06-12,Medical Supplies,44049.24,Approved,22,29,No
SPO102374,VND005,FAC001,2021-12-03,Consumables,100277.76,Ordered,8,22,No
SPO102225,VND014,FAC003,2021-12-13,Medicines,192278.14,Ordered,16,18,No
SPO104264,VND029,FAC003,2024-05-27,Medicines,84942.86,Partially Received,4,12,No
SPO101170,VND016,FAC005,2025-10-17,Lab Supplies,59066.7,Received,20,23,No
SPO100132,VND015,FAC004,2025-02-02,Medical Supplies,100076.45,Received,10,11,No
SPO100471,VND008,FAC004,2025-04-27,Medicines,191520.1,Ordered,5,3,Yes
SPO103225,VND009,FAC003,2022-03-11,Medicines,133631.52,Cancelled,17,15,Yes
SPO101405,VND005,FAC005,2025-12-15,Lab Supplies,244236.82,Received,3,4,No
SPO102876,VND015,FAC004,2022-12-12,Lab Supplies,55331.69,Received,4,18,No
SPO104504,VND025,FAC001,2023-06-05,Medical Supplies,71502.4,Approved,3,18,No
SPO104692,VND032,FAC001,2021-11-11,Medicines,161627.77,Received,11,24,No
SPO102826,VND013,FAC004,2023-04-26,Equipment,119029.83,Partially Received,16,13,Yes
SPO100287,VND009,FAC002,2025-03-13,Medical Supplies,116660.39,Received,3,7,No
SPO101869,VND025,FAC003,2026-04-09,Lab Supplies,227845.2,Approved,29,38,No
SPO103114,VND018,FAC005,2026-03-23,Consumables,186547.42,Partially Received,25,22,Yes
SPO103625,VND036,FAC005,2024-03-16,Lab Supplies,105886.82,Partially Received,10,17,No
SPO102312,VND005,FAC004,2022-10-11,Equipment,80048.12,Partially Received,24,15,Yes
SPO104923,VND013,FAC001,2026-04-30,Medical Supplies,205673.92,Received,13,23,No
SPO101618,VND010,FAC005,2026-02-06,Medical Supplies,90781.94,Draft,24,32,No
SPO100994,VND011,FAC001,2025-09-04,Consumables,160445.05,Ordered,11,8,Yes
SPO101803,VND017,FAC003,2026-03-23,Medical Supplies,200097.65,Cancelled,6,7,No
SPO102642,VND029,FAC004,2023-08-05,Lab Supplies,159512.16,Received,22,23,No
SPO104802,VND016,FAC001,2023-02-06,Lab Supplies,62081.85,Ordered,15,5,Yes
SPO103535,VND018,FAC001,2026-02-23,Equipment,176348.3,Approved,7,14,No
SPO104831,VND018,FAC002,2026-02-12,Medical Supplies,186067.28,Partially Received,19,10,Yes
SPO103911,VND001,FAC001,2021-04-07,Lab Supplies,115624.15,Partially Received,7,11,No
SPO102107,VND010,FAC005,2026-06-07,Equipment,194437.49,Received,20,29,No
SPO103044,VND039,FAC003,2023-01-10,Consumables,193419.77,Ordered,9,31,No
SPO100416,VND026,FAC002,2025-04-14,Equipment,156916.05,Partially Received,4,12,No
SPO100977,VND008,FAC003,2025-08-31,Medicines,44579.17,Received,25,31,No
SPO102417,VND030,FAC003,2021-02-14,Medicines,5000.0,Approved,7,21,No
SPO100505,VND008,FAC001,2025-05-06,Medicines,87096.2,Partially Received,19,21,No
SPO104152,VND003,FAC003,2026-02-11,Lab Supplies,167125.95,Ordered,18,19,No
SPO104255,VND017,FAC003,2022-04-03,Medicines,5901.21,Received,17,29,No
SPO103941,VND015,FAC002,2024-05-29,Equipment,55157.23,Received,13,27,No
SPO100414,VND030,FAC005,2025-04-13,Medicines,224799.35,Received,23,27,No
SPO104148,VND013,FAC004,2026-01-15,Equipment,22609.36,Partially Received,21,21,Yes
SPO101183,VND030,FAC003,2025-10-21,Medical Supplies,213117.85,Received,11,15,No
SPO100485,VND006,FAC004,2025-05-01,Medical Supplies,94084.5,Partially Received,19,24,No
SPO100893,VND011,FAC004,2025-08-10,Consumables,200044.34,Approved,13,21,No
SPO100805,VND029,FAC002,2025-07-19,Equipment,233364.04,Received,23,22,Yes
SPO100555,VND023,FAC005,2025-05-18,Medical Supplies,203106.61,Received,20,23,No
SPO103825,VND012,FAC002,2023-02-28,Consumables,294451.46,Partially Received,26,30,No
SPO101197,VND012,FAC003,2025-10-24,Lab Supplies,134680.33,Received,5,6,No
SPO104253,VND001,FAC001,2023-10-02,Consumables,147424.13,Received,23,7,Yes
SPO104058,VND018,FAC001,2024-08-13,Lab Supplies,55296.0,Received,21,8,Yes
SPO101293,VND016,FAC003,2025-11-17,Consumables,195328.27,Received,6,12,No
SPO102221,VND021,FAC002,2023-09-21,Medical Supplies,198733.48,Received,12,19,No
SPO103504,VND022,FAC002,2025-12-30,Lab Supplies,127227.24,Ordered,19,4,Yes
SPO103654,VND033,FAC004,2024-11-05,Medicines,71078.74,Received,13,25,No
SPO104758,VND011,FAC003,2026-01-19,Lab Supplies,157263.16,Received,22,17,Yes
SPO103006,VND005,FAC004,2023-05-08,Lab Supplies,62411.21,Received,16,12,Yes
SPO102093,VND001,FAC005,2026-06-03,Consumables,203423.6,Received,16,18,No
SPO102187,VND028,FAC004,2026-06-27,Equipment,150497.78,Ordered,3,6,No
SPO103036,VND026,FAC004,2023-05-08,Medical Supplies,147164.3,Partially Received,22,12,Yes
SPO103918,VND024,FAC003,2023-07-26,Medical Supplies,141476.95,Ordered,10,29,No
SPO101272,VND021,FAC005,2025-11-12,Lab Supplies,135504.4,Ordered,25,25,Yes
SPO100290,VND022,FAC002,2025-03-13,Medicines,232257.21,Ordered,17,14,Yes
SPO104827,VND020,FAC004,2021-12-08,Medicines,124688.54,Received,14,21,No
SPO100252,VND002,FAC004,2025-03-04,Lab Supplies,139447.83,Partially Received,15,13,Yes
SPO103245,VND014,FAC004,2021-04-27,Medicines,137702.2,Received,15,23,No
SPO100350,VND006,FAC004,2025-03-28,Equipment,24356.44,Partially Received,4,6,No
SPO101187,VND007,FAC005,2025-10-22,Medicines,35268.04,Cancelled,12,16,No
SPO101961,VND016,FAC002,2026-05-02,Medical Supplies,25600.95,Approved,3,2,Yes
SPO100422,VND013,FAC004,2025-04-15,Consumables,166981.57,Received,8,5,Yes
SPO100090,VND012,FAC003,2025-01-23,Consumables,59623.85,Received,28,37,No
SPO103729,VND013,FAC005,2026-03-09,Medical Supplies,112730.05,Partially Received,17,8,Yes
SPO102236,VND018,FAC001,2024-08-29,Medical Supplies,17016.45,Cancelled,18,19,No
SPO100670,VND010,FAC004,2025-06-16,Lab Supplies,136804.42,Partially Received,25,29,No
SPO103040,VND005,FAC002,2022-01-17,Equipment,48759.55,Approved,30,37,No
SPO100026,VND002,FAC001,2025-01-07,Medical Supplies,151279.72,Received,5,5,Yes
SPO100429,VND007,FAC002,2025-04-17,Medicines,151334.37,Received,25,30,No
SPO100683,VND017,FAC004,2025-06-19,Consumables,67179.57,Received,4,3,Yes
SPO104463,VND040,FAC003,2023-03-25,Medical Supplies,154824.66,Draft,7,4,Yes
SPO103945,VND015,FAC005,2024-05-05,Lab Supplies,46487.76,Received,17,16,Yes
SPO103523,VND004,FAC005,2025-12-15,Medical Supplies,53940.42,Received,10,19,No
SPO101541,VND011,FAC001,2026-01-17,Medical Supplies,220925.25,Approved,25,27,No
SPO102031,VND003,FAC002,2026-05-19,Equipment,23939.15,Received,12,20,No
SPO102232,VND038,FAC004,2026-04-27,Medical Supplies,150872.02,Received,22,7,Yes
SPO104120,VND019,FAC005,2024-01-08,Medicines,112842.23,Received,12,22,No
SPO103235,VND034,FAC001,2021-05-17,Consumables,19320.07,Ordered,13,16,No
SPO100254,VND005,FAC005,2025-03-04,Equipment,55435.0,Cancelled,6,12,No
SPO101029,VND019,FAC002,2025-09-13,Equipment,160785.65,Partially Received,8,5,Yes
SPO104392,VND012,FAC004,2026-05-03,Equipment,212994.39,Received,5,13,No
SPO103800,VND010,FAC002,2026-07-20,Consumables,202453.2,Ordered,5,7,No
SPO104310,VND027,FAC002,2023-06-25,Medical Supplies,139373.22,Partially Received,17,19,No
SPO102509,VND024,FAC003,2026-04-29,Equipment,5000.0,Partially Received,19,18,Yes
SPO102292,VND023,FAC002,2025-11-24,Medical Supplies,147820.14,Partially Received,16,35,No
SPO101323,VND001,FAC002,2025-11-24,Consumables,42111.76,Received,10,17,No
SPO101550,VND001,FAC004,2026-01-20,Consumables,16176.91,Partially Received,10,18,No
SPO104647,VND016,FAC005,2026-03-11,Medicines,147817.24,Cancelled,8,17,No
SPO100315,VND019,FAC004,2025-03-20,Medicines,44137.29,Partially Received,12,9,Yes
SPO101242,VND030,FAC003,2025-11-04,Lab Supplies,192000.23,Partially Received,6,4,Yes
SPO102450,VND001,FAC001,2024-07-01,Equipment,77872.32,Draft,8,30,No
SPO101578,VND014,FAC005,2026-01-27,Consumables,173382.44,Received,3,9,No
SPO104625,VND033,FAC003,2023-02-14,Equipment,337897.8,Ordered,19,15,Yes
SPO103116,VND026,FAC004,2023-05-18,Medical Supplies,175852.62,Received,16,30,No
SPO100069,VND020,FAC005,2025-01-18,Medical Supplies,161788.19,Received,20,27,No
SPO100859,VND015,FAC002,2025-08-01,Medicines,85693.6,Received,20,27,No
SPO102753,VND004,FAC005,2026-06-01,Consumables,5000.0,Received,8,24,No
SPO101632,VND020,FAC003,2026-02-09,Medicines,38191.83,Partially Received,25,26,No
SPO101650,VND024,FAC002,2026-02-13,Lab Supplies,35592.18,Received,17,26,No
SPO103860,VND011,FAC002,2026-06-06,Equipment,16720.16,Received,8,14,No
SPO103106,VND021,FAC004,2021-06-01,Consumables,66828.08,Partially Received,3,20,No
SPO101074,VND003,FAC002,2025-09-24,Medical Supplies,159509.33,Received,5,2,Yes
SPO104001,VND030,FAC001,2024-09-05,Lab Supplies,145683.44,Partially Received,6,5,Yes
SPO100787,VND014,FAC004,2025-07-15,Equipment,203624.36,Received,23,22,Yes
SPO102605,VND032,FAC004,2024-05-31,Lab Supplies,112308.45,Received,7,23,No
SPO103630,VND020,FAC003,2026-04-08,Lab Supplies,237060.08,Received,25,28,No
SPO102121,VND013,FAC002,2026-06-10,Equipment,166858.83,Ordered,23,26,No
SPO101874,VND010,FAC004,2026-04-10,Medicines,165373.34,Ordered,9,10,No
SPO100811,VND013,FAC003,2025-07-20,Equipment,181381.97,Received,9,18,No
SPO100387,VND005,FAC004,2025-04-06,Medicines,22463.35,Partially Received,3,9,No
SPO102882,VND022,FAC003,2022-03-19,Medical Supplies,136283.89,Approved,23,7,Yes
SPO101175,VND013,FAC004,2025-10-19,Equipment,76112.71,Received,20,28,No
SPO103197,VND003,FAC001,2025-03-15,Medicines,180214.03,Received,30,11,Yes
SPO102623,VND022,FAC001,2022-04-18,Consumables,182000.3,Partially Received,20,2,Yes
SPO101351,VND021,FAC005,2025-12-01,Consumables,6155.66,Draft,13,21,No
SPO100410,VND008,FAC001,2025-04-12,Consumables,116627.26,Received,10,19,No
SPO104212,VND013,FAC002,2026-05-13,Medical Supplies,205624.47,Received,20,15,Yes
SPO100109,VND003,FAC004,2025-01-28,Medicines,216405.65,Ordered,12,15,No
SPO104995,VND022,FAC001,2023-03-29,Equipment,146936.01,Received,12,3,Yes
SPO103429,VND010,FAC002,2024-11-06,Medical Supplies,103422.02,Received,29,23,Yes
SPO102809,VND024,FAC005,2026-10-15,Equipment,168024.99,Approved,9,17,No
SPO102594,VND025,FAC005,2026-01-15,Medicines,93183.35,Partially Received,20,19,Yes
SPO102836,VND007,FAC002,2022-07-05,Consumables,78200.89,Received,10,24,No
SPO102372,VND011,FAC001,2026-12-11,Consumables,139489.12,Received,23,10,Yes
SPO101235,VND022,FAC002,2025-11-03,Medicines,227852.49,Approved,25,33,No
SPO102146,VND020,FAC001,2026-06-16,Equipment,208172.46,Approved,12,16,No
SPO104975,VND033,FAC005,2021-07-26,Medical Supplies,190943.01,Ordered,26,18,Yes
SPO100599,VND019,FAC001,2025-05-29,Equipment,61569.1,Received,13,21,No
SPO101434,VND008,FAC004,2025-12-22,Consumables,103122.04,Received,26,33,No
SPO104996,VND030,FAC005,2024-05-03,Equipment,153576.05,Received,27,1,Yes
SPO100538,VND029,FAC002,2025-05-14,Equipment,32569.04,Approved,18,18,Yes
SPO100721,VND029,FAC001,2025-06-28,Consumables,232661.12,Partially Received,27,25,Yes
SPO104410,VND038,FAC004,2025-07-15,Lab Supplies,153161.44,Approved,12,26,No
SPO101872,VND017,FAC002,2026-04-09,Medical Supplies,20705.14,Received,26,27,No
SPO102845,VND021,FAC001,2022-10-20,Medicines,195800.47,Ordered,14,14,Yes
SPO102053,VND001,FAC002,2026-05-24,Medical Supplies,230809.13,Partially Received,8,9,No
SPO102907,VND028,FAC001,2021-06-13,Medicines,208768.12,Ordered,28,22,Yes
SPO102254,VND012,FAC002,2024-02-19,Medicines,207714.5,Ordered,28,2,Yes
SPO103912,VND021,FAC002,2026-09-01,Equipment,212195.2,Received,3,9,No
SPO100177,VND025,FAC005,2025-02-13,Medicines,224178.61,Received,13,10,Yes
SPO102890,VND020,FAC002,2025-09-16,Equipment,184047.07,Partially Received,21,11,Yes
SPO103673,VND010,FAC004,2025-03-15,Equipment,5000.0,Received,17,25,No
SPO100080,VND015,FAC003,2025-01-20,Consumables,136666.6,Ordered,21,24,No
SPO102561,VND032,FAC001,2025-07-02,Medicines,36582.23,Received,25,6,Yes
SPO101723,VND028,FAC005,2026-03-04,Equipment,219166.4,Received,3,4,No
SPO101617,VND011,FAC001,2026-02-05,Medical Supplies,230828.68,Ordered,27,28,No
SPO101654,VND001,FAC005,2026-02-14,Medicines,204953.75,Ordered,14,15,No
SPO102328,VND031,FAC004,2025-07-21,Medical Supplies,35675.6,Ordered,12,22,No
SPO104613,VND039,FAC004,2023-11-09,Lab Supplies,170857.92,Ordered,28,11,Yes
SPO100221,VND029,FAC004,2025-02-24,Equipment,172122.12,Received,11,16,No
SPO100093,VND027,FAC005,2025-01-24,Medical Supplies,124014.88,Approved,12,19,No
SPO102609,VND021,FAC003,2026-02-16,Lab Supplies,96137.46,Received,14,10,Yes
SPO103382,VND036,FAC005,2026-11-03,Equipment,102236.36,Approved,30,13,Yes
SPO104415,VND010,FAC005,2024-05-23,Medicines,188090.94,Received,3,11,No
SPO101397,VND027,FAC002,2025-12-13,Medical Supplies,167677.54,Received,28,26,Yes
SPO104686,VND039,FAC004,2022-11-06,Equipment,76430.4,Received,14,1,Yes
SPO101292,VND029,FAC002,2025-11-17,Medical Supplies,60414.17,Ordered,8,5,Yes
SPO102164,VND008,FAC001,2026-06-21,Medicines,190773.56,Received,26,35,No
SPO102939,VND006,FAC005,2026-02-16,Consumables,14450.59,Ordered,8,24,No
SPO103668,VND026,FAC004,2025-09-22,Consumables,95859.7,Ordered,16,23,No
SPO100812,VND028,FAC005,2025-07-21,Lab Supplies,67481.17,Ordered,10,14,No
SPO101258,VND005,FAC001,2025-11-08,Lab Supplies,229074.78,Approved,8,10,No
SPO100889,VND002,FAC004,2025-08-09,Equipment,21356.01,Approved,3,11,No
SPO101451,VND010,FAC004,2025-12-26,Equipment,172502.38,Ordered,21,29,No
SPO103316,VND015,FAC004,2026-07-31,Medicines,222961.65,Ordered,9,24,No
SPO102559,VND012,FAC004,2025-04-15,Medical Supplies,193154.14,Ordered,10,20,No
SPO103574,VND032,FAC003,2026-06-05,Consumables,179418.78,Partially Received,17,16,Yes
SPO102680,VND031,FAC001,2021-11-05,Lab Supplies,99054.3,Received,26,10,Yes
SPO104651,VND012,FAC001,2021-04-12,Consumables,91451.79,Ordered,19,6,Yes
SPO104811,VND002,FAC002,2026-06-29,Consumables,74015.3,Received,13,30,No
SPO104679,VND007,FAC001,2024-01-29,Medical Supplies,124055.56,Received,22,23,No
SPO102964,VND020,FAC003,2022-10-10,Consumables,144385.71,Received,15,18,No
SPO102672,VND012,FAC005,2025-12-06,Medicines,146586.19,Received,24,27,No
SPO100561,VND023,FAC003,2025-05-20,Medical Supplies,133239.84,Partially Received,4,9,No
SPO102778,VND021,FAC003,2026-05-09,Lab Supplies,203885.73,Cancelled,17,23,No
SPO102948,VND029,FAC005,2026-09-25,Equipment,123318.34,Partially Received,8,31,No
SPO102817,VND018,FAC002,2025-11-11,Medicines,44047.89,Received,30,21,Yes
SPO102758,VND009,FAC002,2025-12-16,Consumables,59658.56,Received,3,6,No
SPO101756,VND007,FAC005,2026-03-12,Medical Supplies,232901.88,Received,3,12,No
SPO100724,VND022,FAC001,2025-06-29,Lab Supplies,216869.41,Received,14,23,No
SPO100219,VND026,FAC004,2025-02-24,Medical Supplies,21502.5,Partially Received,15,15,Yes
SPO104139,VND029,FAC001,2023-01-05,Equipment,225309.71,Ordered,16,12,Yes
SPO103957,VND004,FAC003,2026-06-23,Lab Supplies,112445.2,Partially Received,11,30,No
SPO101588,VND009,FAC004,2026-01-29,Medicines,14007.52,Received,19,23,No
SPO103347,VND011,FAC003,2025-06-03,Medicines,126950.28,Received,30,28,Yes
SPO103970,VND023,FAC001,2025-01-28,Equipment,44191.15,Received,11,17,No
SPO104707,VND001,FAC001,2024-08-23,Medicines,161446.46,Partially Received,19,7,Yes
SPO100043,VND026,FAC005,2025-01-11,Lab Supplies,56943.99,Received,17,19,No
SPO103001,VND010,FAC003,2026-10-23,Consumables,142242.42,Received,9,23,No
SPO100210,VND006,FAC001,2025-02-22,Medicines,5792.47,Received,7,12,No
SPO100677,VND003,FAC005,2025-06-17,Medicines,5251.18,Partially Received,4,6,No
SPO100354,VND022,FAC001,2025-03-29,Equipment,188497.53,Received,26,30,No
SPO101433,VND016,FAC001,2025-12-22,Consumables,240565.89,Received,22,30,No
SPO100949,VND006,FAC004,2025-08-24,Medicines,47141.98,Approved,24,32,No
SPO102843,VND039,FAC001,2026-05-18,Lab Supplies,31067.95,Partially Received,15,14,Yes
SPO100577,VND017,FAC001,2025-05-24,Medicines,181541.51,Received,23,22,Yes
SPO103928,VND004,FAC004,2026-09-18,Lab Supplies,125069.87,Ordered,13,14,No
SPO100544,VND002,FAC005,2025-05-15,Consumables,198796.0,Received,18,22,No
SPO100367,VND016,FAC003,2025-04-01,Consumables,181196.79,Ordered,13,20,No
SPO101612,VND011,FAC003,2026-02-04,Medical Supplies,72228.42,Received,6,11,No
SPO103550,VND034,FAC001,2021-05-05,Consumables,107141.93,Received,24,23,Yes
SPO103716,VND030,FAC002,2024-01-15,Lab Supplies,263724.42,Received,29,18,Yes
SPO103779,VND019,FAC003,2022-07-30,Consumables,188003.47,Cancelled,16,17,No
SPO100135,VND018,FAC003,2025-02-03,Equipment,33160.51,Partially Received,20,29,No
SPO104480,VND002,FAC001,2024-06-12,Medicines,141626.41,Draft,17,1,Yes
SPO101437,VND023,FAC001,2025-12-23,Equipment,202940.26,Partially Received,11,19,No
SPO100047,VND008,FAC005,2025-01-12,Lab Supplies,130908.65,Received,17,14,Yes
SPO101360,VND030,FAC004,2025-12-04,Lab Supplies,202251.57,Partially Received,18,25,No
SPO100734,VND020,FAC004,2025-07-01,Medical Supplies,125663.33,Approved,22,21,Yes
SPO101534,VND025,FAC003,2026-01-16,Equipment,233696.57,Received,10,13,No
SPO102004,VND028,FAC001,2026-05-12,Equipment,111360.78,Cancelled,16,19,No
SPO103795,VND018,FAC004,2022-05-20,Medical Supplies,277526.52,Received,18,24,No
SPO102519,VND035,FAC005,2026-11-09,Consumables,73809.93,Received,30,23,Yes
SPO101972,VND004,FAC004,2026-05-04,Lab Supplies,152551.04,Approved,6,11,No
SPO100996,VND008,FAC002,2025-09-04,Lab Supplies,207457.24,Received,14,13,Yes
SPO100061,VND019,FAC003,2025-01-16,Lab Supplies,12588.15,Received,9,7,Yes
SPO101108,VND008,FAC001,2025-10-02,Consumables,185398.83,Partially Received,29,30,No
SPO102405,VND023,FAC002,2023-06-20,Lab Supplies,93497.11,Cancelled,3,25,No
SPO100095,VND004,FAC003,2025-01-24,Consumables,141502.24,Received,11,13,No
SPO100478,VND019,FAC005,2025-04-29,Medical Supplies,198350.4,Partially Received,20,20,Yes
SPO104359,VND013,FAC001,2022-06-14,Lab Supplies,46154.7,Ordered,24,15,Yes
SPO104112,VND022,FAC004,2025-12-26,Equipment,126000.15,Received,26,17,Yes
SPO103707,VND026,FAC001,2024-01-30,Medicines,5501.71,Received,6,21,No
SPO101101,VND004,FAC005,2025-09-30,Medical Supplies,64942.94,Partially Received,29,32,No
SPO102746,VND005,FAC001,2022-08-19,Medicines,181792.04,Received,15,25,No
SPO102170,VND018,FAC001,2026-06-22,Equipment,194735.76,Received,24,21,Yes
SPO100322,VND027,FAC004,2025-03-21,Consumables,155579.22,Approved,20,29,No
SPO104254,VND011,FAC002,2024-05-17,Consumables,58919.11,Ordered,4,18,No
SPO103142,VND032,FAC004,2025-08-05,Equipment,80229.12,Ordered,13,20,No
SPO103537,VND035,FAC004,2021-12-15,Lab Supplies,114947.45,Received,30,22,Yes
SPO104925,VND034,FAC001,2021-02-12,Equipment,186161.47,Received,9,13,No
SPO102924,VND007,FAC001,2025-04-03,Medicines,172092.35,Draft,3,15,No
SPO101149,VND003,FAC004,2025-10-12,Equipment,92200.03,Partially Received,20,17,Yes
SPO103617,VND028,FAC001,2025-03-26,Medical Supplies,94081.54,Partially Received,30,21,Yes
SPO100291,VND019,FAC002,2025-03-14,Medical Supplies,95798.78,Ordered,23,23,Yes
SPO103749,VND020,FAC002,2023-05-30,Lab Supplies,58269.73,Ordered,10,28,No
SPO103586,VND030,FAC001,2022-12-22,Lab Supplies,73856.68,Approved,27,22,Yes
SPO100533,VND003,FAC005,2025-05-13,Medical Supplies,45271.37,Approved,18,26,No
SPO103607,VND023,FAC001,2024-08-22,Consumables,151408.0,Partially Received,20,1,Yes
SPO102648,VND012,FAC005,2022-09-27,Equipment,136288.33,Received,19,21,No
SPO104810,VND019,FAC005,2026-05-09,Medical Supplies,76664.03,Cancelled,19,25,No
SPO101983,VND004,FAC001,2026-05-07,Medicines,111999.05,Partially Received,3,3,Yes
SPO102932,VND011,FAC001,2025-07-29,Medicines,89283.17,Received,16,24,No
SPO101536,VND004,FAC004,2026-01-16,Lab Supplies,53573.13,Received,2,11,No
SPO104534,VND025,FAC005,2022-05-14,Medical Supplies,62012.3,Partially Received,18,23,No
SPO104172,VND013,FAC004,2021-08-06,Lab Supplies,172379.85,Partially Received,27,30,No
SPO103360,VND031,FAC005,2023-07-14,Lab Supplies,64809.06,Cancelled,8,22,No
SPO103665,VND002,FAC004,2022-07-05,Medical Supplies,210931.68,Cancelled,5,13,No
SPO104005,VND034,FAC004,2021-05-25,Lab Supplies,227603.7,Draft,28,8,Yes
SPO103626,VND021,FAC005,2021-06-01,Medicines,47743.86,Ordered,24,21,Yes
SPO100586,VND009,FAC002,2025-05-26,Equipment,81009.42,Received,2,1,Yes
SPO103256,VND034,FAC005,2021-06-14,Lab Supplies,172477.55,Partially Received,3,15,No
SPO102298,VND006,FAC004,2023-01-05,Medicines,96574.44,Cancelled,16,29,No
SPO103988,VND001,FAC005,2023-10-10,Equipment,261396.32,Received,27,12,Yes
SPO100584,VND001,FAC002,2025-05-25,Equipment,82500.51,Received,19,28,No
SPO102423,VND030,FAC004,2022-07-14,Medicines,203860.75,Partially Received,24,25,No
SPO101391,VND029,FAC002,2025-12-11,Medical Supplies,233159.26,Ordered,16,21,No
SPO104525,VND003,FAC003,2022-10-02,Lab Supplies,126070.43,Partially Received,17,24,No
SPO104920,VND031,FAC002,2026-09-10,Lab Supplies,210333.79,Received,19,15,Yes
SPO104800,VND028,FAC005,2026-08-24,Medical Supplies,55636.34,Received,14,34,No
SPO103240,VND014,FAC002,2024-04-16,Equipment,63187.17,Received,18,4,Yes
SPO104281,VND037,FAC004,2021-09-02,Medical Supplies,225600.48,Ordered,17,12,Yes
SPO103338,VND028,FAC005,2023-08-23,Lab Supplies,174447.68,Ordered,20,21,No
SPO103220,VND016,FAC002,2021-12-31,Medical Supplies,102715.86,Received,26,13,Yes
SPO102111,VND009,FAC005,2026-06-08,Lab Supplies,97807.38,Approved,4,12,No
SPO101174,VND019,FAC002,2025-10-18,Lab Supplies,229720.35,Partially Received,10,12,No
SPO104862,VND033,FAC002,2023-01-13,Lab Supplies,34343.06,Approved,10,24,No
SPO103811,VND028,FAC001,2024-04-24,Lab Supplies,304638.59,Received,20,26,No
SPO101867,VND002,FAC002,2026-04-08,Equipment,37234.22,Received,20,28,No
SPO102614,VND005,FAC003,2026-11-18,Consumables,182346.85,Partially Received,13,23,No
SPO103866,VND024,FAC003,2025-12-29,Equipment,174109.46,Ordered,15,14,Yes
SPO104885,VND019,FAC002,2021-01-23,Equipment,163902.1,Received,21,14,Yes
SPO103778,VND024,FAC001,2024-02-29,Medical Supplies,27897.53,Received,3,23,No
SPO103846,VND026,FAC003,2024-05-03,Medical Supplies,212389.95,Ordered,3,20,No
SPO102416,VND039,FAC002,2026-09-23,Medicines,133224.12,Ordered,12,7,Yes
SPO100070,VND015,FAC004,2025-01-18,Consumables,151032.51,Approved,9,12,No
SPO104880,VND030,FAC002,2025-12-04,Medical Supplies,228997.32,Approved,14,23,No
SPO101126,VND027,FAC001,2025-10-07,Lab Supplies,175398.19,Received,14,11,Yes
SPO104024,VND009,FAC002,2023-02-24,Consumables,76728.57,Ordered,30,2,Yes
SPO103250,VND033,FAC001,2023-07-05,Medicines,347091.04,Received,7,27,No
SPO103901,VND015,FAC004,2021-02-12,Medical Supplies,77157.21,Received,11,24,No
SPO101095,VND006,FAC005,2025-09-29,Consumables,102301.93,Draft,29,32,No
SPO104545,VND023,FAC004,2026-11-02,Medicines,174273.51,Ordered,22,27,No
SPO101212,VND010,FAC004,2025-10-28,Equipment,95831.31,Received,24,29,No
SPO103921,VND030,FAC001,2024-09-04,Equipment,153945.99,Received,15,23,No
SPO101425,VND008,FAC003,2025-12-20,Medical Supplies,235344.9,Received,10,12,No
SPO103066,VND019,FAC004,2022-03-10,Equipment,5000.0,Partially Received,14,25,No
SPO104519,VND020,FAC005,2024-06-29,Consumables,93669.43,Received,4,11,No
SPO102100,VND004,FAC003,2026-06-05,Lab Supplies,96350.72,Received,6,6,Yes
SPO100807,VND029,FAC002,2025-07-20,Medicines,204398.9,Received,21,25,No
SPO104743,VND025,FAC003,2021-07-26,Lab Supplies,29453.18,Received,3,16,No
SPO103750,VND036,FAC001,2023-01-20,Medicines,165059.84,Received,30,37,No
SPO101362,VND030,FAC003,2025-12-04,Lab Supplies,82210.48,Ordered,4,3,Yes
SPO102317,VND040,FAC005,2023-05-02,Consumables,66802.38,Ordered,14,21,No
SPO104581,VND005,FAC002,2021-11-03,Lab Supplies,41759.46,Approved,8,10,No
SPO104741,VND003,FAC001,2024-02-06,Medicines,221080.61,Received,10,19,No
SPO101025,VND022,FAC005,2025-09-12,Medicines,102681.73,Ordered,12,9,Yes
SPO103109,VND024,FAC003,2026-06-30,Consumables,139082.93,Ordered,17,22,No
SPO102110,VND001,FAC004,2026-06-07,Equipment,141998.8,Ordered,18,24,No
SPO101041,VND001,FAC004,2025-09-16,Consumables,199976.7,Ordered,23,27,No
SPO101876,VND023,FAC002,2026-04-10,Medicines,209716.82,Approved,17,21,No
SPO100881,VND016,FAC003,2025-08-07,Medicines,22908.04,Ordered,12,21,No
SPO104299,VND030,FAC002,2026-11-17,Consumables,64920.88,Ordered,3,22,No
SPO101192,VND004,FAC001,2025-10-23,Medicines,52942.88,Ordered,18,24,No
SPO104587,VND022,FAC002,2025-11-24,Medical Supplies,175393.41,Ordered,12,1,Yes
SPO104510,VND026,FAC005,2026-09-15,Lab Supplies,195921.61,Approved,5,17,No
SPO103670,VND038,FAC004,2024-11-04,Consumables,147053.85,Ordered,3,24,No
SPO100624,VND028,FAC004,2025-06-04,Medical Supplies,86251.95,Draft,9,8,Yes
SPO102796,VND007,FAC003,2024-07-08,Lab Supplies,85903.32,Received,3,26,No
SPO104291,VND005,FAC001,2022-01-29,Equipment,87769.6,Ordered,12,17,No
SPO104968,VND003,FAC004,2021-01-27,Medicines,160807.81,Received,15,12,Yes
SPO100233,VND018,FAC001,2025-02-27,Lab Supplies,220538.31,Partially Received,22,21,Yes
SPO104566,VND035,FAC004,2023-06-05,Equipment,142519.64,Partially Received,13,19,No
SPO101662,VND024,FAC003,2026-02-16,Lab Supplies,139267.63,Ordered,4,5,No
SPO100415,VND015,FAC005,2025-04-13,Lab Supplies,165869.22,Ordered,26,25,Yes
SPO104246,VND022,FAC002,2024-10-27,Consumables,131429.4,Partially Received,17,14,Yes
SPO102173,VND023,FAC004,2026-06-23,Medicines,74530.01,Received,2,11,No
SPO101456,VND020,FAC002,2025-12-27,Medicines,180245.01,Partially Received,28,37,No
SPO100746,VND004,FAC004,2025-07-04,Consumables,215440.17,Partially Received,24,31,No
SPO100017,VND002,FAC002,2025-01-05,Equipment,242379.39,Received,25,26,No
SPO101200,VND016,FAC001,2025-10-25,Lab Supplies,109054.55,Ordered,29,27,Yes
SPO101699,VND029,FAC004,2026-02-26,Medical Supplies,63330.82,Cancelled,29,30,No
SPO103253,VND038,FAC001,2021-08-09,Equipment,213245.78,Received,13,26,No
SPO100596,VND003,FAC001,2025-05-28,Medical Supplies,92957.89,Partially Received,26,24,Yes
SPO103226,VND040,FAC003,2021-10-18,Equipment,161065.7,Ordered,22,16,Yes
SPO104405,VND005,FAC001,2025-08-14,Lab Supplies,103306.72,Received,10,23,No
SPO104719,VND019,FAC002,2021-06-14,Medical Supplies,36422.87,Partially Received,26,1,Yes
SPO101505,VND019,FAC002,2026-01-08,Consumables,196996.07,Partially Received,2,1,Yes
SPO101412,VND003,FAC001,2025-12-16,Lab Supplies,18137.37,Received,22,26,No
SPO101965,VND007,FAC003,2026-05-03,Medical Supplies,177340.47,Received,9,18,No
SPO100371,VND019,FAC004,2025-04-02,Equipment,216265.23,Partially Received,25,29,No
SPO101340,VND007,FAC005,2025-11-29,Equipment,227991.81,Received,20,24,No
SPO100598,VND001,FAC004,2025-05-29,Medicines,54885.02,Received,3,1,Yes
SPO100238,VND016,FAC004,2025-02-28,Lab Supplies,74105.84,Received,3,9,No
SPO103400,VND023,FAC004,2026-03-12,Medical Supplies,169660.14,Received,24,30,No
SPO102067,VND026,FAC005,2026-05-28,Equipment,89272.08,Received,8,15,No
SPO100810,VND008,FAC002,2025-07-20,Consumables,90350.68,Approved,14,21,No
SPO101094,VND009,FAC002,2025-09-29,Consumables,163109.65,Partially Received,17,19,No
SPO104324,VND040,FAC001,2022-05-18,Lab Supplies,136182.4,Received,3,1,Yes
SPO104760,VND009,FAC002,2023-06-17,Medicines,128525.31,Received,17,28,No
SPO103676,VND025,FAC001,2024-05-15,Consumables,198889.03,Draft,10,17,No
SPO103464,VND032,FAC004,2026-01-27,Consumables,167956.76,Ordered,15,13,Yes
SPO103103,VND013,FAC005,2023-06-05,Equipment,132862.89,Ordered,16,22,No
SPO102749,VND005,FAC001,2026-08-25,Medicines,146755.7,Received,22,17,Yes
SPO102295,VND014,FAC001,2026-11-10,Lab Supplies,165404.03,Ordered,3,16,No
SPO104192,VND030,FAC004,2025-10-03,Lab Supplies,159349.68,Ordered,25,13,Yes
SPO103708,VND005,FAC001,2024-12-14,Medicines,91160.48,Received,3,12,No
SPO103018,VND030,FAC005,2026-08-12,Medicines,165822.33,Received,19,10,Yes
SPO104252,VND039,FAC003,2025-04-08,Medical Supplies,203173.54,Ordered,16,21,No
SPO100803,VND024,FAC002,2025-07-19,Lab Supplies,171014.91,Ordered,15,12,Yes
SPO104190,VND036,FAC005,2025-12-05,Equipment,208802.46,Received,16,26,No
SPO103705,VND021,FAC001,2025-01-19,Medical Supplies,120046.31,Cancelled,13,14,No
SPO100751,VND023,FAC003,2025-07-06,Consumables,166103.6,Approved,29,32,No
SPO104644,VND032,FAC005,2025-01-04,Medical Supplies,231825.79,Draft,11,21,No
SPO102531,VND031,FAC004,2025-12-30,Medicines,63252.06,Partially Received,6,12,No
SPO100621,VND010,FAC001,2025-06-03,Consumables,49999.5,Ordered,2,3,No
SPO102297,VND030,FAC002,2021-01-02,Equipment,101141.03,Received,15,11,Yes
SPO103828,VND040,FAC002,2023-10-31,Consumables,132320.19,Ordered,16,33,No
SPO100566,VND030,FAC003,2025-05-21,Medicines,226944.09,Received,13,11,Yes
SPO101135,VND007,FAC003,2025-10-09,Medical Supplies,180065.35,Received,25,34,No
SPO101204,VND016,FAC002,2025-10-26,Consumables,106963.36,Received,3,10,No
SPO101047,VND007,FAC002,2025-09-17,Medicines,215462.27,Received,3,5,No
SPO100051,VND026,FAC001,2025-01-13,Equipment,222344.02,Ordered,22,28,No
SPO103651,VND033,FAC004,2022-08-04,Medical Supplies,93736.69,Ordered,17,16,Yes
SPO101044,VND008,FAC005,2025-09-16,Lab Supplies,191173.33,Received,17,25,No
SPO102181,VND027,FAC005,2026-06-25,Medicines,10628.01,Partially Received,15,24,No
SPO102688,VND015,FAC004,2021-09-25,Equipment,97998.27,Ordered,14,20,No
SPO100534,VND027,FAC005,2025-05-13,Consumables,147170.19,Received,7,9,No
SPO103184,VND035,FAC002,2021-01-15,Consumables,5000.0,Approved,12,20,No
SPO103857,VND032,FAC003,2023-02-22,Lab Supplies,170266.82,Ordered,18,16,Yes
SPO100443,VND008,FAC004,2025-04-20,Lab Supplies,99929.41,Partially Received,20,28,No
SPO103604,VND040,FAC003,2026-11-18,Lab Supplies,166624.01,Received,21,29,No
SPO100195,VND005,FAC004,2025-02-18,Medicines,101247.02,Received,10,13,No
SPO101115,VND014,FAC003,2025-10-04,Consumables,244939.6,Approved,24,32,No
SPO100765,VND026,FAC004,2025-07-09,Equipment,249228.27,Approved,16,22,No
SPO101945,VND028,FAC002,2026-04-28,Medical Supplies,221040.99,Approved,16,23,No
SPO103247,VND016,FAC001,2025-03-18,Medical Supplies,162241.61,Received,25,22,Yes
SPO103002,VND006,FAC005,2026-12-03,Consumables,237028.18,Received,16,20,No
SPO101432,VND019,FAC005,2025-12-21,Consumables,168490.17,Received,2,1,Yes
SPO104200,VND035,FAC005,2023-05-25,Medical Supplies,165750.85,Partially Received,8,20,No
SPO103095,VND015,FAC005,2025-10-20,Medicines,223121.9,Received,9,16,No
SPO102922,VND033,FAC004,2022-09-19,Medical Supplies,171954.79,Received,17,12,Yes
SPO100644,VND001,FAC004,2025-06-09,Medical Supplies,243414.17,Ordered,27,34,No
SPO101049,VND003,FAC001,2025-09-17,Equipment,40022.59,Partially Received,5,2,Yes
SPO103745,VND012,FAC002,2024-10-31,Lab Supplies,120762.15,Received,22,31,No
SPO104093,VND004,FAC004,2023-10-24,Medical Supplies,5000.0,Ordered,8,19,No
SPO104403,VND002,FAC005,2026-02-11,Medicines,120501.28,Approved,13,21,No
SPO100120,VND022,FAC002,2025-01-30,Equipment,95693.08,Received,20,22,No
SPO102052,VND021,FAC001,2026-05-24,Lab Supplies,135187.49,Ordered,24,29,No
SPO104258,VND031,FAC002,2025-07-18,Equipment,177952.52,Ordered,18,25,No
SPO104888,VND019,FAC003,2025-07-25,Consumables,132922.49,Received,16,20,No
SPO104334,VND035,FAC001,2023-12-01,Equipment,108043.69,Received,18,14,Yes
SPO104691,VND037,FAC001,2021-10-28,Medicines,70250.32,Ordered,14,26,No
SPO100134,VND030,FAC002,2025-02-03,Medical Supplies,226899.6,Ordered,24,21,Yes
SPO102460,VND018,FAC001,2023-06-10,Lab Supplies,130344.74,Received,17,29,No
SPO101954,VND009,FAC004,2026-04-30,Medical Supplies,98097.91,Draft,10,15,No
SPO102463,VND037,FAC002,2025-10-29,Lab Supplies,153271.4,Received,21,1,Yes
SPO100184,VND010,FAC004,2025-02-15,Lab Supplies,113501.7,Cancelled,12,21,No
SPO101392,VND021,FAC001,2025-12-11,Lab Supplies,167504.6,Cancelled,15,21,No
SPO102276,VND019,FAC004,2024-01-03,Equipment,5000.0,Partially Received,5,34,No
SPO100511,VND008,FAC002,2025-05-07,Lab Supplies,107798.12,Cancelled,11,20,No
SPO104729,VND002,FAC003,2026-12-16,Lab Supplies,99922.53,Received,23,14,Yes
SPO104054,VND034,FAC003,2026-05-09,Consumables,57542.84,Ordered,13,20,No
SPO103137,VND020,FAC003,2022-12-21,Consumables,47355.44,Draft,4,22,No
SPO102669,VND036,FAC002,2024-07-22,Equipment,141219.77,Draft,13,3,Yes
SPO104773,VND034,FAC005,2023-08-09,Medicines,216718.05,Partially Received,12,16,No
SPO104861,VND003,FAC005,2025-08-25,Consumables,93434.01,Ordered,12,16,No
SPO102117,VND002,FAC004,2026-06-09,Lab Supplies,144922.17,Received,13,17,No
SPO100251,VND019,FAC001,2025-03-04,Medicines,237372.5,Ordered,8,11,No
SPO103526,VND016,FAC002,2022-05-28,Medicines,153236.38,Received,17,26,No
SPO103559,VND040,FAC005,2026-08-25,Medicines,248428.61,Ordered,12,7,Yes
SPO104011,VND014,FAC004,2023-12-14,Medical Supplies,18410.22,Received,17,4,Yes
SPO101507,VND018,FAC003,2026-01-09,Medical Supplies,86473.08,Partially Received,14,17,No
SPO100122,VND026,FAC003,2025-01-31,Lab Supplies,117951.37,Cancelled,14,20,No
SPO104259,VND012,FAC004,2024-02-09,Lab Supplies,190807.23,Approved,7,22,No
SPO103333,VND002,FAC001,2022-06-17,Medical Supplies,31867.12,Received,13,9,Yes
SPO101871,VND020,FAC001,2026-04-09,Medical Supplies,49775.77,Approved,2,7,No
SPO103692,VND023,FAC001,2021-05-24,Lab Supplies,216692.02,Approved,9,11,No
SPO100567,VND020,FAC003,2025-05-21,Medical Supplies,57075.05,Approved,28,29,No
SPO101371,VND014,FAC001,2025-12-06,Medicines,165479.71,Approved,28,30,No
SPO103185,VND034,FAC004,2022-09-18,Equipment,195086.38,Approved,9,17,No
SPO103955,VND017,FAC004,2026-08-05,Lab Supplies,152361.73,Ordered,30,17,Yes
SPO101056,VND018,FAC002,2025-09-19,Equipment,19741.57,Ordered,19,28,No
SPO100856,VND015,FAC003,2025-08-01,Medicines,247258.89,Received,7,12,No
SPO103838,VND037,FAC005,2023-05-15,Equipment,222164.28,Received,9,12,No
SPO102860,VND014,FAC004,2021-11-17,Medicines,9881.92,Cancelled,8,3,Yes
SPO104769,VND018,FAC005,2026-12-23,Medicines,151456.77,Received,24,11,Yes
SPO100776,VND009,FAC001,2025-07-12,Lab Supplies,141719.03,Received,4,10,No
SPO100720,VND004,FAC004,2025-06-28,Lab Supplies,211269.99,Draft,14,11,Yes
SPO102710,VND017,FAC004,2023-08-07,Medicines,185314.96,Ordered,9,24,No
SPO102654,VND032,FAC001,2025-02-24,Equipment,121151.28,Approved,20,4,Yes
SPO104877,VND017,FAC004,2026-04-04,Medicines,152619.61,Approved,8,14,No
SPO100602,VND013,FAC005,2025-05-30,Equipment,105547.21,Partially Received,16,23,No
SPO103822,VND035,FAC004,2026-08-26,Lab Supplies,283965.52,Approved,3,20,No
SPO101244,VND010,FAC003,2025-11-05,Lab Supplies,180456.92,Approved,5,9,No
SPO104845,VND024,FAC003,2022-12-23,Equipment,158203.84,Received,15,22,No
SPO104841,VND034,FAC002,2026-04-30,Consumables,78770.96,Draft,9,31,No
SPO100318,VND007,FAC004,2025-03-20,Lab Supplies,22133.34,Ordered,3,11,No
SPO100828,VND029,FAC001,2025-07-25,Medicines,12320.18,Approved,5,13,No
SPO103263,VND022,FAC001,2026-09-12,Lab Supplies,96236.74,Cancelled,18,36,No
SPO100274,VND009,FAC003,2025-03-09,Medical Supplies,10192.09,Received,17,15,Yes
SPO102664,VND011,FAC004,2024-06-24,Lab Supplies,163551.71,Received,12,1,Yes
SPO100549,VND025,FAC002,2025-05-17,Equipment,160711.29,Received,17,20,No
SPO103641,VND016,FAC001,2026-01-11,Consumables,155750.23,Partially Received,8,31,No
SPO104053,VND017,FAC005,2022-08-26,Consumables,186583.67,Received,14,28,No
SPO104892,VND030,FAC005,2023-07-14,Medical Supplies,29156.73,Received,13,18,No
SPO102934,VND001,FAC003,2024-07-20,Lab Supplies,238933.45,Ordered,10,20,No
SPO100605,VND020,FAC003,2025-05-30,Consumables,223755.48,Received,12,21,No
SPO100896,VND008,FAC004,2025-08-11,Medical Supplies,106484.15,Approved,11,20,No
SPO100527,VND002,FAC003,2025-05-11,Lab Supplies,186697.17,Partially Received,10,13,No
SPO104607,VND011,FAC005,2026-09-08,Medical Supplies,260861.06,Received,19,24,No
SPO102347,VND005,FAC003,2024-07-28,Consumables,47558.5,Partially Received,17,15,Yes
SPO103439,VND036,FAC002,2024-01-11,Lab Supplies,187213.61,Ordered,12,34,No
SPO104998,VND019,FAC003,2022-10-08,Equipment,129203.22,Ordered,8,14,No
SPO104826,VND034,FAC003,2021-02-15,Lab Supplies,5000.0,Ordered,11,30,No
SPO103922,VND003,FAC001,2026-09-04,Medical Supplies,104452.54,Approved,17,23,No
SPO100298,VND011,FAC004,2025-03-15,Equipment,39528.3,Ordered,19,20,No
SPO102119,VND027,FAC003,2026-06-10,Medicines,85645.27,Partially Received,20,25,No
SPO102536,VND013,FAC002,2026-08-11,Equipment,205859.57,Received,4,13,No
SPO104203,VND012,FAC002,2024-02-13,Equipment,135471.8,Partially Received,11,7,Yes
SPO103254,VND016,FAC003,2026-12-22,Medicines,119442.29,Partially Received,12,25,No
SPO103725,VND016,FAC002,2022-10-27,Equipment,255141.42,Received,13,9,Yes
SPO101260,VND004,FAC005,2025-11-09,Consumables,156278.43,Partially Received,29,33,No
SPO101558,VND017,FAC003,2026-01-22,Lab Supplies,208114.21,Received,5,10,No
SPO103269,VND016,FAC001,2025-02-18,Equipment,147889.34,Received,16,28,No
SPO104046,VND039,FAC004,2024-04-09,Lab Supplies,52330.37,Received,8,26,No
SPO100756,VND001,FAC001,2025-07-07,Lab Supplies,55946.41,Partially Received,2,1,Yes
SPO101010,VND013,FAC004,2025-09-08,Consumables,70295.33,Ordered,12,19,No
SPO102794,VND009,FAC002,2024-12-13,Consumables,75229.15,Approved,19,32,No
SPO102905,VND014,FAC005,2021-12-16,Lab Supplies,81866.38,Received,15,25,No
SPO101870,VND013,FAC005,2026-04-09,Lab Supplies,26827.68,Received,28,29,No
SPO102229,VND037,FAC001,2024-09-27,Equipment,100696.16,Approved,28,1,Yes
SPO101173,VND015,FAC005,2025-10-18,Medicines,101230.16,Received,6,15,No
SPO101832,VND030,FAC004,2026-03-31,Medicines,227599.06,Received,12,15,No
SPO100376,VND002,FAC001,2025-04-04,Medical Supplies,90376.01,Received,29,34,No
SPO103853,VND005,FAC004,2022-05-28,Consumables,158016.98,Received,6,16,No
SPO103616,VND006,FAC001,2021-02-11,Medicines,179844.1,Ordered,13,25,No
SPO100798,VND024,FAC004,2025-07-17,Equipment,215133.57,Received,10,18,No
SPO100378,VND001,FAC001,2025-04-04,Medical Supplies,210850.62,Approved,24,25,No
SPO101158,VND018,FAC005,2025-10-14,Medical Supplies,119450.42,Approved,11,10,Yes
SPO103819,VND012,FAC002,2022-12-15,Equipment,106797.39,Ordered,13,12,Yes
SPO102792,VND033,FAC001,2023-01-23,Medicines,71549.86,Received,18,19,No
SPO102240,VND039,FAC002,2026-03-10,Lab Supplies,218806.13,Cancelled,30,26,Yes
SPO104035,VND010,FAC002,2022-12-17,Medicines,144304.11,Received,23,15,Yes
SPO102662,VND040,FAC003,2026-09-24,Consumables,222304.26,Approved,19,25,No
SPO104012,VND019,FAC005,2022-09-02,Equipment,86680.07,Received,22,22,Yes
SPO102957,VND039,FAC001,2023-04-12,Medicines,216908.21,Received,17,25,No
SPO103927,VND034,FAC005,2026-07-16,Lab Supplies,91389.75,Ordered,12,31,No
SPO101038,VND016,FAC005,2025-09-15,Medicines,244467.0,Partially Received,23,20,Yes
SPO103259,VND019,FAC003,2026-11-24,Medical Supplies,111768.27,Received,8,21,No
SPO101344,VND001,FAC002,2025-11-30,Lab Supplies,79258.88,Partially Received,13,18,No
SPO102505,VND002,FAC001,2022-11-19,Equipment,193063.54,Ordered,24,25,No
SPO101721,VND018,FAC002,2026-03-03,Lab Supplies,127275.51,Approved,26,34,No
SPO104663,VND040,FAC002,2024-04-24,Consumables,109901.47,Received,13,35,No
SPO100175,VND025,FAC003,2025-02-13,Consumables,246901.23,Received,13,12,Yes
SPO104893,VND019,FAC001,2022-04-03,Medical Supplies,85838.13,Received,20,23,No
SPO101909,VND001,FAC002,2026-04-19,Medicines,96270.27,Ordered,2,4,No
SPO100045,VND023,FAC003,2025-01-12,Consumables,229209.6,Ordered,21,21,Yes
SPO103409,VND023,FAC004,2025-06-16,Consumables,23186.39,Received,3,9,No
SPO104674,VND015,FAC005,2025-07-31,Medicines,5000.0,Cancelled,16,26,No
SPO101075,VND004,FAC005,2025-09-24,Equipment,100627.32,Received,26,33,No
SPO102829,VND014,FAC005,2022-07-29,Medicines,127451.03,Received,22,22,Yes
SPO101504,VND001,FAC003,2026-01-08,Medicines,193076.6,Partially Received,6,3,Yes
SPO102309,VND038,FAC005,2023-05-15,Equipment,236061.63,Approved,18,22,No
SPO101436,VND024,FAC002,2025-12-22,Consumables,109522.0,Received,28,33,No
SPO102418,VND006,FAC001,2026-11-24,Equipment,125719.69,Ordered,5,9,No
SPO103986,VND037,FAC003,2022-06-14,Equipment,99766.58,Received,16,26,No
SPO103098,VND019,FAC001,2023-06-23,Medical Supplies,109681.45,Partially Received,20,12,Yes
SPO104588,VND022,FAC001,2021-11-02,Medicines,140825.33,Partially Received,13,15,No
SPO100283,VND030,FAC001,2025-03-12,Lab Supplies,30325.55,Partially Received,23,22,Yes
SPO104918,VND014,FAC004,2022-07-01,Lab Supplies,193575.41,Ordered,16,18,No
SPO100842,VND010,FAC004,2025-07-28,Medical Supplies,179806.54,Draft,22,29,No
SPO101513,VND017,FAC003,2026-01-10,Medical Supplies,133192.2,Received,15,15,Yes
SPO101168,VND012,FAC003,2025-10-17,Consumables,212607.9,Received,2,2,Yes
SPO101592,VND002,FAC004,2026-01-30,Consumables,101288.89,Partially Received,16,15,Yes
SPO103460,VND002,FAC002,2024-03-25,Medicines,102624.15,Received,5,25,No
SPO103165,VND029,FAC003,2023-06-19,Lab Supplies,117623.11,Partially Received,19,23,No
SPO102284,VND040,FAC001,2024-12-17,Equipment,59030.52,Received,15,29,No
SPO103575,VND027,FAC004,2024-08-19,Consumables,69119.08,Partially Received,11,17,No
SPO104870,VND011,FAC003,2021-08-19,Consumables,119218.52,Received,17,31,No
SPO102305,VND015,FAC004,2026-02-23,Lab Supplies,60535.46,Received,28,6,Yes
SPO100952,VND024,FAC001,2025-08-24,Consumables,117734.74,Ordered,22,20,Yes
SPO104942,VND024,FAC003,2024-04-11,Medicines,153432.8,Ordered,13,28,No
SPO103053,VND002,FAC003,2024-10-19,Equipment,159847.62,Ordered,27,1,Yes
SPO104559,VND039,FAC003,2026-01-31,Lab Supplies,196009.42,Cancelled,9,21,No
SPO102685,VND006,FAC001,2023-01-04,Consumables,173607.44,Ordered,24,18,Yes
SPO101489,VND026,FAC005,2026-01-05,Consumables,102551.01,Received,9,10,No
SPO100927,VND030,FAC002,2025-08-18,Medicines,151007.9,Received,16,20,No
SPO101209,VND024,FAC004,2025-10-27,Equipment,195002.6,Received,5,2,Yes
SPO103973,VND003,FAC005,2025-01-31,Medicines,5000.0,Ordered,3,6,No
SPO103545,VND019,FAC004,2021-04-21,Lab Supplies,8729.27,Received,3,16,No
SPO104361,VND013,FAC003,2025-05-30,Medicines,171853.4,Received,28,4,Yes
SPO101921,VND004,FAC002,2026-04-22,Lab Supplies,229707.33,Partially Received,17,22,No
SPO100351,VND027,FAC001,2025-03-28,Medical Supplies,237905.1,Draft,7,9,No
SPO104898,VND003,FAC002,2026-12-01,Medical Supplies,31568.08,Partially Received,13,28,No
SPO103393,VND004,FAC005,2025-09-03,Lab Supplies,81874.54,Received,19,24,No
SPO102721,VND014,FAC005,2025-06-27,Equipment,150216.91,Approved,20,22,No
SPO104981,VND032,FAC004,2025-12-04,Equipment,179294.72,Received,3,21,No
SPO100718,VND022,FAC003,2025-06-27,Medicines,215366.34,Approved,9,18,No
SPO102702,VND015,FAC003,2023-03-24,Equipment,197032.87,Ordered,17,15,Yes
SPO102722,VND001,FAC003,2025-10-10,Lab Supplies,62376.59,Received,12,27,No
SPO104561,VND033,FAC004,2026-10-06,Lab Supplies,176889.02,Cancelled,4,34,No
SPO100308,VND001,FAC005,2025-03-18,Medical Supplies,212484.64,Received,24,27,No
SPO101675,VND024,FAC004,2026-02-20,Lab Supplies,144445.48,Partially Received,4,7,No
SPO100833,VND012,FAC004,2025-07-26,Medical Supplies,50123.59,Ordered,27,27,Yes
SPO100366,VND030,FAC002,2025-04-01,Medical Supplies,35693.77,Ordered,25,27,No
SPO104506,VND007,FAC004,2023-11-13,Medicines,5000.0,Received,29,17,Yes
SPO102078,VND015,FAC004,2026-05-31,Lab Supplies,90423.06,Cancelled,17,18,No
SPO104038,VND004,FAC003,2023-03-09,Equipment,152332.99,Partially Received,8,10,No
SPO104846,VND025,FAC003,2022-08-10,Medicines,55275.21,Ordered,16,23,No
SPO104479,VND037,FAC005,2026-01-17,Lab Supplies,5000.0,Partially Received,3,17,No
SPO101746,VND015,FAC003,2026-03-09,Medical Supplies,218546.22,Received,14,20,No
SPO100019,VND021,FAC002,2025-01-05,Medicines,15727.54,Received,13,13,Yes
SPO101322,VND022,FAC003,2025-11-24,Medicines,125771.57,Approved,3,3,Yes
SPO103567,VND005,FAC005,2024-08-26,Lab Supplies,190431.17,Partially Received,3,15,No
SPO102521,VND035,FAC002,2024-01-25,Lab Supplies,149424.39,Received,22,32,No
SPO100218,VND029,FAC004,2025-02-24,Lab Supplies,97627.23,Received,25,31,No
SPO101487,VND008,FAC001,2026-01-04,Consumables,66376.11,Partially Received,17,14,Yes
SPO100438,VND009,FAC002,2025-04-19,Equipment,195478.45,Ordered,7,12,No
SPO104174,VND012,FAC002,2021-06-13,Lab Supplies,185658.59,Partially Received,7,17,No
SPO102750,VND015,FAC004,2023-06-12,Medicines,191388.15,Partially Received,3,28,No
SPO103288,VND038,FAC004,2026-08-28,Lab Supplies,91848.7,Received,29,26,Yes
SPO103433,VND009,FAC004,2022-07-29,Equipment,119131.72,Partially Received,13,10,Yes
SPO102525,VND006,FAC002,2023-07-01,Medicines,245515.77,Partially Received,4,32,No
SPO104650,VND029,FAC002,2021-01-06,Equipment,217322.57,Received,23,27,No
SPO103688,VND004,FAC005,2022-10-13,Consumables,109645.54,Ordered,21,1,Yes
SPO102763,VND030,FAC004,2026-01-15,Lab Supplies,113114.12,Ordered,26,17,Yes
SPO100802,VND020,FAC001,2025-07-18,Medical Supplies,67310.77,Ordered,7,9,No
SPO102997,VND030,FAC001,2024-07-27,Lab Supplies,219572.62,Received,23,10,Yes
SPO102228,VND034,FAC001,2024-08-22,Medical Supplies,100509.02,Received,30,20,Yes
SPO104785,VND034,FAC001,2026-04-15,Lab Supplies,108943.81,Approved,14,27,No
SPO102077,VND022,FAC002,2026-05-30,Medical Supplies,67572.46,Approved,29,36,No
SPO100582,VND006,FAC004,2025-05-25,Consumables,159315.06,Received,9,6,Yes
SPO100203,VND006,FAC005,2025-02-20,Consumables,247779.15,Received,19,22,No
SPO104346,VND008,FAC003,2024-06-18,Medical Supplies,5000.0,Received,20,9,Yes
SPO103478,VND005,FAC005,2024-08-14,Medical Supplies,141888.57,Ordered,9,15,No
SPO102929,VND023,FAC005,2026-12-14,Medical Supplies,98407.02,Approved,12,7,Yes
SPO103085,VND022,FAC005,2022-01-28,Medical Supplies,116935.77,Received,14,20,No
SPO101018,VND020,FAC003,2025-09-10,Consumables,121060.35,Received,8,10,No
SPO101583,VND009,FAC003,2026-01-28,Medical Supplies,56186.07,Received,19,23,No
SPO101032,VND027,FAC001,2025-09-13,Medicines,177623.27,Partially Received,26,29,No
SPO101718,VND021,FAC003,2026-03-02,Medicines,202953.25,Ordered,25,26,No
SPO101281,VND007,FAC003,2025-11-14,Equipment,34997.73,Approved,10,13,No
SPO102498,VND002,FAC003,2024-07-23,Lab Supplies,93819.41,Ordered,14,13,Yes
SPO103350,VND032,FAC004,2021-07-22,Consumables,284558.36,Received,14,28,No
SPO100517,VND003,FAC003,2025-05-09,Consumables,146100.94,Ordered,26,34,No
SPO101747,VND022,FAC005,2026-03-09,Medical Supplies,185615.58,Received,26,30,No
SPO104652,VND035,FAC002,2023-06-20,Equipment,181674.17,Ordered,5,1,Yes
SPO103732,VND011,FAC003,2023-05-17,Lab Supplies,151174.73,Approved,8,3,Yes
SPO100668,VND023,FAC001,2025-06-15,Consumables,123120.89,Partially Received,9,13,No
SPO104059,VND003,FAC001,2023-05-24,Equipment,25843.8,Received,3,30,No
SPO103026,VND022,FAC003,2022-08-18,Medical Supplies,146573.12,Received,25,13,Yes
SPO104932,VND017,FAC003,2026-12-10,Equipment,135277.31,Approved,3,14,No
SPO103286,VND007,FAC005,2023-01-13,Lab Supplies,183984.27,Ordered,12,19,No
SPO102650,VND037,FAC005,2024-07-13,Equipment,130531.72,Received,16,1,Yes
SPO104453,VND033,FAC003,2022-09-21,Lab Supplies,210707.78,Received,12,8,Yes
SPO103192,VND016,FAC003,2021-07-07,Lab Supplies,5000.0,Approved,15,30,No
SPO102124,VND029,FAC002,2026-06-11,Medicines,195353.96,Partially Received,6,8,No
SPO103375,VND036,FAC005,2022-02-01,Medical Supplies,166274.75,Received,21,12,Yes
SPO103392,VND015,FAC002,2026-05-01,Medicines,233487.58,Partially Received,18,11,Yes
SPO103485,VND001,FAC002,2021-08-01,Equipment,47777.35,Received,3,11,No
SPO100759,VND025,FAC005,2025-07-08,Medical Supplies,233433.34,Draft,4,2,Yes
SPO103379,VND019,FAC005,2024-06-25,Equipment,156409.18,Received,30,40,No
SPO104440,VND032,FAC001,2024-03-20,Consumables,81804.0,Ordered,16,14,Yes
SPO102526,VND009,FAC002,2021-05-13,Equipment,76228.09,Partially Received,24,11,Yes
SPO104858,VND029,FAC004,2025-05-21,Medical Supplies,200958.7,Received,3,19,No
SPO100907,VND007,FAC003,2025-08-13,Equipment,171856.05,Received,3,8,No
SPO102683,VND026,FAC001,2022-07-18,Equipment,142203.46,Received,14,24,No
SPO100214,VND010,FAC002,2025-02-23,Medicines,239381.1,Ordered,25,34,No
SPO103331,VND026,FAC003,2023-08-25,Lab Supplies,167981.01,Ordered,23,15,Yes
SPO104458,VND007,FAC003,2022-06-21,Consumables,168274.84,Cancelled,17,28,No
SPO100693,VND003,FAC005,2025-06-21,Medicines,226334.12,Ordered,20,25,No
SPO101503,VND009,FAC001,2026-01-08,Equipment,88393.89,Ordered,15,20,No
SPO102414,VND004,FAC002,2021-03-08,Lab Supplies,178124.03,Approved,16,1,Yes
SPO102118,VND012,FAC003,2026-06-09,Equipment,118997.28,Received,21,27,No
SPO103858,VND040,FAC002,2025-01-01,Consumables,79003.11,Draft,18,15,Yes
SPO102462,VND036,FAC003,2021-09-07,Lab Supplies,110286.37,Received,8,14,No
SPO103635,VND018,FAC002,2023-12-11,Consumables,120409.33,Received,30,9,Yes
SPO104105,VND002,FAC003,2026-12-26,Consumables,166603.52,Partially Received,19,39,No
SPO104478,VND019,FAC001,2023-08-30,Medicines,88315.98,Received,20,11,Yes
SPO100196,VND022,FAC002,2025-02-18,Equipment,196498.85,Received,15,22,No
SPO104667,VND004,FAC003,2025-08-29,Consumables,155282.64,Received,15,32,No
SPO101543,VND013,FAC005,2026-01-18,Consumables,227421.39,Approved,22,27,No
SPO101330,VND003,FAC005,2025-11-26,Consumables,197245.18,Draft,10,18,No
SPO100879,VND013,FAC005,2025-08-06,Lab Supplies,89250.89,Partially Received,20,26,No
SPO104502,VND035,FAC004,2025-05-28,Equipment,59554.15,Approved,10,8,Yes
SPO103501,VND038,FAC001,2021-11-21,Medical Supplies,101645.28,Draft,13,24,No
SPO103894,VND023,FAC003,2025-03-30,Equipment,5000.0,Ordered,16,13,Yes
SPO104990,VND024,FAC003,2022-12-15,Equipment,5000.0,Received,12,29,No
SPO100887,VND004,FAC004,2025-08-08,Medical Supplies,95289.87,Draft,18,26,No
SPO101345,VND001,FAC003,2025-11-30,Equipment,146470.5,Approved,24,33,No
SPO100068,VND010,FAC003,2025-01-17,Consumables,207631.88,Received,14,23,No
SPO104210,VND008,FAC003,2026-06-11,Equipment,71911.17,Received,3,32,No
SPO101815,VND002,FAC005,2026-03-26,Consumables,150942.11,Partially Received,24,31,No
SPO100568,VND020,FAC004,2025-05-21,Medicines,212245.46,Received,10,14,No
SPO102167,VND025,FAC003,2026-06-22,Medicines,247402.28,Received,27,29,No
SPO100096,VND010,FAC004,2025-01-24,Equipment,98108.02,Cancelled,21,27,No
SPO104181,VND015,FAC003,2024-07-18,Consumables,121795.99,Ordered,3,11,No
SPO103353,VND040,FAC005,2026-12-16,Consumables,64861.11,Partially Received,16,24,No
SPO100139,VND021,FAC003,2025-02-04,Lab Supplies,105222.02,Received,20,22,No
SPO104954,VND031,FAC004,2023-01-17,Medical Supplies,104021.32,Received,25,23,Yes
SPO102602,VND012,FAC001,2023-09-09,Medical Supplies,177250.7,Draft,20,33,No
SPO104023,VND019,FAC003,2025-11-06,Consumables,87342.43,Received,19,26,No
SPO104772,VND018,FAC003,2022-03-21,Lab Supplies,224916.58,Received,3,14,No
SPO101606,VND006,FAC005,2026-02-03,Equipment,178345.99,Ordered,25,31,No
SPO101629,VND004,FAC002,2026-02-08,Medicines,94226.89,Received,13,21,No
SPO101539,VND029,FAC001,2026-01-17,Medicines,38461.08,Partially Received,3,5,No
SPO101694,VND019,FAC001,2026-02-24,Medicines,127790.45,Received,3,7,No
SPO102059,VND008,FAC002,2026-05-26,Equipment,71841.15,Ordered,7,7,Yes
SPO100463,VND030,FAC004,2025-04-25,Medical Supplies,84745.52,Received,13,18,No
SPO102330,VND029,FAC004,2023-11-30,Equipment,205832.61,Ordered,21,30,No
SPO103043,VND003,FAC005,2022-05-26,Medicines,88424.26,Ordered,17,19,No
SPO104734,VND028,FAC005,2024-02-16,Lab Supplies,6887.89,Cancelled,12,14,No
SPO100594,VND015,FAC002,2025-05-28,Medical Supplies,164233.84,Ordered,23,24,No
SPO103814,VND034,FAC001,2022-05-24,Consumables,78657.57,Partially Received,12,17,No
SPO100625,VND013,FAC005,2025-06-04,Medical Supplies,83055.07,Ordered,19,19,Yes
SPO100450,VND010,FAC001,2025-04-22,Medical Supplies,114995.34,Ordered,12,9,Yes
SPO101499,VND028,FAC005,2026-01-07,Equipment,70233.98,Received,12,13,No
SPO102456,VND008,FAC005,2022-02-18,Medicines,89624.05,Ordered,22,13,Yes
SPO104722,VND034,FAC001,2024-03-19,Medicines,84154.78,Received,18,21,No
SPO102984,VND013,FAC004,2022-07-03,Medicines,107000.0,Received,9,12,No
SPO101569,VND019,FAC004,2026-01-24,Lab Supplies,139957.09,Received,10,12,No
SPO101034,VND008,FAC003,2025-09-14,Medical Supplies,231263.93,Received,17,20,No
SPO103518,VND032,FAC003,2026-01-14,Medical Supplies,117255.72,Received,16,22,No
SPO101557,VND027,FAC004,2026-01-21,Consumables,184334.08,Ordered,29,32,No
SPO103624,VND029,FAC001,2022-01-22,Medical Supplies,96925.31,Cancelled,10,9,Yes
SPO104664,VND034,FAC001,2024-05-12,Medical Supplies,111988.86,Received,9,20,No
SPO100150,VND022,FAC004,2025-02-07,Medical Supplies,54214.55,Ordered,17,17,Yes
SPO101420,VND003,FAC001,2025-12-18,Medicines,218140.31,Ordered,27,28,No
SPO102011,VND026,FAC004,2026-05-14,Consumables,220818.01,Partially Received,8,9,No
SPO102686,VND037,FAC002,2021-04-29,Equipment,45150.7,Received,21,17,Yes
SPO101786,VND026,FAC002,2026-03-19,Medical Supplies,78331.59,Received,26,31,No
SPO100088,VND018,FAC004,2025-01-22,Equipment,63867.84,Received,12,10,Yes
SPO100457,VND005,FAC003,2025-04-24,Medical Supplies,69217.02,Received,2,5,No
SPO101305,VND015,FAC004,2025-11-20,Lab Supplies,18690.68,Cancelled,8,7,Yes
SPO102925,VND019,FAC005,2023-08-20,Medicines,173467.31,Ordered,10,33,No
SPO103270,VND016,FAC001,2024-06-19,Medicines,80884.92,Received,16,21,No
SPO103227,VND040,FAC003,2026-03-24,Medicines,101827.63,Approved,7,28,No
SPO101988,VND026,FAC001,2026-05-08,Equipment,206625.24,Cancelled,26,30,No
SPO103754,VND038,FAC004,2024-06-26,Lab Supplies,93523.43,Received,14,16,No
