vendor_id,vendor_name,vendor_category,rating
VND001,Medical Supplier 001,Specialty Supplier,4.9
VND002,Medical Supplier 002,Pharmaceutical,4.6
VND003,Medical Supplier 003,Medical Distributor,3.1
VND004,Medical Supplier 004,Pharmaceutical,3.6
VND005,Medical Supplier 005,Specialty Supplier,2.8
VND006,Medical Supplier 006,Medical Distributor,4.4
VND007,Medical Supplier 007,Specialty Supplier,3.0
VND008,Medical Supplier 008,Specialty Supplier,3.6
VND009,Medical Supplier 009,Pharmaceutical,4.8
VND010,Medical Supplier 010,Pharmaceutical,3.1
VND011,Medical Supplier 011,Specialty Supplier,3.5
VND012,Medical Supplier 012,Pharmaceutical,4.6
VND013,Medical Supplier 013,Specialty Supplier,4.2
VND014,Medical Supplier 014,Specialty Supplier,4.5
VND015,Medical Supplier 015,Medical Distributor,4.9
VND016,Medical Supplier 016,Medical Distributor,4.8
VND017,Medical Supplier 017,Specialty Supplier,3.4
VND018,Medical Supplier 018,Medical Distributor,3.5
VND019,Medical Supplier 019,Specialty Supplier,3.0
VND020,Medical Supplier 020,Medical Distributor,3.6
VND021,Medical Supplier 021,Medical Distributor,4.5
VND022,Medical Supplier 022,Specialty Supplier,3.4
VND023,Medical Supplier 023,Medical Distributor,4.6
VND024,Medical Supplier 024,Pharmaceutical,4.1
VND025,Medical Supplier 025,Specialty Supplier,3.6
VND026,Medical Supplier 026,Pharmaceutical,3.7
VND027,Medical Supplier 027,Medical Distributor,4.5
VND028,Medical Supplier 028,Specialty Supplier,3.5
VND029,Medical Supplier 029,Pharmaceutical,4.4
VND030,Medical Supplier 030,Pharmaceutical,3.7
VND031,Medical Supplier 031,Pharmaceutical,3.6
VND032,Medical Supplier 032,Specialty Supplier,4.5
VND033,Medical Supplier 033,Specialty Supplier,4.2
VND034,Medical Supplier 034,Medical Distributor,3.3
VND035,Medical Supplier 035,Pharmaceutical,3.4
VND036,Medical Supplier 036,Medical Distributor,5.0
VND037,Medical Supplier 037,Specialty Supplier,4.9
VND038,Medical Supplier 038,Medical Distributor,3.7
VND039,Medical Supplier 039,Specialty Supplier,2.4
VND040,Medical Supplier 040,Medical Distributor,4.0
